path,title,id,category,priority,owner,target_volume,status,deps,word_count,headings,has_acceptance,has_dependencies,has_future,has_migration,has_engineering
HDR/00_PROJECT/README.md,00_PROJECT,,00_PROJECT,,,,,,37,1,False,False,False,False,False
HDR/00_PROJECT/Vision.md,Vision,,00_PROJECT,,,,,,120,3,False,False,False,False,False
HDR/00_PROJECT/Engineering_Decisions.md,Engineering Decisions,,00_PROJECT,,,,,,132,7,False,False,False,False,True
HDR/00_PROJECT/Roadmap.md,Roadmap,,00_PROJECT,,,,,,93,6,False,False,False,False,False
HDR/00_PROJECT/Glossary.md,Glossary,,00_PROJECT,,,,,,104,1,False,False,False,False,False
HDR/00_PROJECT/CHANGELOG.md,Changelog,,00_PROJECT,,,,,,33,2,False,False,False,False,True
HDR/00_PROJECT/Coverage_Audit_v0_2.md,Coverage Audit v0.2,,00_PROJECT,,,,,,368,12,False,False,True,False,True
HDR/00_PROJECT/CHANGELOG_v0_2.md,CHANGELOG v0.2,,00_PROJECT,,,,,,90,4,False,False,True,False,False
HDR/00_PROJECT/Coverage_Audit_v0_3.md,Coverage Audit v0.3,,00_PROJECT,,,,,,879,7,False,False,True,False,True
HDR/00_PROJECT/CHANGELOG_v0_3.md,HDR Changelog v0.3,,00_PROJECT,,,,,,43,1,False,False,False,False,False
HDR/00_PROJECT/CHANGELOG_v0_4.md,CHANGELOG — HDR v0.4 Phase Recovery Release,,00_PROJECT,,,,,,191,6,False,False,False,False,False
HDR/00_PROJECT/Coverage_Audit_v0_4_Phase_0_2.md,Coverage Audit — v0.4 Phase 0.1 through 2.0,,00_PROJECT,,,,,,104,5,False,False,False,False,False
HDR/00_PROJECT/Coverage_Audit_v0_4_Phase_2_3.md,Coverage Audit v0.4 — Phase 2.0–3.0,,00_PROJECT,,,,COMPLETE,,98,4,False,False,False,False,False
HDR/00_PROJECT/CHANGELOG_v0_5.md,CHANGELOG — HDR v0.5 Phase 0–4,,00_PROJECT,,,,,,91,4,False,False,False,False,True
HDR/00_PROJECT/Coverage_Audit_v0_5_Phase_3_4.md,Coverage Audit — HDR v0.5 Phase 3.0 → 4.0,,00_PROJECT,,,,,,127,4,False,False,True,False,True
HDR/00_PROJECT/Coverage_Audit_v0_7_corrected_Phase_5_6.md,Coverage Audit v0.7 Corrected — Phase 5.0 to Phase 6.0,,00_PROJECT,,,,,,105,5,False,False,False,False,False
HDR/00_PROJECT/CHANGELOG_v0_7_corrected.md,CHANGELOG — HDR v0.7 Corrected,,00_PROJECT,,,,,,76,4,False,False,False,False,False
HDR/00_PROJECT/Master_Index_Supplement_v0_8.md,Master Index Supplement v0.8 — Phase 6.0 to 7.x,,00_PROJECT,,,,,,1508,1,False,False,True,False,True
HDR/00_PROJECT/Coverage_Audit_v0_8_Phase_6_7x.md,Coverage Audit v0.8 — Phase 6.0 to 7.x,,00_PROJECT,,,,Recovery pass complete,,151,3,False,False,False,False,True
HDR/00_PROJECT/CHANGELOG_v0_8.md,CHANGELOG v0.8,,00_PROJECT,,,,,,44,3,False,False,False,False,False
HDR/01_CONSTITUTION/Constitution.md,Headquarters Constitution,,01_CONSTITUTION,,,,,,178,5,False,False,False,False,False
HDR/01_CONSTITUTION/Engineering_Commandments.md,Engineering Commandments,,01_CONSTITUTION,,,,,,94,1,False,False,False,False,True
HDR/01_CONSTITUTION/Rule_of_Elegance.md,Rule of Elegance,,01_CONSTITUTION,,,,,,88,2,False,False,False,False,False
HDR/01_CONSTITUTION/Founders_Principles.md,Founder's Principles,,01_CONSTITUTION,,,,,,113,3,False,False,False,False,False
HDR/02_INSTITUTION/README.md,02_INSTITUTION,,02_INSTITUTION,,,,,,14,1,False,False,False,False,False
HDR/02_INSTITUTION/Chain_of_Command.md,Chain of Command,,02_INSTITUTION,,,,,,62,2,False,False,False,False,False
HDR/03_BUILDING/Headquarters.md,Headquarters Building,,03_BUILDING,,,,,,96,3,False,False,False,False,True
HDR/04_OPERATOR/Operator_Model.md,Operator Model,,04_OPERATOR,,,,,,49,1,False,False,False,False,False
HDR/04_OPERATOR/Professional_Joe.md,Professional Joe,,04_OPERATOR,,,,,,52,1,False,False,False,False,False
HDR/04_OPERATOR/Behavioral_Systems.md,Behavioral Systems,,04_OPERATOR,,,,,,58,1,False,False,False,False,False
HDR/04_OPERATOR/Stewardship.md,Stewardship,,04_OPERATOR,,,,,,36,1,False,False,False,False,False
HDR/05_OPERATIONS/Mission_Lifecycle.md,Mission Lifecycle,,05_OPERATIONS,,,,,,52,1,False,False,False,False,False
HDR/05_OPERATIONS/Guardian_Protocol.md,Guardian Protocol,,05_OPERATIONS,,,,,,81,1,False,False,False,False,False
HDR/05_OPERATIONS/Authorization.md,Mission Authorization,,05_OPERATIONS,,,,,,56,1,False,False,False,False,False
HDR/05_OPERATIONS/Debrief.md,Debrief,,05_OPERATIONS,,,,,,45,1,False,False,False,False,False
HDR/05_OPERATIONS/Campaigns.md,Campaigns,,05_OPERATIONS,,,,,,37,1,False,False,False,False,False
HDR/06_INTELLIGENCE/Cognitive_Architecture.md,Cognitive Architecture,,06_INTELLIGENCE,,,,,,43,1,False,False,False,False,False
HDR/06_INTELLIGENCE/AI_Systems.md,AI Systems,,06_INTELLIGENCE,,,,,,42,1,False,False,False,False,False
HDR/06_INTELLIGENCE/Behavioral_Black_Box.md,Behavioral Black Box,,06_INTELLIGENCE,,,,,,64,1,False,False,False,False,False
HDR/06_INTELLIGENCE/Ghost.md,Ghost,,06_INTELLIGENCE,,,,,,48,1,False,False,False,False,False
HDR/07_HQOS/HQOS.md,Headquarters Operating System,,07_HQOS,,,,,,53,1,False,False,False,False,False
HDR/07_HQOS/Event_Bus.md,Event Bus,,07_HQOS,,,,,,30,1,False,False,False,False,False
HDR/07_HQOS/State_Engine.md,State Engine,,07_HQOS,,,,,,39,1,False,False,False,False,False
HDR/08_ARCHIVES/Archives.md,Archives,,08_ARCHIVES,,,,,,46,1,False,False,False,False,False
HDR/08_ARCHIVES/SQLite_Schema_Draft.md,SQLite Schema Draft,,08_ARCHIVES,,,,,,42,1,False,False,False,False,False
HDR/09_INTERFACE/Interface_Principles.md,Interface Principles,,09_INTERFACE,,,,,,40,1,False,False,False,False,False
HDR/10_ENGINEERING/Architecture.md,Engineering Architecture,,10_ENGINEERING,,,,,,58,1,False,False,False,False,True
HDR/10_ENGINEERING/Implementation_Order.md,Implementation Order,,10_ENGINEERING,,,,,,67,1,False,False,False,False,False
HDR/11_ACADEMY/Academy.md,Academy,,11_ACADEMY,,,,,,49,1,False,False,False,False,False
HDR/11_ACADEMY/Simulations.md,Simulations,,11_ACADEMY,,,,,,37,1,False,False,False,False,False
HDR/12_LEGACY/Founders_Journal.md,Founder's Journal,,12_LEGACY,,,,,,74,3,False,False,False,False,False
HDR/12_LEGACY/Evolution.md,Evolution,,12_LEGACY,,,,,,39,1,False,False,False,False,False
HDR/Registry/Master_Index.md,Master Index,,Registry,,,,,,974,1,False,False,False,False,True
HDR/Registry/Master_Index_v0_2.md,Headquarters Master Index v0.2,,Registry,,,,,,6310,310,False,False,True,False,True
HDR/Registry/Master_Index_v0_3.md,Headquarters Master Index v0.3,,Registry,,,,,,10092,1,False,True,True,False,True
HDR/13_PHASE_RECOVERY/README.md,Phase Recovery Index,,13_PHASE_RECOVERY,,,,,,131,4,False,False,False,False,True
HDR/13_PHASE_RECOVERY/Coverage_Audit_v0_6_Phase_4_5.md,Coverage Audit — HDR v0.6 Phase 4.0 → Phase 5.0,,13_PHASE_RECOVERY,,,,PASS FOR RECOVERY,,181,4,False,False,False,False,False
HDR/13_PHASE_RECOVERY/CHANGELOG_v0_6.md,CHANGELOG v0.6,,13_PHASE_RECOVERY,,,,,,90,3,False,False,False,False,False
HDR/13_PHASE_RECOVERY/Master_Index_Supplement_v0_6.md,Master Index Supplement — HDR v0.6,,13_PHASE_RECOVERY,,,,,,644,1,False,False,True,False,True
HDR/13_PHASE_RECOVERY/Master_Index_Supplement_v0_7_corrected.md,Master Index Supplement v0.7 Corrected — Phase 5.0 to 6.0,,13_PHASE_RECOVERY,,,,,,691,1,False,False,True,False,True
HDR/13_PHASE_RECOVERY/Phase_00_to_01/PH0-0001_Decision_Operating_System_Identity.md,PH0-0001 — Decision Operating System Identity,,Constitution,CORE,Headquarters Architecture,,SPECIFIED,Constitution; Mission Lifecycle; Interface Language,129,7,True,True,False,False,True
HDR/13_PHASE_RECOVERY/Phase_00_to_01/PH0-0002_Chief_Risk_Officer_Mission.md,PH0-0002 — Chief Risk Officer Mission,,Institution,CORE,Headquarters Architecture,,SPECIFIED,Guardian; Commander; Risk Engine,129,7,True,True,False,False,True
HDR/13_PHASE_RECOVERY/Phase_00_to_01/PH0-0003_TradingView_After_Authorization_Principle.md,PH0-0003 — TradingView After Authorization Principle,,Operations,CORE,Headquarters Architecture,,SPECIFIED,Mission State Engine; Ready Room; Authorization Terminal,137,7,True,True,False,False,True
HDR/13_PHASE_RECOVERY/Phase_00_to_01/PH0-0004_Operational_Readiness_Score.md,PH0-0004 — Operational Readiness Score,,Behavior System,CORE,Headquarters Architecture,,SPECIFIED,Operator Model; Medical Officer; Mission Briefing,129,7,True,True,False,False,True
HDR/13_PHASE_RECOVERY/Phase_00_to_01/PH0-0005_Mission_Integrity_Score.md,PH0-0005 — Mission Integrity Score,,Behavior System,CORE,Headquarters Architecture,,SPECIFIED,Mission Lifecycle; Debrief; Archives,132,7,True,True,False,False,True
HDR/13_PHASE_RECOVERY/Phase_00_to_01/PH0-0006_Threat_Level_System.md,PH0-0006 — Threat Level System,,Guardian,CORE,Headquarters Architecture,,SPECIFIED,Guardian; Lighting Engine; Mission State,123,7,True,True,False,False,True
HDR/13_PHASE_RECOVERY/Phase_00_to_01/PH0-0007_Execution_XP.md,PH0-0007 — Execution XP,,Behavior System,IMPORTANT,Headquarters Architecture,,SPECIFIED,Recognition Office; Archives; Discipline Ledger,126,7,True,True,False,False,True
HDR/13_PHASE_RECOVERY/Phase_00_to_01/PH0-0008_Account_Killer_Score.md,PH0-0008 — Account Killer Score,,Guardian,CORE,Headquarters Architecture,,SPECIFIED,Guardian; Black Box; Historian,123,7,True,True,False,False,True
HDR/13_PHASE_RECOVERY/Phase_00_to_01/PH0-0009_Edge_Quality_Score.md,PH0-0009 — Edge Quality Score,,Authorization,CORE,Headquarters Architecture,,SPECIFIED,Authorization Terminal; Doctrine Engine; Historian,126,7,True,True,False,False,True
HDR/13_PHASE_RECOVERY/Phase_00_to_01/PH0-0010_Outcome_vs_Execution_Separation.md,PH0-0010 — Outcome vs Execution Separation,,Operations,CORE,Headquarters Architecture,,SPECIFIED,Archives; Debrief; Commander,117,7,True,True,False,False,True
HDR/13_PHASE_RECOVERY/Phase_00_to_01/PH0-0011_Mission_State_Machine.md,PH0-0011 — Mission State Machine,,HQOS,CORE,Headquarters Architecture,,SPECIFIED,HQOS; Event Bus; Room Routing,130,7,True,True,False,False,True
HDR/13_PHASE_RECOVERY/Phase_00_to_01/PH0-0012_Mission_History_Not_Trade_History.md,PH0-0012 — Mission History Not Trade History,,Archives,CORE,Headquarters Architecture,,SPECIFIED,SQLite Schema; Archives,119,7,True,True,False,False,True
HDR/13_PHASE_RECOVERY/Phase_00_to_01/PH0-0013_Operation_Codename_Generator.md,PH0-0013 — Operation Codename Generator,,Experience,IMPORTANT,Headquarters Architecture,,SPECIFIED,Mission Engine; Archives; Interface,117,7,True,True,False,False,True
HDR/13_PHASE_RECOVERY/Phase_00_to_01/PH0-0014_Learning_Loop_Weekly_Review.md,PH0-0014 — Learning Loop Weekly Review,,Academy,CORE,Headquarters Architecture,,SPECIFIED,Historian; Academy; Campaign System,117,7,True,True,False,False,True
HDR/13_PHASE_RECOVERY/Phase_00_to_01/Phase_00_to_01_Summary.md,Phase 0.1–1.0 Recovery Summary,,13_PHASE_RECOVERY,,,,,,71,1,False,False,False,False,False
HDR/13_PHASE_RECOVERY/Phase_01_to_02/PH1-0001_SOP-001_Mission_Start_Procedure.md,PH1-0001 — SOP-001 Mission Start Procedure,SOP-001,SOP,CORE,Headquarters Architecture,,SPECIFIED,Mission State Engine; Ready Room,118,7,True,True,False,False,True
HDR/13_PHASE_RECOVERY/Phase_01_to_02/PH1-0002_SOP-002_Market_Preparation_Procedure.md,PH1-0002 — SOP-002 Market Preparation Procedure,SOP-002,SOP,CORE,Headquarters Architecture,,SPECIFIED,War Room; Archives,123,7,True,True,False,False,True
HDR/13_PHASE_RECOVERY/Phase_01_to_02/PH1-0003_SOP-003_Standby_Procedure.md,PH1-0003 — SOP-003 Standby Procedure,SOP-003,SOP,CORE,Headquarters Architecture,,SPECIFIED,Observation Room; Recognition Office,119,7,True,True,False,False,True
HDR/13_PHASE_RECOVERY/Phase_01_to_02/PH1-0004_SOP-004_Mission_Authorization.md,PH1-0004 — SOP-004 Mission Authorization,SOP-004,SOP,CORE,Headquarters Architecture,,SPECIFIED,Authorization Terminal; Guardian; Doctrine Engine,120,7,True,True,False,False,True
HDR/13_PHASE_RECOVERY/Phase_01_to_02/PH1-0005_SOP-005_Trade_Management.md,PH1-0005 — SOP-005 Trade Management,SOP-005,SOP,CORE,Headquarters Architecture,,SPECIFIED,Execution Room; Mission State,119,7,True,True,False,False,True
HDR/13_PHASE_RECOVERY/Phase_01_to_02/PH1-0006_SOP-006_Losing_Trade_Procedure.md,PH1-0006 — SOP-006 Losing Trade Procedure,SOP-006,SOP,CORE,Headquarters Architecture,,SPECIFIED,Debrief; Threat Engine,113,7,True,True,False,False,True
HDR/13_PHASE_RECOVERY/Phase_01_to_02/PH1-0007_SOP-007_Winning_Trade_Procedure.md,PH1-0007 — SOP-007 Winning Trade Procedure,SOP-007,SOP,CORE,Headquarters Architecture,,SPECIFIED,Complacency Division; Guardian,119,7,True,True,False,False,True
HDR/13_PHASE_RECOVERY/Phase_01_to_02/PH1-0008_SOP-008_Profit_Defense_Procedure.md,PH1-0008 — SOP-008 Profit Defense Procedure,SOP-008,SOP,CORE,Headquarters Architecture,,SPECIFIED,Guardian; Operation Sunset,118,7,True,True,False,False,True
HDR/13_PHASE_RECOVERY/Phase_01_to_02/PH1-0009_SOP-009_Damage_Control_Procedure.md,PH1-0009 — SOP-009 Damage Control Procedure,SOP-009,SOP,CORE,Headquarters Architecture,,SPECIFIED,Threat Engine; Recovery Room,120,7,True,True,False,False,True
HDR/13_PHASE_RECOVERY/Phase_01_to_02/PH1-0010_SOP-010_Weekend_Protocol.md,PH1-0010 — SOP-010 Weekend Protocol,SOP-010,SOP,CORE,Headquarters Architecture,,SPECIFIED,Guardian; Calendar; Funded Mode,112,7,True,True,False,False,True
HDR/13_PHASE_RECOVERY/Phase_01_to_02/PH1-0011_SOP-011_Drawdown_Recovery_Procedure.md,PH1-0011 — SOP-011 Drawdown Recovery Procedure,SOP-011,SOP,CORE,Headquarters Architecture,,SPECIFIED,Guardian; Mission Objective Engine,120,7,True,True,False,False,True
HDR/13_PHASE_RECOVERY/Phase_01_to_02/PH1-0012_SOP-012_Winning_Streak_Protocol.md,PH1-0012 — SOP-012 Winning Streak Protocol,SOP-012,SOP,CORE,Headquarters Architecture,,SPECIFIED,Complacency Division; Guardian,111,7,True,True,False,False,True
HDR/13_PHASE_RECOVERY/Phase_01_to_02/PH1-0013_SOP-013_Re-entry_Protocol.md,PH1-0013 — SOP-013 Re-entry Protocol,SOP-013,SOP,CORE,Headquarters Architecture,,SPECIFIED,Mission State; Authorization,121,7,True,True,False,False,True
HDR/13_PHASE_RECOVERY/Phase_01_to_02/PH1-0014_SOP-014_Missed_Trade_Protocol.md,PH1-0014 — SOP-014 Missed Trade Protocol,SOP-014,SOP,CORE,Headquarters Architecture,,SPECIFIED,Observation Room; Recognition Office,119,7,True,True,False,False,True
HDR/13_PHASE_RECOVERY/Phase_01_to_02/PH1-0015_SOP_Versioning.md,PH1-0015 — SOP Versioning,,Doctrine,CORE,Headquarters Architecture,,SPECIFIED,Doctrine Library; Archives,110,7,True,True,False,False,True
HDR/13_PHASE_RECOVERY/Phase_01_to_02/PH1-0016_Rule_Provenance.md,PH1-0016 — Rule Provenance,,Doctrine,CORE,Headquarters Architecture,,SPECIFIED,Doctrine Library; Historian,115,7,True,True,False,False,True
HDR/13_PHASE_RECOVERY/Phase_01_to_02/PH1-0017_Rule_Book_Living_Operations_Manual.md,PH1-0017 — Rule Book Living Operations Manual,,Doctrine,CORE,Headquarters Architecture,,SPECIFIED,Doctrine Engine; Interface,120,7,True,True,False,False,True
HDR/13_PHASE_RECOVERY/Phase_01_to_02/Phase_01_to_02_Summary.md,Phase 1.0–2.0 Recovery Summary,,13_PHASE_RECOVERY,,,,,,69,1,False,False,False,False,False
HDR/13_PHASE_RECOVERY/Phase_02_to_03/PH2-0001_Four_Command_Structure.md,PH2-0001 — Four Command Structure,,Institution,CORE,Headquarters Architecture,,SPECIFIED,Council; Department Bus; Operator Model,127,7,True,True,False,False,True
HDR/13_PHASE_RECOVERY/Phase_02_to_03/PH2-0002_Commander_Strategic_Role.md,PH2-0002 — Commander Strategic Role,,Institution,CORE,Headquarters Architecture,,SPECIFIED,Council; Confidence System; Mission State,117,7,True,True,False,False,True
HDR/13_PHASE_RECOVERY/Phase_02_to_03/PH2-0003_Operations_Officer_Procedural_Role.md,PH2-0003 — Operations Officer Procedural Role,,Institution,CORE,Headquarters Architecture,,SPECIFIED,Mission Lifecycle; SOP Registry,116,7,True,True,False,False,True
HDR/13_PHASE_RECOVERY/Phase_02_to_03/PH2-0004_Intelligence_Officer_Pattern_Role.md,PH2-0004 — Intelligence Officer Pattern Role,,Institution,IMPORTANT,Headquarters Architecture,,SPECIFIED,Archives; Behavior Engine,119,7,True,True,False,False,True
HDR/13_PHASE_RECOVERY/Phase_02_to_03/PH2-0005_Medical_Officer_Recovery_Role.md,PH2-0005 — Medical Officer Recovery Role,,Institution,CORE,Headquarters Architecture,,SPECIFIED,Operator Model; Recovery Room,117,7,True,True,False,False,True
HDR/13_PHASE_RECOVERY/Phase_02_to_03/PH2-0006_Historian_Memory_Role.md,PH2-0006 — Historian Memory Role,,Institution,CORE,Headquarters Architecture,,SPECIFIED,Archives; Similarity Search,114,7,True,True,False,False,True
HDR/13_PHASE_RECOVERY/Phase_02_to_03/PH2-0007_Archives_Structure.md,PH2-0007 — Archives Structure,,Archives,CORE,Headquarters Architecture,,SPECIFIED,SQLite Schema; Archive Engine,131,7,True,True,False,False,True
HDR/13_PHASE_RECOVERY/Phase_02_to_03/PH2-0008_Dispatches_Instead_of_Notifications.md,PH2-0008 — Dispatches Instead of Notifications,,Interface,IMPORTANT,Headquarters Architecture,,SPECIFIED,Department Bus; UI Shell,114,7,True,True,False,False,True
HDR/13_PHASE_RECOVERY/Phase_02_to_03/PH2-0009_Mission_Report.md,PH2-0009 — Mission Report,,Operations,CORE,Headquarters Architecture,,SPECIFIED,Debrief; Archives; Council,118,7,True,True,False,False,True
HDR/13_PHASE_RECOVERY/Phase_02_to_03/PH2-0010_Self-Aware_Headquarters.md,PH2-0010 — Self-Aware Headquarters,,Institution,IMPORTANT,Headquarters Architecture,,SPECIFIED,Doctrine Engine; Engineer; Historian,119,7,True,True,False,False,True
HDR/13_PHASE_RECOVERY/Phase_02_to_03/PH2-0011_Dynamic_Doctrine_Retirement.md,PH2-0011 — Dynamic Doctrine Retirement,,Doctrine,IMPORTANT,Headquarters Architecture,,SPECIFIED,Doctrine Library; Historian,119,7,True,True,False,False,True
HDR/13_PHASE_RECOVERY/Phase_02_to_03/PH2-0012_Preserve_Professional_Joe_Mission.md,PH2-0012 — Preserve Professional Joe Mission,,Constitution,FOUNDATIONAL,Headquarters Architecture,,SPECIFIED,Constitution; Command Chair,119,7,True,True,False,False,True
HDR/13_PHASE_RECOVERY/Phase_02_to_03/PH2-0013_Headquarters_Has_Weight.md,PH2-0013 — Headquarters Has Weight,,Experience,IMPORTANT,Headquarters Architecture,,SPECIFIED,Building Registry; Environmental Bible,119,7,True,True,False,False,True
HDR/13_PHASE_RECOVERY/Phase_02_to_03/PH2-0014_Headquarters_Exists_Without_You.md,PH2-0014 — Headquarters Exists Without You,,Experience,IMPORTANT,Headquarters Architecture,,SPECIFIED,Night Operations; Boot Sequence,113,7,True,True,False,False,True
HDR/13_PHASE_RECOVERY/Phase_02_to_03/PH2-0015_Shift_Change_Ritual.md,PH2-0015 — Shift Change Ritual,,Ceremony,IMPORTANT,Headquarters Architecture,,SPECIFIED,Rhythm Engine; Mission Calendar,112,7,True,True,False,False,True
HDR/13_PHASE_RECOVERY/Phase_02_to_03/PH2-0016_Watch_Floor.md,PH2-0016 — Watch Floor,,Room,IMPORTANT,Headquarters Architecture,,SPECIFIED,Operations Board; Situation Clock,120,7,True,True,False,False,True
HDR/13_PHASE_RECOVERY/Phase_02_to_03/PH2-0017_Capital_Deployment_Language.md,PH2-0017 — Capital Deployment Language,,Language,CORE,Headquarters Architecture,,SPECIFIED,Glossary; Interface Bible,116,7,True,True,False,False,True
HDR/13_PHASE_RECOVERY/Phase_02_to_03/PH2-0018_Mission_Capital_Terminology.md,PH2-0018 — Mission Capital Terminology,,Language,CORE,Headquarters Architecture,,SPECIFIED,Funded Mode; Stewardship Engine,113,7,True,True,False,False,True
HDR/13_PHASE_RECOVERY/Phase_02_to_03/PH2-0019_Situation_Clock.md,PH2-0019 — Situation Clock,,Interface,IMPORTANT,Headquarters Architecture,,SPECIFIED,Operations Calendar,118,7,True,True,False,False,True
HDR/13_PHASE_RECOVERY/Phase_02_to_03/PH2-0020_Operator_Presence_Detection.md,PH2-0020 — Operator Presence Detection,,Behavior,IMPORTANT,Headquarters Architecture,,SPECIFIED,Behavior Engine; Privacy Design,119,7,True,True,False,False,True
HDR/13_PHASE_RECOVERY/Phase_02_to_03/PH2-0021_Environmental_Psychology_State.md,PH2-0021 — Environmental Psychology State,,Experience,IMPORTANT,Headquarters Architecture,,SPECIFIED,Lighting Engine; Mission Integrity,117,7,True,True,False,False,True
HDR/13_PHASE_RECOVERY/Phase_02_to_03/PH2-0022_Headquarters_Never_Panics.md,PH2-0022 — Headquarters Never Panics,,Constitution,FOUNDATIONAL,Headquarters Architecture,,SPECIFIED,Design Constitution; Error Handling,116,7,True,True,False,False,True
HDR/13_PHASE_RECOVERY/Phase_02_to_03/PH2-0023_Tactical_Corridor_Doctrines.md,PH2-0023 — Tactical Corridor Doctrines,,Experience,IMPORTANT,Headquarters Architecture,,SPECIFIED,Transition System; Doctrine Library,112,7,True,True,False,False,True
HDR/13_PHASE_RECOVERY/Phase_02_to_03/PH2-0024_No_Good_Luck_Rule.md,PH2-0024 — No Good Luck Rule,,Language,FOUNDATIONAL,Headquarters Architecture,,SPECIFIED,AI Speech Bible,114,7,True,True,False,False,True
HDR/13_PHASE_RECOVERY/Phase_02_to_03/PH2-0025_Cost_of_Breaking_Doctrine_Display.md,PH2-0025 — Cost of Breaking Doctrine Display,,Interface,IMPORTANT,Headquarters Architecture,,SPECIFIED,Archives; Doctrine Engine,115,7,True,True,False,False,True
HDR/13_PHASE_RECOVERY/Phase_02_to_03/PH2-0026_Operator_Shadow.md,PH2-0026 — Operator Shadow,,Experience,OPTIONAL,Headquarters Architecture,,SPECIFIED,Identity Engine; Lighting,114,7,True,True,False,False,True
HDR/13_PHASE_RECOVERY/Phase_02_to_03/PH2-0027_Morning_Arrival_Ritual.md,PH2-0027 — Morning Arrival Ritual,,Ceremony,CORE,Headquarters Architecture,,SPECIFIED,Rhythm Engine; Ready Room,112,7,True,True,False,False,True
HDR/13_PHASE_RECOVERY/Phase_02_to_03/PH2-0028_Mission_Readiness_Report.md,PH2-0028 — Mission Readiness Report,,Operations,CORE,Headquarters Architecture,,SPECIFIED,Operational Readiness Score,109,7,True,True,False,False,True
HDR/13_PHASE_RECOVERY/Phase_02_to_03/PH2-0029_Deployment_Ritual.md,PH2-0029 — Deployment Ritual,,Ceremony,CORE,Headquarters Architecture,,SPECIFIED,Ready Room; Tactical Breathing,113,7,True,True,False,False,True
HDR/13_PHASE_RECOVERY/Phase_02_to_03/PH2-0030_Unconscious_Tactical_Breathing.md,PH2-0030 — Unconscious Tactical Breathing,,Experience,IMPORTANT,Headquarters Architecture,,SPECIFIED,Pulse System; Animation Bible,111,7,True,True,False,False,True
HDR/13_PHASE_RECOVERY/Phase_02_to_03/PH2-0031_Patience_Acknowledgement.md,PH2-0031 — Patience Acknowledgement,,Behavior,CORE,Headquarters Architecture,,SPECIFIED,Observation Room; Recognition Office,109,7,True,True,False,False,True
HDR/13_PHASE_RECOVERY/Phase_02_to_03/PH2-0032_Discipline_Ledger.md,PH2-0032 — Discipline Ledger,,Operations,IMPORTANT,Headquarters Architecture,,SPECIFIED,Execution XP; Archives,111,7,True,True,False,False,True
HDR/13_PHASE_RECOVERY/Phase_02_to_03/PH2-0033_Mission_Temperature.md,PH2-0033 — Mission Temperature,,Behavior,IMPORTANT,Headquarters Architecture,,SPECIFIED,Behavior Engine; Mission Pulse,112,7,True,True,False,False,True
HDR/13_PHASE_RECOVERY/Phase_02_to_03/PH2-0034_Ready_Chair_Identity_Question.md,PH2-0034 — Ready Chair Identity Question,,Identity,IMPORTANT,Headquarters Architecture,,SPECIFIED,Identity Engine,111,7,True,True,False,False,True
HDR/13_PHASE_RECOVERY/Phase_02_to_03/PH2-0035_Future_Operator.md,PH2-0035 — Future Operator,,Identity,IMPORTANT,Headquarters Architecture,,SPECIFIED,Legacy Engine,110,7,True,True,True,False,True
HDR/13_PHASE_RECOVERY/Phase_02_to_03/PH2-0036_Legacy_Scale.md,PH2-0036 — Legacy Scale,,Legacy,IMPORTANT,Headquarters Architecture,,SPECIFIED,Legacy Engine; Career Timeline,113,7,True,True,False,False,True
HDR/13_PHASE_RECOVERY/Phase_02_to_03/PH2-0037_Mission_Seal.md,PH2-0037 — Mission Seal,,Archives,IMPORTANT,Headquarters Architecture,,SPECIFIED,Archive Engine; Debrief,108,7,True,True,False,False,True
HDR/13_PHASE_RECOVERY/Phase_02_to_03/PH2-0038_Courage_Documented.md,PH2-0038 — Courage Documented,,Recognition,IMPORTANT,Headquarters Architecture,,SPECIFIED,Recognition Office,106,7,True,True,False,False,True
HDR/13_PHASE_RECOVERY/Phase_02_to_03/PH2-0039_Uphold_The_Institution_Question.md,PH2-0039 — Uphold The Institution Question,,Debrief,CORE,Headquarters Architecture,,SPECIFIED,Debrief Engine,110,7,True,True,False,False,True
HDR/13_PHASE_RECOVERY/Phase_02_to_03/PH2-0040_Founders_Office_Origin_Plaque.md,PH2-0040 — Founders Office Origin Plaque,,Legacy,IMPORTANT,Headquarters Architecture,,SPECIFIED,Founders Office,114,7,True,True,False,False,True
HDR/13_PHASE_RECOVERY/Phase_02_to_03/PH2-0041_Headquarters_Preamble.md,PH2-0041 — Headquarters Preamble,,Constitution,FOUNDATIONAL,Headquarters Architecture,,SPECIFIED,Constitution,110,7,True,True,False,False,True
HDR/13_PHASE_RECOVERY/Phase_02_to_03/PH2-0042_Calm_Reinforcement_Messages.md,PH2-0042 — Calm Reinforcement Messages,,AI,IMPORTANT,Headquarters Architecture,,SPECIFIED,Commander; Observation Room,112,7,True,True,False,False,True
HDR/13_PHASE_RECOVERY/Phase_02_to_03/PH2-0043_Patience_Meter_Internal.md,PH2-0043 — Patience Meter Internal,,Behavior,IMPORTANT,Headquarters Architecture,,SPECIFIED,Behavior Engine,111,7,True,True,False,False,True
HDR/13_PHASE_RECOVERY/Phase_02_to_03/PH2-0044_Pulse_System.md,PH2-0044 — Pulse System,,Environment,IMPORTANT,Headquarters Architecture,,SPECIFIED,HQOS Heartbeat; Lighting,108,7,True,True,False,False,True
HDR/13_PHASE_RECOVERY/Phase_02_to_03/PH2-0045_Synchronization_Moment.md,PH2-0045 — Synchronization Moment,,Experience,IMPORTANT,Headquarters Architecture,,SPECIFIED,Pulse System; Tempo Detection,114,7,True,True,False,False,True
HDR/13_PHASE_RECOVERY/Phase_02_to_03/PH2-0046_Mission_Friction.md,PH2-0046 — Mission Friction,,Operations,CORE,Headquarters Architecture,,SPECIFIED,Rule Engine; Authorization,113,7,True,True,False,False,True
HDR/13_PHASE_RECOVERY/Phase_02_to_03/PH2-0047_Reverse_Countdown_Override.md,PH2-0047 — Reverse Countdown Override,,Operations,CORE,Headquarters Architecture,,SPECIFIED,Guardian Lock; Override System,113,7,True,True,False,False,True
HDR/13_PHASE_RECOVERY/Phase_02_to_03/PH2-0048_Operational_Tempo_Detection.md,PH2-0048 — Operational Tempo Detection,,Behavior,CORE,Headquarters Architecture,,SPECIFIED,Behavior Engine,108,7,True,True,False,False,True
HDR/13_PHASE_RECOVERY/Phase_02_to_03/PH2-0049_Environmental_Drift.md,PH2-0049 — Environmental Drift,,Environment,IMPORTANT,Headquarters Architecture,,SPECIFIED,Lighting Engine; Audio Engine,114,7,True,True,False,False,True
HDR/13_PHASE_RECOVERY/Phase_02_to_03/PH2-0050_Welcome_Home_Return.md,PH2-0050 — Welcome Home Return,,Ceremony,IMPORTANT,Headquarters Architecture,,SPECIFIED,Return To Base,111,7,True,True,False,False,True
HDR/13_PHASE_RECOVERY/Phase_02_to_03/PH2-0051_Mission_Bell.md,PH2-0051 — Mission Bell,,Audio,IMPORTANT,Headquarters Architecture,,SPECIFIED,Audio Bible; Mission Integrity,111,7,True,True,False,False,True
HDR/13_PHASE_RECOVERY/Phase_02_to_03/PH2-0052_Quiet_Victory_Recognition.md,PH2-0052 — Quiet Victory Recognition,,Recognition,IMPORTANT,Headquarters Architecture,,SPECIFIED,Archives,105,7,True,True,False,False,True
HDR/13_PHASE_RECOVERY/Phase_02_to_03/PH2-0053_Silence_As_Approval.md,PH2-0053 — Silence As Approval,,Experience,FOUNDATIONAL,Headquarters Architecture,,SPECIFIED,Trust Engine; AI Speech Rules,111,7,True,True,False,False,True
HDR/13_PHASE_RECOVERY/Phase_02_to_03/PH2-0054_Headquarters_As_Nervous_System.md,PH2-0054 — Headquarters As Nervous System,,Constitution,FOUNDATIONAL,Headquarters Architecture,,SPECIFIED,Academy; Trust Engine,113,7,True,True,False,False,True
HDR/13_PHASE_RECOVERY/Phase_02_to_03/PH2-0055_Headquarters_Established_Splash.md,PH2-0055 — Headquarters Established Splash,,Interface,IMPORTANT,Headquarters Architecture,,SPECIFIED,Boot Sequence,109,7,True,True,False,False,True
HDR/13_PHASE_RECOVERY/Phase_02_to_03/PH2-0056_Founding_Principles_Wall.md,PH2-0056 — Founding Principles Wall,,Building,IMPORTANT,Headquarters Architecture,,SPECIFIED,Entrance Hall; Constitution,118,7,True,True,False,False,True
HDR/13_PHASE_RECOVERY/Phase_02_to_03/PH2-0057_Founding_Story.md,PH2-0057 — Founding Story,,Legacy,CORE,Headquarters Architecture,,SPECIFIED,Founders Office; Legacy Vault,113,7,True,True,False,False,True
HDR/13_PHASE_RECOVERY/Phase_02_to_03/PH2-0058_Founder_Wall_Lost_Accounts.md,PH2-0058 — Founder Wall Lost Accounts,,Legacy,IMPORTANT,Headquarters Architecture,,SPECIFIED,Archives; Hall of Fallen Missions,115,7,True,True,False,False,True
HDR/13_PHASE_RECOVERY/Phase_02_to_03/PH2-0059_Eternal_Flame.md,PH2-0059 — Eternal Flame,,Building,IMPORTANT,Headquarters Architecture,,SPECIFIED,Lighting Engine; Constitution Hall,112,7,True,True,False,False,True
HDR/13_PHASE_RECOVERY/Phase_02_to_03/PH2-0060_Founders_Oath.md,PH2-0060 — Founders Oath,,Ceremony,CORE,Headquarters Architecture,,SPECIFIED,First Launch; Constitution,109,7,True,True,False,False,True
HDR/13_PHASE_RECOVERY/Phase_02_to_03/PH2-0061_Commander_Never_Says_Goodbye.md,PH2-0061 — Commander Never Says Goodbye,,Language,IMPORTANT,Headquarters Architecture,,SPECIFIED,Shutdown Sequence,104,7,True,True,False,False,True
HDR/13_PHASE_RECOVERY/Phase_02_to_03/PH2-0062_Night_Watch.md,PH2-0062 — Night Watch,,Operations,IMPORTANT,Headquarters Architecture,,SPECIFIED,Night Operations,107,7,True,True,False,False,True
HDR/13_PHASE_RECOVERY/Phase_02_to_03/PH2-0063_Doctrine_Not_Editable_During_Combat.md,PH2-0063 — Doctrine Not Editable During Combat,,Doctrine,CORE,Headquarters Architecture,,SPECIFIED,Doctrine Engine; Mission State,115,7,True,True,False,False,True
HDR/13_PHASE_RECOVERY/Phase_02_to_03/PH2-0064_Negotiation_Detection.md,PH2-0064 — Negotiation Detection,,Behavior,CORE,Headquarters Architecture,,SPECIFIED,Phrase Library; Internal Affairs,115,7,True,True,False,False,True
HDR/13_PHASE_RECOVERY/Phase_02_to_03/PH2-0065_Internal_Tribunal.md,PH2-0065 — Internal Tribunal,,Institution,IMPORTANT,Headquarters Architecture,,SPECIFIED,Internal Affairs; Black Box,113,7,True,True,False,False,True
HDR/13_PHASE_RECOVERY/Phase_02_to_03/PH2-0066_We_Do_Not_Repeat_Expensive_Lessons.md,PH2-0066 — We Do Not Repeat Expensive Lessons,,Doctrine,FOUNDATIONAL,Headquarters Architecture,,SPECIFIED,Constitution,106,7,True,True,False,False,True
HDR/13_PHASE_RECOVERY/Phase_02_to_03/PH2-0067_Institutional_Trust.md,PH2-0067 — Institutional Trust,,Trust,CORE,Headquarters Architecture,,SPECIFIED,Trust Engine,108,7,True,True,False,False,True
HDR/13_PHASE_RECOVERY/Phase_02_to_03/PH2-0068_Professionalism_Standards_Entrance.md,PH2-0068 — Professionalism Standards Entrance,,Culture,IMPORTANT,Headquarters Architecture,,SPECIFIED,Culture; Entrance Hall,106,7,True,True,False,False,True
HDR/13_PHASE_RECOVERY/Phase_02_to_03/PH2-0069_Entrance_Hall_Crest_And_Motto.md,PH2-0069 — Entrance Hall Crest And Motto,,Building,CORE,Headquarters Architecture,,SPECIFIED,Crest; Entrance Hall,114,7,True,True,False,False,True
HDR/13_PHASE_RECOVERY/Phase_02_to_03/PH2-0070_Headquarters_Crest_Quadrants.md,PH2-0070 — Headquarters Crest Quadrants,,Brand,IMPORTANT,Headquarters Architecture,,SPECIFIED,Asset Bible,109,7,True,True,False,False,True
HDR/13_PHASE_RECOVERY/Phase_02_to_03/PH2-0071_Latin_Motto_Options.md,PH2-0071 — Latin Motto Options,,Brand,OPTIONAL,Headquarters Architecture,,SPECIFIED,Branding; Legacy,108,7,True,True,False,False,True
HDR/13_PHASE_RECOVERY/Phase_02_to_03/PH2-0072_Headquarters_Standards.md,PH2-0072 — Headquarters Standards,,Culture,CORE,Headquarters Architecture,,SPECIFIED,Constitution; Academy,112,7,True,True,False,False,True
HDR/13_PHASE_RECOVERY/Phase_02_to_03/PH2-0073_Headquarters_Library.md,PH2-0073 — Headquarters Library,,Archives,IMPORTANT,Headquarters Architecture,,SPECIFIED,Archives UI,106,7,True,True,False,False,True
HDR/13_PHASE_RECOVERY/Phase_02_to_03/PH2-0074_Doctrine_Printer.md,PH2-0074 — Doctrine Printer,,Environment,IMPORTANT,Headquarters Architecture,,SPECIFIED,Doctrine Engine; Audio Bible,108,7,True,True,False,False,True
HDR/13_PHASE_RECOVERY/Phase_02_to_03/PH2-0075_Headquarters_Seasons.md,PH2-0075 — Headquarters Seasons,,Environment,OPTIONAL,Headquarters Architecture,,SPECIFIED,Institution Maturity,110,7,True,True,False,False,True
HDR/13_PHASE_RECOVERY/Phase_02_to_03/PH2-0076_Observatory_Strategic_Room.md,PH2-0076 — Observatory Strategic Room,,Room,IMPORTANT,Headquarters Architecture,,SPECIFIED,Legacy Engine; Time Architecture,110,7,True,True,False,False,True
HDR/13_PHASE_RECOVERY/Phase_02_to_03/PH2-0077_Institutional_Calendar.md,PH2-0077 — Institutional Calendar,,Operations,IMPORTANT,Headquarters Architecture,,SPECIFIED,Archives; Rhythm Engine,108,7,True,True,False,False,True
HDR/13_PHASE_RECOVERY/Phase_02_to_03/PH2-0078_Empty_Chair.md,PH2-0078 — Empty Chair,,Identity,IMPORTANT,Headquarters Architecture,,SPECIFIED,Legacy Wall,104,7,True,True,False,False,True
HDR/13_PHASE_RECOVERY/Phase_02_to_03/PH2-0079_Habit_Retirement_Ceremony.md,PH2-0079 — Habit Retirement Ceremony,,Ceremony,IMPORTANT,Headquarters Architecture,,SPECIFIED,Behavior Engine; Academy,104,7,True,True,False,False,True
HDR/13_PHASE_RECOVERY/Phase_02_to_03/PH2-0080_Enemy_Intelligence_Board.md,PH2-0080 — Enemy Intelligence Board,,Intelligence,CORE,Headquarters Architecture,,SPECIFIED,Behavior Engine; Intelligence Wall,112,7,True,True,False,False,True
HDR/13_PHASE_RECOVERY/Phase_02_to_03/PH2-0081_Hall_Of_Quiet_Victories.md,PH2-0081 — Hall Of Quiet Victories,,Room,IMPORTANT,Headquarters Architecture,,SPECIFIED,Recognition Office,108,7,True,True,False,False,True
HDR/13_PHASE_RECOVERY/Phase_02_to_03/PH2-0082_Environment_As_Discipline_Carrier.md,PH2-0082 — Environment As Discipline Carrier,,Constitution,FOUNDATIONAL,Headquarters Architecture,,SPECIFIED,Constitution,105,7,True,True,False,False,True
HDR/13_PHASE_RECOVERY/Phase_02_to_03/PH2-0083_Passive_Observation.md,PH2-0083 — Passive Observation,,HQOS,CORE,Headquarters Architecture,,SPECIFIED,Event Bus; Trust,108,7,True,True,False,False,True
HDR/13_PHASE_RECOVERY/Phase_02_to_03/PH2-0084_Operational_Load.md,PH2-0084 — Operational Load,,Medical,CORE,Headquarters Architecture,,SPECIFIED,Medical Officer; Operator Model,112,7,True,True,False,False,True
HDR/13_PHASE_RECOVERY/Phase_02_to_03/PH2-0085_Cognitive_Bandwidth.md,PH2-0085 — Cognitive Bandwidth,,Medical,IMPORTANT,Headquarters Architecture,,SPECIFIED,Judgment Engine,106,7,True,True,False,False,True
HDR/13_PHASE_RECOVERY/Phase_02_to_03/PH2-0086_Recovery_Window.md,PH2-0086 — Recovery Window,,Recovery,IMPORTANT,Headquarters Architecture,,SPECIFIED,Recovery Room; Medical Officer,113,7,True,True,False,False,True
HDR/13_PHASE_RECOVERY/Phase_02_to_03/PH2-0087_Mission_Fatigue.md,PH2-0087 — Mission Fatigue,,Medical,IMPORTANT,Headquarters Architecture,,SPECIFIED,Rhythm Engine,105,7,True,True,False,False,True
HDR/13_PHASE_RECOVERY/Phase_02_to_03/PH2-0088_Shift_Log.md,PH2-0088 — Shift Log,,Operations,IMPORTANT,Headquarters Architecture,,SPECIFIED,Shutdown Sequence; Archives,108,7,True,True,False,False,True
HDR/13_PHASE_RECOVERY/Phase_02_to_03/PH2-0089_Emergency_Lighting.md,PH2-0089 — Emergency Lighting,,Environment,IMPORTANT,Headquarters Architecture,,SPECIFIED,Threat Level; Lighting Engine,114,7,True,True,False,False,True
HDR/13_PHASE_RECOVERY/Phase_02_to_03/PH2-0090_Situation_Report.md,PH2-0090 — Situation Report,,Operations,IMPORTANT,Headquarters Architecture,,SPECIFIED,Operations Officer; Commander,109,7,True,True,False,False,True
HDR/13_PHASE_RECOVERY/Phase_02_to_03/PH2-0091_Observation_Is_Not_Inactivity.md,PH2-0091 — Observation Is Not Inactivity,,Culture,CORE,Headquarters Architecture,,SPECIFIED,Observation Room; Presence Detection,111,7,True,True,False,False,True
HDR/13_PHASE_RECOVERY/Phase_02_to_03/PH2-0092_War_Room_Glass_Wall.md,PH2-0092 — War Room Glass Wall,,Environment,OPTIONAL,Headquarters Architecture,,SPECIFIED,War Room,108,7,True,True,False,False,True
HDR/13_PHASE_RECOVERY/Phase_02_to_03/PH2-0093_Tactical_Journal.md,PH2-0093 — Tactical Journal,,Archives,IMPORTANT,Headquarters Architecture,,SPECIFIED,Archives; Commander,108,7,True,True,False,False,True
HDR/13_PHASE_RECOVERY/Phase_02_to_03/PH2-0094_Living_Constitution.md,PH2-0094 — Living Constitution,,Doctrine,CORE,Headquarters Architecture,,SPECIFIED,Doctrine Engine,106,7,True,True,False,False,True
HDR/13_PHASE_RECOVERY/Phase_02_to_03/PH2-0095_Operations_Flag.md,PH2-0095 — Operations Flag,,Environment,IMPORTANT,Headquarters Architecture,,SPECIFIED,Integrity Engine; Lighting,109,7,True,True,False,False,True
HDR/13_PHASE_RECOVERY/Phase_02_to_03/PH2-0096_Return_To_Civilian_Life_Door.md,PH2-0096 — Return To Civilian Life Door,,Ceremony,IMPORTANT,Headquarters Architecture,,SPECIFIED,Shutdown Sequence,110,7,True,True,False,False,True
HDR/13_PHASE_RECOVERY/Phase_02_to_03/PH2-0097_Conditions_For_Discipline_Axiom.md,PH2-0097 — Conditions For Discipline Axiom,,Constitution,FOUNDATIONAL,Headquarters Architecture,,SPECIFIED,Constitution,107,7,True,True,False,False,True
HDR/13_PHASE_RECOVERY/Phase_02_to_03/PH2-0098_Account_Three_Design_Test.md,PH2-0098 — Account Three Design Test,,Engineering,IMPORTANT,Headquarters Architecture,,SPECIFIED,Engineering Handbook,110,7,True,True,False,False,True
HDR/13_PHASE_RECOVERY/Phase_02_to_03/PH2-0099_Opening_Of_Doors_Tradition.md,PH2-0099 — Opening Of Doors Tradition,,Ceremony,CORE,Headquarters Architecture,,SPECIFIED,Blast Doors; Boot Sequence,107,7,True,True,False,False,True
HDR/13_PHASE_RECOVERY/Phase_02_to_03/PH2-0100_Take_Command_Tradition.md,PH2-0100 — Take Command Tradition,,Ceremony,CORE,Headquarters Architecture,,SPECIFIED,Command Chair; HQOS,104,7,True,True,False,False,True
HDR/13_PHASE_RECOVERY/Phase_02_to_03/PH2-0101_Lights_Activation_Order.md,PH2-0101 — Lights Activation Order,,Environment,IMPORTANT,Headquarters Architecture,,SPECIFIED,Boot Sequence,107,7,True,True,False,False,True
HDR/13_PHASE_RECOVERY/Phase_02_to_03/PH2-0102_Commanders_Clock.md,PH2-0102 — Commanders Clock,,Interface,IMPORTANT,Headquarters Architecture,,SPECIFIED,Situation Clock,106,7,True,True,False,False,True
HDR/13_PHASE_RECOVERY/Phase_02_to_03/PH2-0103_Armory.md,PH2-0103 — Armory,,Room,IMPORTANT,Headquarters Architecture,,SPECIFIED,Ready Room; SOP Library,109,7,True,True,False,False,True
HDR/13_PHASE_RECOVERY/Phase_02_to_03/PH2-0104_Equipment_Check.md,PH2-0104 — Equipment Check,,Operations,CORE,Headquarters Architecture,,SPECIFIED,Armory; Mission Readiness,108,7,True,True,False,False,True
HDR/13_PHASE_RECOVERY/Phase_02_to_03/PH2-0105_Institutional_Weather.md,PH2-0105 — Institutional Weather,,Environment,OPTIONAL,Headquarters Architecture,,SPECIFIED,Institution Integrity,101,7,True,True,False,False,True
HDR/13_PHASE_RECOVERY/Phase_02_to_03/PH2-0106_Headquarters_Integrity.md,PH2-0106 — Headquarters Integrity,,Institution,CORE,Headquarters Architecture,,SPECIFIED,Archives; Internal Affairs,109,7,True,True,False,False,True
HDR/13_PHASE_RECOVERY/Phase_02_to_03/PH2-0107_Intelligence_Wall.md,PH2-0107 — Intelligence Wall,,Intelligence,CORE,Headquarters Architecture,,SPECIFIED,Intelligence Officer,108,7,True,True,False,False,True
HDR/13_PHASE_RECOVERY/Phase_02_to_03/PH2-0108_Mission_Archive_Room.md,PH2-0108 — Mission Archive Room,,Archives,IMPORTANT,Headquarters Architecture,,SPECIFIED,Archives,106,7,True,True,False,False,True
HDR/13_PHASE_RECOVERY/Phase_02_to_03/PH2-0109_Engineering_Department.md,PH2-0109 — Engineering Department,,Institution,IMPORTANT,Headquarters Architecture,,SPECIFIED,Engineer,107,7,True,True,False,False,True
HDR/13_PHASE_RECOVERY/Phase_02_to_03/PH2-0110_Research_Division.md,PH2-0110 — Research Division,,Institution,IMPORTANT,Headquarters Architecture,,SPECIFIED,Academy; Simulation,106,7,True,True,False,False,True
HDR/13_PHASE_RECOVERY/Phase_02_to_03/PH2-0111_Red_Team.md,PH2-0111 — Red Team,,Intelligence,IMPORTANT,Headquarters Architecture,,SPECIFIED,Council; Authorization,107,7,True,True,False,False,True
HDR/13_PHASE_RECOVERY/Phase_02_to_03/PH2-0112_Blue_Team.md,PH2-0112 — Blue Team,,Institution,IMPORTANT,Headquarters Architecture,,SPECIFIED,Debrief; Internal Affairs,105,7,True,True,False,False,True
HDR/13_PHASE_RECOVERY/Phase_02_to_03/PH2-0113_Mission_Simulation.md,PH2-0113 — Mission Simulation,,Academy,IMPORTANT,Headquarters Architecture,,SPECIFIED,Academy; Research Division,108,7,True,True,False,False,True
HDR/13_PHASE_RECOVERY/Phase_02_to_03/PH2-0114_Debrief_Theater.md,PH2-0114 — Debrief Theater,,Room,CORE,Headquarters Architecture,,SPECIFIED,Black Box; Debrief,108,7,True,True,False,False,True
HDR/13_PHASE_RECOVERY/Phase_02_to_03/PH2-0115_Ordinary_Decisions_Automatic_Lesson.md,PH2-0115 — Ordinary Decisions Automatic Lesson,,Academy,FOUNDATIONAL,Headquarters Architecture,,SPECIFIED,Academy,105,7,True,True,False,False,True
HDR/13_PHASE_RECOVERY/Phase_02_to_03/PH2-0116_Confidence_Versus_Trust_Wall.md,PH2-0116 — Confidence Versus Trust Wall,,Trust,CORE,Headquarters Architecture,,SPECIFIED,Trust Engine,108,7,True,True,False,False,True
HDR/13_PHASE_RECOVERY/Phase_02_to_03/PH2-0117_Trust_Vault.md,PH2-0117 — Trust Vault,,Trust,IMPORTANT,Headquarters Architecture,,SPECIFIED,Trust Engine,107,7,True,True,False,False,True
HDR/13_PHASE_RECOVERY/Phase_02_to_03/PH2-0118_Bargaining_Language_Detection.md,PH2-0118 — Bargaining Language Detection,,Behavior,CORE,Headquarters Architecture,,SPECIFIED,Negotiation Detection,106,7,True,True,False,False,True
HDR/13_PHASE_RECOVERY/Phase_02_to_03/PH2-0119_Decision_DNA.md,PH2-0119 — Decision DNA,,Behavior,CORE,Headquarters Architecture,,SPECIFIED,Behavior Engine; Operator Model,109,7,True,True,False,False,True
HDR/13_PHASE_RECOVERY/Phase_02_to_03/PH2-0120_Identity_Drift_Curve.md,PH2-0120 — Identity Drift Curve,,Behavior,CORE,Headquarters Architecture,,SPECIFIED,Identity Engine,107,7,True,True,False,False,True
HDR/13_PHASE_RECOVERY/Phase_02_to_03/PH2-0121_Anchor_Sentence.md,PH2-0121 — Anchor Sentence,,Constitution,IMPORTANT,Headquarters Architecture,,SPECIFIED,Identity Engine,108,7,True,True,False,False,True
HDR/13_PHASE_RECOVERY/Phase_02_to_03/PH2-0122_Personal_Battlefield.md,PH2-0122 — Personal Battlefield,,Behavior,CORE,Headquarters Architecture,,SPECIFIED,Behavior Analytics,111,7,True,True,False,False,True
HDR/13_PHASE_RECOVERY/Phase_02_to_03/PH2-0123_Tactical_Mirror.md,PH2-0123 — Tactical Mirror,,Interface,IMPORTANT,Headquarters Architecture,,SPECIFIED,Operator Model,105,7,True,True,False,False,True
HDR/13_PHASE_RECOVERY/Phase_02_to_03/PH2-0124_Identity_Engine_Roles.md,PH2-0124 — Identity Engine Roles,,Identity,CORE,Headquarters Architecture,,SPECIFIED,HQOS State Engine,110,7,True,True,False,False,True
HDR/13_PHASE_RECOVERY/Phase_02_to_03/PH2-0125_Guardian_Mode.md,PH2-0125 — Guardian Mode,,Guardian,CORE,Headquarters Architecture,,SPECIFIED,Funded Mode; Guardian,112,7,True,True,False,False,True
HDR/13_PHASE_RECOVERY/Phase_02_to_03/PH2-0126_Guardian_Statistics.md,PH2-0126 — Guardian Statistics,,Guardian,IMPORTANT,Headquarters Architecture,,SPECIFIED,Capital Vault,105,7,True,True,False,False,True
HDR/13_PHASE_RECOVERY/Phase_02_to_03/PH2-0127_Safe_Vault_Capital_Visualization.md,PH2-0127 — Safe/Vault Capital Visualization,,Guardian,IMPORTANT,Headquarters Architecture,,SPECIFIED,Guardian Mode,106,7,True,True,False,False,True
HDR/13_PHASE_RECOVERY/Phase_02_to_03/PH2-0128_Success_Protocol.md,PH2-0128 — Success Protocol,,Guardian,CORE,Headquarters Architecture,,SPECIFIED,Guardian; Profit Defense,108,7,True,True,False,False,True
HDR/13_PHASE_RECOVERY/Phase_02_to_03/PH2-0129_Operation_Sunset.md,PH2-0129 — Operation Sunset,,Ceremony,IMPORTANT,Headquarters Architecture,,SPECIFIED,Success Protocol,114,7,True,True,False,False,True
HDR/13_PHASE_RECOVERY/Phase_02_to_03/PH2-0130_Doctrine_014_Winning_Creates_Responsibility.md,PH2-0130 — Doctrine 014 Winning Creates Responsibility,,Doctrine,CORE,Headquarters Architecture,,SPECIFIED,Doctrine Library,106,7,True,True,False,False,True
HDR/13_PHASE_RECOVERY/Phase_02_to_03/PH2-0131_Training_Headquarters_Versus_Guardian_Headquarters.md,PH2-0131 — Training Headquarters Versus Guardian Headquarters,,Institution,CORE,Headquarters Architecture,,SPECIFIED,Mode System,113,7,True,True,False,False,True
HDR/13_PHASE_RECOVERY/Phase_02_to_03/PH2-0132_Entrusted_Capital_Principle.md,PH2-0132 — Entrusted Capital Principle,,Stewardship,CORE,Headquarters Architecture,,SPECIFIED,Guardian Mode; Stewardship,107,7,True,True,False,False,True
HDR/13_PHASE_RECOVERY/Phase_02_to_03/PH2-0133_Vault_Opening_Ritual.md,PH2-0133 — Vault Opening Ritual,,Ceremony,IMPORTANT,Headquarters Architecture,,SPECIFIED,Capital Vault,107,7,True,True,False,False,True
HDR/13_PHASE_RECOVERY/Phase_02_to_03/PH2-0134_Guardian_Language_Set.md,PH2-0134 — Guardian Language Set,,Language,CORE,Headquarters Architecture,,SPECIFIED,Guardian,109,7,True,True,False,False,True
HDR/13_PHASE_RECOVERY/Phase_02_to_03/PH2-0135_Guardian_Lighting_And_Seal.md,PH2-0135 — Guardian Lighting And Seal,,Environment,IMPORTANT,Headquarters Architecture,,SPECIFIED,Design Tokens,109,7,True,True,False,False,True
HDR/13_PHASE_RECOVERY/Phase_02_to_03/PH2-0136_Capital_Status_Not_PnL_Hero.md,PH2-0136 — Capital Status Not PnL Hero,,Interface,CORE,Headquarters Architecture,,SPECIFIED,Interface Manual,109,7,True,True,False,False,True
HDR/13_PHASE_RECOVERY/Phase_02_to_03/PH2-0137_Guardian_Historical_Risk_Memory.md,PH2-0137 — Guardian Historical Risk Memory,,Guardian,CORE,Headquarters Architecture,,SPECIFIED,Historian; Guardian,109,7,True,True,False,False,True
HDR/13_PHASE_RECOVERY/Phase_02_to_03/PH2-0138_Guardian_Shadow.md,PH2-0138 — Guardian Shadow,,Environment,OPTIONAL,Headquarters Architecture,,SPECIFIED,Lighting; Identity,105,7,True,True,False,False,True
HDR/13_PHASE_RECOVERY/Phase_02_to_03/PH2-0139_Sentinel.md,PH2-0139 — Sentinel,,Institution,CORE,Headquarters Architecture,,SPECIFIED,Council; Guardian,112,7,True,True,False,False,True
HDR/13_PHASE_RECOVERY/Phase_02_to_03/PH2-0140_Guardian_Lock.md,PH2-0140 — Guardian Lock,,Guardian,CORE,Headquarters Architecture,,SPECIFIED,Success Protocol; Vault,112,7,True,True,False,False,True
HDR/13_PHASE_RECOVERY/Phase_02_to_03/PH2-0141_Guardian_Unlock_Procedure.md,PH2-0141 — Guardian Unlock Procedure,,Guardian,CORE,Headquarters Architecture,,SPECIFIED,Guardian Lock; Internal Affairs,107,7,True,True,False,False,True
HDR/13_PHASE_RECOVERY/Phase_02_to_03/PH2-0142_Guardian_Integrity.md,PH2-0142 — Guardian Integrity,,Guardian,CORE,Headquarters Architecture,,SPECIFIED,Funded Metrics,101,7,True,True,False,False,True
HDR/13_PHASE_RECOVERY/Phase_02_to_03/PH2-0143_Guardian_Bell.md,PH2-0143 — Guardian Bell,,Audio,IMPORTANT,Headquarters Architecture,,SPECIFIED,Audio Bible,108,7,True,True,False,False,True
HDR/13_PHASE_RECOVERY/Phase_02_to_03/PH2-0144_Guardian_Room.md,PH2-0144 — Guardian Room,,Room,IMPORTANT,Headquarters Architecture,,SPECIFIED,Guardian Mode,106,7,True,True,False,False,True
HDR/13_PHASE_RECOVERY/Phase_02_to_03/PH2-0145_Legacy_Protocol.md,PH2-0145 — Legacy Protocol,,Legacy,IMPORTANT,Headquarters Architecture,,SPECIFIED,Legacy Engine,111,7,True,True,False,False,True
HDR/13_PHASE_RECOVERY/Phase_02_to_03/PH2-0146_Career_Projection.md,PH2-0146 — Career Projection,,Legacy,IMPORTANT,Headquarters Architecture,,SPECIFIED,Legacy Protocol,107,7,True,True,False,False,True
HDR/13_PHASE_RECOVERY/Phase_02_to_03/PH2-0147_Votes_For_Identity.md,PH2-0147 — Votes For Identity,,Identity,FOUNDATIONAL,Headquarters Architecture,,SPECIFIED,Identity Engine,105,7,True,True,False,False,True
HDR/13_PHASE_RECOVERY/Phase_02_to_03/PH2-0148_Internal_Affairs_Integrity_Protection.md,PH2-0148 — Internal Affairs Integrity Protection,,Internal Affairs,CORE,Headquarters Architecture,,SPECIFIED,Internal Affairs; Archives,114,7,True,True,False,False,True
HDR/13_PHASE_RECOVERY/Phase_02_to_03/PH3-0001_Design_Constitution.md,PH3-0001 — Design Constitution,,Constitution,CORE,Headquarters Architecture,,SPECIFIED,Engineering Handbook,109,7,True,True,False,False,True
HDR/13_PHASE_RECOVERY/Phase_02_to_03/PH3-0002_Expensive_Not_Luxurious.md,PH3-0002 — Expensive Not Luxurious,,Design,IMPORTANT,Headquarters Architecture,,SPECIFIED,Interface Bible,105,7,True,True,False,False,True
HDR/13_PHASE_RECOVERY/Phase_02_to_03/PH3-0003_Information_Hierarchy.md,PH3-0003 — Information Hierarchy,,Interface,CORE,Headquarters Architecture,,SPECIFIED,UI Components,105,7,True,True,False,False,True
HDR/13_PHASE_RECOVERY/Phase_02_to_03/PH3-0004_One_Objective_Per_Screen.md,PH3-0004 — One Objective Per Screen,,Interface,CORE,Headquarters Architecture,,SPECIFIED,UX Bible,106,7,True,True,False,False,True
HDR/13_PHASE_RECOVERY/Phase_02_to_03/PH3-0005_Motion_Has_Meaning.md,PH3-0005 — Motion Has Meaning,,Animation,CORE,Headquarters Architecture,,SPECIFIED,Animation Bible,102,7,True,True,False,False,True
HDR/13_PHASE_RECOVERY/Phase_02_to_03/PH3-0006_Color_Earns_Existence.md,PH3-0006 — Color Earns Existence,,Design,CORE,Headquarters Architecture,,SPECIFIED,Design Tokens,111,7,True,True,False,False,True
HDR/13_PHASE_RECOVERY/Phase_02_to_03/PH3-0007_Sound_Has_Purpose.md,PH3-0007 — Sound Has Purpose,,Audio,CORE,Headquarters Architecture,,SPECIFIED,Audio Bible,111,7,True,True,False,False,True
HDR/13_PHASE_RECOVERY/Phase_02_to_03/PH3-0008_Attention_Respect_Law.md,PH3-0008 — Attention Respect Law,,Interface,FOUNDATIONAL,Headquarters Architecture,,SPECIFIED,Trust Engine,107,7,True,True,False,False,True
HDR/13_PHASE_RECOVERY/Phase_02_to_03/PH3-0009_Headquarters_Language_Dictionary.md,PH3-0009 — Headquarters Language Dictionary,,Language,CORE,Headquarters Architecture,,SPECIFIED,Glossary,107,7,True,True,False,False,True
HDR/13_PHASE_RECOVERY/Phase_02_to_03/PH3-0010_Typography_Direction.md,PH3-0010 — Typography Direction,,Design,IMPORTANT,Headquarters Architecture,,SPECIFIED,Interface Bible,109,7,True,True,False,False,True
HDR/13_PHASE_RECOVERY/Phase_02_to_03/PH3-0011_Room_Soundtracks.md,PH3-0011 — Room Soundtracks,,Audio,IMPORTANT,Headquarters Architecture,,SPECIFIED,Audio Bible; Building Registry,112,7,True,True,False,False,True
HDR/13_PHASE_RECOVERY/Phase_02_to_03/PH3-0012_Lighting_Engine.md,PH3-0012 — Lighting Engine,,Environment,CORE,Headquarters Architecture,,SPECIFIED,HQOS; UI Theme,108,7,True,True,False,False,True
HDR/13_PHASE_RECOVERY/Phase_02_to_03/PH3-0013_Chair_As_Control_Symbol.md,PH3-0013 — Chair As Control Symbol,,Identity,CORE,Headquarters Architecture,,SPECIFIED,Command Chair; Identity Engine,113,7,True,True,False,False,True
HDR/13_PHASE_RECOVERY/Phase_02_to_03/PH3-0014_Dynamic_Opening_Room.md,PH3-0014 — Dynamic Opening Room,,HQOS,IMPORTANT,Headquarters Architecture,,SPECIFIED,HQOS; Archives,111,7,True,True,False,False,True
HDR/13_PHASE_RECOVERY/Phase_02_to_03/PH3-0015_Central_Holographic_Table.md,PH3-0015 — Central Holographic Table,,Interface,CORE,Headquarters Architecture,,SPECIFIED,War Table; Campaign Map,110,7,True,True,False,False,True
HDR/13_PHASE_RECOVERY/Phase_02_to_03/PH3-0016_Commander_No_Avatar.md,PH3-0016 — Commander No Avatar,,AI,FOUNDATIONAL,Headquarters Architecture,,SPECIFIED,Commander,107,7,True,True,False,False,True
HDR/13_PHASE_RECOVERY/Phase_02_to_03/PH3-0017_Headquarters_Heartbeat.md,PH3-0017 — Headquarters Heartbeat,,Environment,IMPORTANT,Headquarters Architecture,,SPECIFIED,Pulse System,105,7,True,True,False,False,True
HDR/13_PHASE_RECOVERY/Phase_02_to_03/PH3-0018_Fictional_Institution_Real_Behavioral_Value.md,PH3-0018 — Fictional Institution Real Behavioral Value,,Constitution,FOUNDATIONAL,Headquarters Architecture,,SPECIFIED,Ethics Committee,110,7,True,True,False,False,True
HDR/13_PHASE_RECOVERY/Phase_02_to_03/PH3-0019_Project_Naming_Evolution.md,PH3-0019 — Project Naming Evolution,,Legacy,OPTIONAL,Headquarters Architecture,,SPECIFIED,Branding,108,7,True,True,False,False,True
HDR/13_PHASE_RECOVERY/Phase_02_to_03/Phase_02_to_03_Summary.md,Phase 2.0–3.0 Recovery Summary,,13_PHASE_RECOVERY,,,,COMPLETE,,166,4,False,False,False,False,True
HDR/13_PHASE_RECOVERY/Phase_03_to_04/PH4-0001_Design_Constitution.md,PH4-0001 — Design Constitution,,Constitution,FOUNDATIONAL,,,SPECIFIED,HQOS State Engine; Mission Lifecycle; Operator Model; Archives; Doctrine Library,230,9,True,True,False,False,True
HDR/13_PHASE_RECOVERY/Phase_03_to_04/PH4-0002_Expensive_Minimalism.md,PH4-0002 — Expensive Minimalism,,Interface,CORE,,,SPECIFIED,HQOS State Engine; Mission Lifecycle; Operator Model; Archives; Doctrine Library,227,9,True,True,False,False,True
HDR/13_PHASE_RECOVERY/Phase_03_to_04/PH4-0003_Silence_Priority_Principle.md,PH4-0003 — Silence Priority Principle,,Constitution,FOUNDATIONAL,,,SPECIFIED,HQOS State Engine; Mission Lifecycle; Operator Model; Archives; Doctrine Library,231,9,True,True,False,False,True
HDR/13_PHASE_RECOVERY/Phase_03_to_04/PH4-0004_Information_Hierarchy_Law.md,PH4-0004 — Information Hierarchy Law,,Interface,CORE,,,SPECIFIED,HQOS State Engine; Mission Lifecycle; Operator Model; Archives; Doctrine Library,229,9,True,True,False,False,True
HDR/13_PHASE_RECOVERY/Phase_03_to_04/PH4-0005_One_Objective_Per_Screen.md,PH4-0005 — One Objective Per Screen,,Interface,CORE,,,SPECIFIED,HQOS State Engine; Mission Lifecycle; Operator Model; Archives; Doctrine Library,229,9,True,True,False,False,True
HDR/13_PHASE_RECOVERY/Phase_03_to_04/PH4-0006_Motion_Has_Meaning.md,PH4-0006 — Motion Has Meaning,,Animation,CORE,,,SPECIFIED,HQOS State Engine; Mission Lifecycle; Operator Model; Archives; Doctrine Library,227,9,True,True,False,False,True
HDR/13_PHASE_RECOVERY/Phase_03_to_04/PH4-0007_Color_Meaning_System.md,PH4-0007 — Color Meaning System,,Interface,CORE,,,SPECIFIED,HQOS State Engine; Mission Lifecycle; Operator Model; Archives; Doctrine Library,233,9,True,True,False,False,True
HDR/13_PHASE_RECOVERY/Phase_03_to_04/PH4-0008_Sound_Purpose_System.md,PH4-0008 — Sound Purpose System,,Audio,CORE,,,SPECIFIED,HQOS State Engine; Mission Lifecycle; Operator Model; Archives; Doctrine Library,230,9,True,True,False,False,True
HDR/13_PHASE_RECOVERY/Phase_03_to_04/PH4-0009_Attention_Respect_Law.md,PH4-0009 — Attention Respect Law,,Constitution,FOUNDATIONAL,,,SPECIFIED,HQOS State Engine; Mission Lifecycle; Operator Model; Archives; Doctrine Library,226,9,True,True,False,False,True
HDR/13_PHASE_RECOVERY/Phase_03_to_04/PH4-0010_Headquarters_Terminology_Replacement.md,PH4-0010 — Headquarters Terminology Replacement,,Culture,CORE,,,SPECIFIED,HQOS State Engine; Mission Lifecycle; Operator Model; Archives; Doctrine Library,233,9,True,True,False,False,True
HDR/13_PHASE_RECOVERY/Phase_03_to_04/PH4-0011_Mission_Control_Typography.md,PH4-0011 — Mission Control Typography,,Interface,IMPORTANT,,,SPECIFIED,HQOS State Engine; Mission Lifecycle; Operator Model; Archives; Doctrine Library,227,9,True,True,False,False,True
HDR/13_PHASE_RECOVERY/Phase_03_to_04/PH4-0012_Room_Soundtracks.md,PH4-0012 — Room Soundtracks,,Audio,IMPORTANT,,,SPECIFIED,HQOS State Engine; Mission Lifecycle; Operator Model; Archives; Doctrine Library,228,9,True,True,False,False,True
HDR/13_PHASE_RECOVERY/Phase_03_to_04/PH4-0013_Lighting_Engine.md,PH4-0013 — Lighting Engine,,Environment,CORE,,,SPECIFIED,HQOS State Engine; Mission Lifecycle; Operator Model; Archives; Doctrine Library,224,9,True,True,False,False,True
HDR/13_PHASE_RECOVERY/Phase_03_to_04/PH4-0014_Command_Chair_Control_Symbol.md,PH4-0014 — Command Chair Control Symbol,,Identity,CORE,,,SPECIFIED,HQOS State Engine; Mission Lifecycle; Operator Model; Archives; Doctrine Library,230,9,True,True,False,False,True
HDR/13_PHASE_RECOVERY/Phase_03_to_04/PH4-0015_Dynamic_Initial_Room_Selection.md,PH4-0015 — Dynamic Initial Room Selection,,HQOS,IMPORTANT,,,SPECIFIED,HQOS State Engine; Mission Lifecycle; Operator Model; Archives; Doctrine Library,234,9,True,True,False,False,True
HDR/13_PHASE_RECOVERY/Phase_03_to_04/PH4-0016_Central_Holographic_Table_Function.md,PH4-0016 — Central Holographic Table Function,,Interface,CORE,,,SPECIFIED,HQOS State Engine; Mission Lifecycle; Operator Model; Archives; Doctrine Library,233,9,True,True,False,False,True
HDR/13_PHASE_RECOVERY/Phase_03_to_04/PH4-0017_No_Commander_Avatar_Rule.md,PH4-0017 — No Commander Avatar Rule,,AI,FOUNDATIONAL,,,SPECIFIED,HQOS State Engine; Mission Lifecycle; Operator Model; Archives; Doctrine Library,231,9,True,True,False,False,True
HDR/13_PHASE_RECOVERY/Phase_03_to_04/PH4-0018_Institutional_Heartbeat.md,PH4-0018 — Institutional Heartbeat,,Environment,IMPORTANT,,,SPECIFIED,HQOS State Engine; Mission Lifecycle; Operator Model; Archives; Doctrine Library,222,9,True,True,False,False,True
HDR/13_PHASE_RECOVERY/Phase_03_to_04/PH4-0019_Fictional_Institution_Real_Psychology.md,PH4-0019 — Fictional Institution Real Psychology,,Constitution,FOUNDATIONAL,,,SPECIFIED,HQOS State Engine; Mission Lifecycle; Operator Model; Archives; Doctrine Library,229,9,True,True,False,False,True
HDR/13_PHASE_RECOVERY/Phase_03_to_04/PH4-0020_Headquarters_Naming_Evolution.md,PH4-0020 — Headquarters Naming Evolution,,Legacy,OPTIONAL,,,SPECIFIED,HQOS State Engine; Mission Lifecycle; Operator Model; Archives; Doctrine Library,229,9,True,True,False,False,True
HDR/13_PHASE_RECOVERY/Phase_03_to_04/PH4-0021_Internal_Affairs_Department.md,PH4-0021 — Internal Affairs Department,,Institution,CORE,,,SPECIFIED,HQOS State Engine; Mission Lifecycle; Operator Model; Archives; Doctrine Library,226,9,True,True,False,False,True
HDR/13_PHASE_RECOVERY/Phase_03_to_04/PH4-0022_Internal_Affairs_Room.md,PH4-0022 — Internal Affairs Room,,Room,IMPORTANT,,,SPECIFIED,HQOS State Engine; Mission Lifecycle; Operator Model; Archives; Doctrine Library,227,9,True,True,False,False,True
HDR/13_PHASE_RECOVERY/Phase_03_to_04/PH4-0023_Statement_Inconsistency_Detection.md,PH4-0023 — Statement Inconsistency Detection,,AI,CORE,,,SPECIFIED,HQOS State Engine; Mission Lifecycle; Operator Model; Archives; Doctrine Library,231,9,True,True,False,False,True
HDR/13_PHASE_RECOVERY/Phase_03_to_04/PH4-0024_Report_Reliability_Score.md,PH4-0024 — Report Reliability Score,,Archives,IMPORTANT,,,SPECIFIED,HQOS State Engine; Mission Lifecycle; Operator Model; Archives; Doctrine Library,228,9,True,True,False,False,True
HDR/13_PHASE_RECOVERY/Phase_03_to_04/PH4-0025_Operation_Cover_Up_Case_File.md,PH4-0025 — Operation Cover-Up Case File,,Archives,IMPORTANT,,,SPECIFIED,HQOS State Engine; Mission Lifecycle; Operator Model; Archives; Doctrine Library,230,9,True,True,False,False,True
HDR/13_PHASE_RECOVERY/Phase_03_to_04/PH4-0026_Evidence_Wall.md,PH4-0026 — Evidence Wall,,Interface,IMPORTANT,,,SPECIFIED,HQOS State Engine; Mission Lifecycle; Operator Model; Archives; Doctrine Library,227,9,True,True,False,False,True
HDR/13_PHASE_RECOVERY/Phase_03_to_04/PH4-0027_Institutional_Witness_System.md,PH4-0027 — Institutional Witness System,,AI,IMPORTANT,,,SPECIFIED,HQOS State Engine; Mission Lifecycle; Operator Model; Archives; Doctrine Library,226,9,True,True,False,False,True
HDR/13_PHASE_RECOVERY/Phase_03_to_04/PH4-0028_No_Accusation_Rule.md,PH4-0028 — No Accusation Rule,,Culture,FOUNDATIONAL,,,SPECIFIED,HQOS State Engine; Mission Lifecycle; Operator Model; Archives; Doctrine Library,230,9,True,True,False,False,True
HDR/13_PHASE_RECOVERY/Phase_03_to_04/PH4-0029_Lucky_Win_Investigation.md,PH4-0029 — Lucky Win Investigation,,Intelligence,CORE,,,SPECIFIED,HQOS State Engine; Mission Lifecycle; Operator Model; Archives; Doctrine Library,226,9,True,True,False,False,True
HDR/13_PHASE_RECOVERY/Phase_03_to_04/PH4-0030_Outcome_Not_Supported_By_Doctrine_Classification.md,PH4-0030 — Outcome Not Supported By Doctrine Classification,,Operations,IMPORTANT,,,SPECIFIED,HQOS State Engine; Mission Lifecycle; Operator Model; Archives; Doctrine Library,232,9,True,True,False,False,True
HDR/13_PHASE_RECOVERY/Phase_03_to_04/PH4-0031_Quality_Assurance_Department.md,PH4-0031 — Quality Assurance Department,,Institution,IMPORTANT,,,SPECIFIED,HQOS State Engine; Mission Lifecycle; Operator Model; Archives; Doctrine Library,227,9,True,True,False,False,True
HDR/13_PHASE_RECOVERY/Phase_03_to_04/PH4-0032_Institution_Admits_Mistakes.md,PH4-0032 — Institution Admits Mistakes,,Trust,FOUNDATIONAL,,,SPECIFIED,HQOS State Engine; Mission Lifecycle; Operator Model; Archives; Doctrine Library,225,9,True,True,False,False,True
HDR/13_PHASE_RECOVERY/Phase_03_to_04/PH4-0033_Ethics_Committee.md,PH4-0033 — Ethics Committee,,Institution,IMPORTANT,,,SPECIFIED,HQOS State Engine; Mission Lifecycle; Operator Model; Archives; Doctrine Library,225,9,True,True,False,False,True
HDR/13_PHASE_RECOVERY/Phase_03_to_04/PH4-0034_Constitutional_Court.md,PH4-0034 — Constitutional Court,,Institution,IMPORTANT,,,SPECIFIED,HQOS State Engine; Mission Lifecycle; Operator Model; Archives; Doctrine Library,224,9,True,True,False,False,True
HDR/13_PHASE_RECOVERY/Phase_03_to_04/PH4-0035_Doctrine_Does_Not_Negotiate_With_Emotion.md,PH4-0035 — Doctrine Does Not Negotiate With Emotion,,Doctrine,CORE,,,SPECIFIED,HQOS State Engine; Mission Lifecycle; Operator Model; Archives; Doctrine Library,230,9,True,True,False,False,True
HDR/13_PHASE_RECOVERY/Phase_03_to_04/PH4-0036_Engineering_Philosophy.md,PH4-0036 — Engineering Philosophy,,Engineering,FOUNDATIONAL,,,SPECIFIED,HQOS State Engine; Mission Lifecycle; Operator Model; Archives; Doctrine Library,231,9,True,True,False,False,True
HDR/13_PHASE_RECOVERY/Phase_03_to_04/PH4-0037_Friction_Is_A_Feature.md,PH4-0037 — Friction Is A Feature,,Engineering,CORE,,,SPECIFIED,HQOS State Engine; Mission Lifecycle; Operator Model; Archives; Doctrine Library,226,9,True,True,False,False,True
HDR/13_PHASE_RECOVERY/Phase_03_to_04/PH4-0038_Every_Screen_Lowers_Cortisol.md,PH4-0038 — Every Screen Lowers Cortisol,,Interface,CORE,,,SPECIFIED,HQOS State Engine; Mission Lifecycle; Operator Model; Archives; Doctrine Library,227,9,True,True,False,False,True
HDR/13_PHASE_RECOVERY/Phase_03_to_04/PH4-0039_Operator_Is_Never_Rushed.md,PH4-0039 — Operator Is Never Rushed,,Constitution,FOUNDATIONAL,,,SPECIFIED,HQOS State Engine; Mission Lifecycle; Operator Model; Archives; Doctrine Library,227,9,True,True,False,False,True
HDR/13_PHASE_RECOVERY/Phase_03_to_04/PH4-0040_Rule_Of_One_Thought.md,PH4-0040 — Rule Of One Thought,,Interface,CORE,,,SPECIFIED,HQOS State Engine; Mission Lifecycle; Operator Model; Archives; Doctrine Library,229,9,True,True,False,False,True
HDR/13_PHASE_RECOVERY/Phase_03_to_04/PH4-0041_Commander_Three_Responsibilities.md,PH4-0041 — Commander Three Responsibilities,,AI,FOUNDATIONAL,,,SPECIFIED,HQOS State Engine; Mission Lifecycle; Operator Model; Archives; Doctrine Library,227,9,True,True,False,False,True
HDR/13_PHASE_RECOVERY/Phase_03_to_04/PH4-0042_Ninety_Five_Percent_Silence_Rule.md,PH4-0042 — Ninety Five Percent Silence Rule,,AI,IMPORTANT,,,SPECIFIED,HQOS State Engine; Mission Lifecycle; Operator Model; Archives; Doctrine Library,231,9,True,True,False,False,True
HDR/13_PHASE_RECOVERY/Phase_03_to_04/PH4-0043_AI_Feels_Experienced_Not_Intelligent.md,PH4-0043 — AI Feels Experienced Not Intelligent,,AI,CORE,,,SPECIFIED,HQOS State Engine; Mission Lifecycle; Operator Model; Archives; Doctrine Library,229,9,True,True,False,False,True
HDR/13_PHASE_RECOVERY/Phase_03_to_04/PH4-0044_Institutional_Language_Ban_List.md,PH4-0044 — Institutional Language Ban List,,Culture,IMPORTANT,,,SPECIFIED,HQOS State Engine; Mission Lifecycle; Operator Model; Archives; Doctrine Library,229,9,True,True,False,False,True
HDR/13_PHASE_RECOVERY/Phase_03_to_04/PH4-0045_No_Flattery_Rule.md,PH4-0045 — No Flattery Rule,,AI,FOUNDATIONAL,,,SPECIFIED,HQOS State Engine; Mission Lifecycle; Operator Model; Archives; Doctrine Library,225,9,True,True,False,False,True
HDR/13_PHASE_RECOVERY/Phase_03_to_04/PH4-0046_Discipline_Reserve.md,PH4-0046 — Discipline Reserve,,Operator,CORE,,,SPECIFIED,HQOS State Engine; Mission Lifecycle; Operator Model; Archives; Doctrine Library,223,9,True,True,False,False,True
HDR/13_PHASE_RECOVERY/Phase_03_to_04/PH4-0047_Mission_Recorder.md,PH4-0047 — Mission Recorder,,Archives,CORE,,,SPECIFIED,HQOS State Engine; Mission Lifecycle; Operator Model; Archives; Doctrine Library,224,9,True,True,False,False,True
HDR/13_PHASE_RECOVERY/Phase_03_to_04/PH4-0048_Archive_Vault.md,PH4-0048 — Archive Vault,,Archives,CORE,,,SPECIFIED,HQOS State Engine; Mission Lifecycle; Operator Model; Archives; Doctrine Library,230,9,True,True,False,False,True
HDR/13_PHASE_RECOVERY/Phase_03_to_04/PH4-0049_Maintenance_Days.md,PH4-0049 — Maintenance Days,,Operations,IMPORTANT,,,SPECIFIED,HQOS State Engine; Mission Lifecycle; Operator Model; Archives; Doctrine Library,226,9,True,True,False,False,True
HDR/13_PHASE_RECOVERY/Phase_03_to_04/PH4-0050_Headquarters_Health.md,PH4-0050 — Headquarters Health,,Engineering,IMPORTANT,,,SPECIFIED,HQOS State Engine; Mission Lifecycle; Operator Model; Archives; Doctrine Library,223,9,True,True,False,False,True
HDR/13_PHASE_RECOVERY/Phase_03_to_04/PH4-0051_Living_Campaign_Map.md,PH4-0051 — Living Campaign Map,,Interface,IMPORTANT,,,SPECIFIED,HQOS State Engine; Mission Lifecycle; Operator Model; Archives; Doctrine Library,225,9,True,True,False,False,True
HDR/13_PHASE_RECOVERY/Phase_03_to_04/PH4-0052_Founder_Engineering_Creed.md,PH4-0052 — Founder Engineering Creed,,Legacy,FOUNDATIONAL,,,SPECIFIED,HQOS State Engine; Mission Lifecycle; Operator Model; Archives; Doctrine Library,227,9,True,True,False,False,True
HDR/13_PHASE_RECOVERY/Phase_03_to_04/PH4-0053_Behavioral_Engine.md,PH4-0053 — Behavioral Engine,,System,CORE,,,SPECIFIED,HQOS State Engine; Mission Lifecycle; Operator Model; Archives; Doctrine Library,231,9,True,True,False,False,True
HDR/13_PHASE_RECOVERY/Phase_03_to_04/PH4-0054_Command_Chair_Engine.md,PH4-0054 — Command Chair Engine,,System,CORE,,,SPECIFIED,HQOS State Engine; Mission Lifecycle; Operator Model; Archives; Doctrine Library,227,9,True,True,False,False,True
HDR/13_PHASE_RECOVERY/Phase_03_to_04/PH4-0055_Behavioral_Fingerprints.md,PH4-0055 — Behavioral Fingerprints,,System,CORE,,,SPECIFIED,HQOS State Engine; Mission Lifecycle; Operator Model; Archives; Doctrine Library,225,9,True,True,False,False,True
HDR/13_PHASE_RECOVERY/Phase_03_to_04/PH4-0056_Identity_Drift_Algorithm.md,PH4-0056 — Identity Drift Algorithm,,System,CORE,,,SPECIFIED,HQOS State Engine; Mission Lifecycle; Operator Model; Archives; Doctrine Library,225,9,True,True,False,False,True
HDR/13_PHASE_RECOVERY/Phase_03_to_04/PH4-0057_Identity_Drift_Vector_Model.md,PH4-0057 — Identity Drift Vector Model,,System,IMPORTANT,,,SPECIFIED,HQOS State Engine; Mission Lifecycle; Operator Model; Archives; Doctrine Library,229,9,True,True,False,False,True
HDR/13_PHASE_RECOVERY/Phase_03_to_04/PH4-0058_Ghost_Baseline_Calibration.md,PH4-0058 — Ghost Baseline Calibration,,AI,CORE,,,SPECIFIED,HQOS State Engine; Mission Lifecycle; Operator Model; Archives; Doctrine Library,225,9,True,True,False,False,True
HDR/13_PHASE_RECOVERY/Phase_03_to_04/PH4-0059_Evidence_Threshold_For_Interventions.md,PH4-0059 — Evidence Threshold For Interventions,,AI,CORE,,,SPECIFIED,HQOS State Engine; Mission Lifecycle; Operator Model; Archives; Doctrine Library,225,9,True,True,False,False,True
HDR/13_PHASE_RECOVERY/Phase_03_to_04/PH4-0060_Commander_Detects_Not_Predicts.md,PH4-0060 — Commander Detects Not Predicts,,AI,FOUNDATIONAL,,,SPECIFIED,HQOS State Engine; Mission Lifecycle; Operator Model; Archives; Doctrine Library,227,9,True,True,False,False,True
HDR/13_PHASE_RECOVERY/Phase_03_to_04/PH4-0061_Decision_Graph.md,PH4-0061 — Decision Graph,,System,IMPORTANT,,,SPECIFIED,HQOS State Engine; Mission Lifecycle; Operator Model; Archives; Doctrine Library,226,9,True,True,False,False,True
HDR/13_PHASE_RECOVERY/Phase_03_to_04/PH4-0062_Behavioral_Gravity.md,PH4-0062 — Behavioral Gravity,,System,IMPORTANT,,,SPECIFIED,HQOS State Engine; Mission Lifecycle; Operator Model; Archives; Doctrine Library,228,9,True,True,False,False,True
HDR/13_PHASE_RECOVERY/Phase_03_to_04/PH4-0063_Career_Brain.md,PH4-0063 — Career Brain,,System,IMPORTANT,,,SPECIFIED,HQOS State Engine; Mission Lifecycle; Operator Model; Archives; Doctrine Library,227,9,True,True,False,False,True
HDR/13_PHASE_RECOVERY/Phase_03_to_04/PH4-0064_Mission_Similarity_Search.md,PH4-0064 — Mission Similarity Search,,AI,CORE,,,SPECIFIED,HQOS State Engine; Mission Lifecycle; Operator Model; Archives; Doctrine Library,226,9,True,True,False,False,True
HDR/13_PHASE_RECOVERY/Phase_03_to_04/PH4-0065_Future_Identity_Simulator.md,PH4-0065 — Future Identity Simulator,,AI,IMPORTANT,,,SPECIFIED,HQOS State Engine; Mission Lifecycle; Operator Model; Archives; Doctrine Library,227,9,True,True,True,False,True
HDR/13_PHASE_RECOVERY/Phase_03_to_04/PH4-0066_Legacy_Engine.md,PH4-0066 — Legacy Engine,,System,IMPORTANT,,,SPECIFIED,HQOS State Engine; Mission Lifecycle; Operator Model; Archives; Doctrine Library,223,9,True,True,False,False,True
HDR/13_PHASE_RECOVERY/Phase_03_to_04/PH4-0067_Institution_Reputation.md,PH4-0067 — Institution Reputation,,System,IMPORTANT,,,SPECIFIED,HQOS State Engine; Mission Lifecycle; Operator Model; Archives; Doctrine Library,224,9,True,True,False,False,True
HDR/13_PHASE_RECOVERY/Phase_03_to_04/PH4-0068_Behavioral_Black_Box.md,PH4-0068 — Behavioral Black Box,,Archives,CORE,,,SPECIFIED,HQOS State Engine; Mission Lifecycle; Operator Model; Archives; Doctrine Library,227,9,True,True,False,False,True
HDR/13_PHASE_RECOVERY/Phase_03_to_04/PH4-0069_Accident_Chain_Reconstruction.md,PH4-0069 — Accident Chain Reconstruction,,Archives,CORE,,,SPECIFIED,HQOS State Engine; Mission Lifecycle; Operator Model; Archives; Doctrine Library,225,9,True,True,False,False,True
HDR/13_PHASE_RECOVERY/Phase_03_to_04/PH4-0070_Precursor_Library.md,PH4-0070 — Precursor Library,,AI,CORE,,,SPECIFIED,HQOS State Engine; Mission Lifecycle; Operator Model; Archives; Doctrine Library,224,9,True,True,False,False,True
HDR/13_PHASE_RECOVERY/Phase_03_to_04/PH4-0071_Mission_Timeline.md,PH4-0071 — Mission Timeline,,Interface,CORE,,,SPECIFIED,HQOS State Engine; Mission Lifecycle; Operator Model; Archives; Doctrine Library,225,9,True,True,False,False,True
HDR/13_PHASE_RECOVERY/Phase_03_to_04/PH4-0072_Chain_Of_Failure.md,PH4-0072 — Chain Of Failure,,Archives,CORE,,,SPECIFIED,HQOS State Engine; Mission Lifecycle; Operator Model; Archives; Doctrine Library,227,9,True,True,False,False,True
HDR/13_PHASE_RECOVERY/Phase_03_to_04/PH4-0073_Chain_Of_Excellence.md,PH4-0073 — Chain Of Excellence,,Archives,IMPORTANT,,,SPECIFIED,HQOS State Engine; Mission Lifecycle; Operator Model; Archives; Doctrine Library,224,9,True,True,False,False,True
HDR/13_PHASE_RECOVERY/Phase_03_to_04/PH4-0074_Butterfly_Effect_Engine.md,PH4-0074 — Butterfly Effect Engine,,AI,IMPORTANT,,,SPECIFIED,HQOS State Engine; Mission Lifecycle; Operator Model; Archives; Doctrine Library,222,9,True,True,False,False,True
HDR/13_PHASE_RECOVERY/Phase_03_to_04/PH4-0075_Point_Of_No_Return_Detection.md,PH4-0075 — Point Of No Return Detection,,AI,IMPORTANT,,,SPECIFIED,HQOS State Engine; Mission Lifecycle; Operator Model; Archives; Doctrine Library,227,9,True,True,False,False,True
HDR/13_PHASE_RECOVERY/Phase_03_to_04/PH4-0076_Intervention_Ladder.md,PH4-0076 — Intervention Ladder,,AI,CORE,,,SPECIFIED,HQOS State Engine; Mission Lifecycle; Operator Model; Archives; Doctrine Library,223,9,True,True,False,False,True
HDR/13_PHASE_RECOVERY/Phase_03_to_04/PH4-0077_Mission_Pulse.md,PH4-0077 — Mission Pulse,,Interface,IMPORTANT,,,SPECIFIED,HQOS State Engine; Mission Lifecycle; Operator Model; Archives; Doctrine Library,222,9,True,True,False,False,True
HDR/13_PHASE_RECOVERY/Phase_03_to_04/PH4-0078_Mission_DNA.md,PH4-0078 — Mission DNA,,Archives,IMPORTANT,,,SPECIFIED,HQOS State Engine; Mission Lifecycle; Operator Model; Archives; Doctrine Library,222,9,True,True,False,False,True
HDR/13_PHASE_RECOVERY/Phase_03_to_04/PH4-0079_Hall_Of_Decisions.md,PH4-0079 — Hall Of Decisions,,Room,OPTIONAL,,,SPECIFIED,HQOS State Engine; Mission Lifecycle; Operator Model; Archives; Doctrine Library,226,9,True,True,False,False,True
HDR/13_PHASE_RECOVERY/Phase_03_to_04/PH4-0080_Behavioral_Cascade_Detection.md,PH4-0080 — Behavioral Cascade Detection,,System,CORE,,,SPECIFIED,HQOS State Engine; Mission Lifecycle; Operator Model; Archives; Doctrine Library,228,9,True,True,False,False,True
HDR/13_PHASE_RECOVERY/Phase_03_to_04/Phase_03_to_04_Summary.md,Phase 3.0 → Phase 4.0 Recovery Summary,,13_PHASE_RECOVERY,,,,Complete for this recovery slice,,157,4,False,False,False,False,True
HDR/13_PHASE_RECOVERY/Phase_04_to_05/PH5-0001_Behavioral_Engine.md,PH5-0001 — Behavioral Engine,,Intelligence,CORE,,,SPECIFIED,HQOS State Engine; Mission Lifecycle; Operator Model; Archives; Doctrine Library; Council Protocol; Evidence Confidence System,279,9,True,True,False,False,True
HDR/13_PHASE_RECOVERY/Phase_04_to_05/PH5-0002_Command_Chair_Engine.md,PH5-0002 — Command Chair Engine,,Operator,CORE,,,SPECIFIED,HQOS State Engine; Mission Lifecycle; Operator Model; Archives; Doctrine Library,273,9,True,True,False,False,True
HDR/13_PHASE_RECOVERY/Phase_04_to_05/PH5-0003_Command_Stability_Model.md,PH5-0003 — Command Stability Model,,Operator,CORE,,,SPECIFIED,HQOS State Engine; Mission Lifecycle; Operator Model; Archives; Doctrine Library,275,9,True,True,False,False,True
HDR/13_PHASE_RECOVERY/Phase_04_to_05/PH5-0004_Behavioral_Fingerprints.md,PH5-0004 — Behavioral Fingerprints,,Intelligence,CORE,,,SPECIFIED,HQOS State Engine; Mission Lifecycle; Operator Model; Archives; Doctrine Library; Council Protocol; Evidence Confidence System,281,9,True,True,False,False,True
HDR/13_PHASE_RECOVERY/Phase_04_to_05/PH5-0005_Identity_Drift_Engine.md,PH5-0005 — Identity Drift Engine,,Operator,CORE,,,SPECIFIED,HQOS State Engine; Mission Lifecycle; Operator Model; Archives; Doctrine Library,273,9,True,True,False,False,True
HDR/13_PHASE_RECOVERY/Phase_04_to_05/PH5-0006_Identity_Drift_Compass_Space.md,PH5-0006 — Identity Drift Compass Space,,Operator,IMPORTANT,,,SPECIFIED,HQOS State Engine; Mission Lifecycle; Operator Model; Archives; Doctrine Library,276,9,True,True,False,False,True
HDR/13_PHASE_RECOVERY/Phase_04_to_05/PH5-0007_Ghost_Baseline_Calibration.md,PH5-0007 — Ghost Baseline Calibration,,Intelligence,CORE,,,SPECIFIED,HQOS State Engine; Mission Lifecycle; Operator Model; Archives; Doctrine Library; Council Protocol; Evidence Confidence System,278,9,True,True,False,False,True
HDR/13_PHASE_RECOVERY/Phase_04_to_05/PH5-0008_Commander_Evidence_Threshold.md,PH5-0008 — Commander Evidence Threshold,,Institution,CORE,,,SPECIFIED,HQOS State Engine; Mission Lifecycle; Operator Model; Archives; Doctrine Library; Council Protocol; Evidence Confidence System,277,9,True,True,False,False,True
HDR/13_PHASE_RECOVERY/Phase_04_to_05/PH5-0009_Commander_Detects_Never_Predicts.md,PH5-0009 — Commander Detects Never Predicts,,Constitution,FOUNDATIONAL,,,SPECIFIED,HQOS State Engine; Mission Lifecycle; Operator Model; Archives; Doctrine Library,276,9,True,True,False,False,True
HDR/13_PHASE_RECOVERY/Phase_04_to_05/PH5-0010_Decision_Graph.md,PH5-0010 — Decision Graph,,Operations,CORE,,,SPECIFIED,HQOS State Engine; Mission Lifecycle; Operator Model; Archives; Doctrine Library; Mission Timeline; Behavioral Recorder,275,9,True,True,False,False,True
HDR/13_PHASE_RECOVERY/Phase_04_to_05/PH5-0011_Behavioral_Gravity.md,PH5-0011 — Behavioral Gravity,,Operator,IMPORTANT,,,SPECIFIED,HQOS State Engine; Mission Lifecycle; Operator Model; Archives; Doctrine Library,276,9,True,True,False,False,True
HDR/13_PHASE_RECOVERY/Phase_04_to_05/PH5-0012_Career_Brain.md,PH5-0012 — Career Brain,,Archives,CORE,,,SPECIFIED,HQOS State Engine; Mission Lifecycle; Operator Model; Archives; Doctrine Library; Institutional Memory Core; SQLite Archive Schema,280,9,True,True,False,False,True
HDR/13_PHASE_RECOVERY/Phase_04_to_05/PH5-0013_Mission_Similarity_Search.md,PH5-0013 — Mission Similarity Search,,Intelligence,CORE,,,SPECIFIED,HQOS State Engine; Mission Lifecycle; Operator Model; Archives; Doctrine Library; Council Protocol; Evidence Confidence System,278,9,True,True,False,False,True
HDR/13_PHASE_RECOVERY/Phase_04_to_05/PH5-0014_Future_Identity_Simulator.md,PH5-0014 — Future Identity Simulator,,Intelligence,IMPORTANT,,,SPECIFIED,HQOS State Engine; Mission Lifecycle; Operator Model; Archives; Doctrine Library; Council Protocol; Evidence Confidence System,279,9,True,True,True,False,True
HDR/13_PHASE_RECOVERY/Phase_04_to_05/PH5-0015_Legacy_Engine.md,PH5-0015 — Legacy Engine,,Legacy,CORE,,,SPECIFIED,HQOS State Engine; Mission Lifecycle; Operator Model; Archives; Doctrine Library; Institutional Memory Core; SQLite Archive Schema,279,9,True,True,False,False,True
HDR/13_PHASE_RECOVERY/Phase_04_to_05/PH5-0016_Behavioral_Black_Box.md,PH5-0016 — Behavioral Black Box,,Archives,CORE,,,SPECIFIED,HQOS State Engine; Mission Lifecycle; Operator Model; Archives; Doctrine Library; Institutional Memory Core; SQLite Archive Schema,279,9,True,True,False,False,True
HDR/13_PHASE_RECOVERY/Phase_04_to_05/PH5-0017_Black_Box_Final_Sixty_Minutes.md,PH5-0017 — Black Box Final Sixty Minutes,,Archives,CORE,,,SPECIFIED,HQOS State Engine; Mission Lifecycle; Operator Model; Archives; Doctrine Library; Institutional Memory Core; SQLite Archive Schema,285,9,True,True,False,False,True
HDR/13_PHASE_RECOVERY/Phase_04_to_05/PH5-0018_Mission_Timeline.md,PH5-0018 — Mission Timeline,,Operations,CORE,,,SPECIFIED,HQOS State Engine; Mission Lifecycle; Operator Model; Archives; Doctrine Library; Mission Timeline; Behavioral Recorder,277,9,True,True,False,False,True
HDR/13_PHASE_RECOVERY/Phase_04_to_05/PH5-0019_Invisible_Timeline.md,PH5-0019 — Invisible Timeline,,Archives,CORE,,,SPECIFIED,HQOS State Engine; Mission Lifecycle; Operator Model; Archives; Doctrine Library; Institutional Memory Core; SQLite Archive Schema,280,9,True,True,False,False,True
HDR/13_PHASE_RECOVERY/Phase_04_to_05/PH5-0020_Chain_of_Failure.md,PH5-0020 — Chain of Failure,,Archives,CORE,,,SPECIFIED,HQOS State Engine; Mission Lifecycle; Operator Model; Archives; Doctrine Library; Institutional Memory Core; SQLite Archive Schema,278,9,True,True,False,False,True
HDR/13_PHASE_RECOVERY/Phase_04_to_05/PH5-0021_Chain_of_Excellence.md,PH5-0021 — Chain of Excellence,,Archives,IMPORTANT,,,SPECIFIED,HQOS State Engine; Mission Lifecycle; Operator Model; Archives; Doctrine Library; Institutional Memory Core; SQLite Archive Schema,278,9,True,True,False,False,True
HDR/13_PHASE_RECOVERY/Phase_04_to_05/PH5-0022_Butterfly_Effect_Engine.md,PH5-0022 — Butterfly Effect Engine,,Intelligence,IMPORTANT,,,SPECIFIED,HQOS State Engine; Mission Lifecycle; Operator Model; Archives; Doctrine Library; Council Protocol; Evidence Confidence System,275,9,True,True,False,False,True
HDR/13_PHASE_RECOVERY/Phase_04_to_05/PH5-0023_Mission_Forks.md,PH5-0023 — Mission Forks,,Operations,IMPORTANT,,,SPECIFIED,HQOS State Engine; Mission Lifecycle; Operator Model; Archives; Doctrine Library; Mission Timeline; Behavioral Recorder,277,9,True,True,False,False,True
HDR/13_PHASE_RECOVERY/Phase_04_to_05/PH5-0024_Point_of_No_Return_Detector.md,PH5-0024 — Point of No Return Detector,,Guardian,CORE,,,SPECIFIED,HQOS State Engine; Mission Lifecycle; Operator Model; Archives; Doctrine Library; Council Protocol; Evidence Confidence System,279,9,True,True,False,False,True
HDR/13_PHASE_RECOVERY/Phase_04_to_05/PH5-0025_Intervention_Ladder.md,PH5-0025 — Intervention Ladder,,Guardian,CORE,,,SPECIFIED,HQOS State Engine; Mission Lifecycle; Operator Model; Archives; Doctrine Library; Council Protocol; Evidence Confidence System,277,9,True,True,False,False,True
HDR/13_PHASE_RECOVERY/Phase_04_to_05/PH5-0026_Mission_Pulse.md,PH5-0026 — Mission Pulse,,Operator,IMPORTANT,,,SPECIFIED,HQOS State Engine; Mission Lifecycle; Operator Model; Archives; Doctrine Library,272,9,True,True,False,False,True
HDR/13_PHASE_RECOVERY/Phase_04_to_05/PH5-0027_Mission_DNA.md,PH5-0027 — Mission DNA,,Archives,IMPORTANT,,,SPECIFIED,HQOS State Engine; Mission Lifecycle; Operator Model; Archives; Doctrine Library; Institutional Memory Core; SQLite Archive Schema,277,9,True,True,False,False,True
HDR/13_PHASE_RECOVERY/Phase_04_to_05/PH5-0028_Hall_of_Decisions.md,PH5-0028 — Hall of Decisions,,Building,IMPORTANT,,,SPECIFIED,HQOS State Engine; Mission Lifecycle; Operator Model; Archives; Doctrine Library; Interface State System; Environmental Engine,278,9,True,True,False,False,True
HDR/13_PHASE_RECOVERY/Phase_04_to_05/PH5-0029_Institutional_Memory_Engine.md,PH5-0029 — Institutional Memory Engine,,Archives,CORE,,,SPECIFIED,HQOS State Engine; Mission Lifecycle; Operator Model; Archives; Doctrine Library; Institutional Memory Core; SQLite Archive Schema,278,9,True,True,False,False,True
HDR/13_PHASE_RECOVERY/Phase_04_to_05/PH5-0030_Legacy_Tree.md,PH5-0030 — Legacy Tree,,Legacy,IMPORTANT,,,SPECIFIED,HQOS State Engine; Mission Lifecycle; Operator Model; Archives; Doctrine Library; Institutional Memory Core; SQLite Archive Schema,279,9,True,True,False,False,True
HDR/13_PHASE_RECOVERY/Phase_04_to_05/PH5-0031_Behavioral_Cascade_Engine.md,PH5-0031 — Behavioral Cascade Engine,,Intelligence,CORE,,,SPECIFIED,HQOS State Engine; Mission Lifecycle; Operator Model; Archives; Doctrine Library; Council Protocol; Evidence Confidence System,276,9,True,True,False,False,True
HDR/13_PHASE_RECOVERY/Phase_04_to_05/PH5-0032_Precursor_Library.md,PH5-0032 — Precursor Library,,Intelligence,CORE,,,SPECIFIED,HQOS State Engine; Mission Lifecycle; Operator Model; Archives; Doctrine Library; Council Protocol; Evidence Confidence System,276,9,True,True,False,False,True
HDR/13_PHASE_RECOVERY/Phase_04_to_05/PH5-0033_Project_Chimera.md,PH5-0033 — Project Chimera,,Intelligence,IMPORTANT,,,SPECIFIED,HQOS State Engine; Mission Lifecycle; Operator Model; Archives; Doctrine Library; Council Protocol; Evidence Confidence System,277,9,True,True,False,False,True
HDR/13_PHASE_RECOVERY/Phase_04_to_05/PH5-0034_Behavioral_Weather_Forecast.md,PH5-0034 — Behavioral Weather Forecast,,Operator,IMPORTANT,,,SPECIFIED,HQOS State Engine; Mission Lifecycle; Operator Model; Archives; Doctrine Library,273,9,True,True,False,False,True
HDR/13_PHASE_RECOVERY/Phase_04_to_05/PH5-0035_Emotional_Pressure_System.md,PH5-0035 — Emotional Pressure System,,Medical,IMPORTANT,,,SPECIFIED,HQOS State Engine; Mission Lifecycle; Operator Model; Archives; Doctrine Library; Council Protocol; Evidence Confidence System,277,9,True,True,False,False,True
HDR/13_PHASE_RECOVERY/Phase_04_to_05/PH5-0036_Mission_Momentum_Engine.md,PH5-0036 — Mission Momentum Engine,,Operations,IMPORTANT,,,SPECIFIED,HQOS State Engine; Mission Lifecycle; Operator Model; Archives; Doctrine Library; Mission Timeline; Behavioral Recorder,275,9,True,True,False,False,True
HDR/13_PHASE_RECOVERY/Phase_04_to_05/PH5-0037_Cascade_Predictor.md,PH5-0037 — Cascade Predictor,,Guardian,CORE,,,SPECIFIED,HQOS State Engine; Mission Lifecycle; Operator Model; Archives; Doctrine Library; Council Protocol; Evidence Confidence System,276,9,True,True,False,False,True
HDR/13_PHASE_RECOVERY/Phase_04_to_05/PH5-0038_Operation_Echoes.md,PH5-0038 — Operation Echoes,,Historian,IMPORTANT,,,SPECIFIED,HQOS State Engine; Mission Lifecycle; Operator Model; Archives; Doctrine Library,272,9,True,True,False,False,True
HDR/13_PHASE_RECOVERY/Phase_04_to_05/PH5-0039_Ghost_Evolution_Engine.md,PH5-0039 — Ghost Evolution Engine,,Intelligence,CORE,,,SPECIFIED,HQOS State Engine; Mission Lifecycle; Operator Model; Archives; Doctrine Library; Council Protocol; Evidence Confidence System,280,9,True,True,False,False,True
HDR/13_PHASE_RECOVERY/Phase_04_to_05/PH5-0040_Ghost_Comparison.md,PH5-0040 — Ghost Comparison,,Interface,CORE,,,SPECIFIED,HQOS State Engine; Mission Lifecycle; Operator Model; Archives; Doctrine Library; Interface State System; Environmental Engine,278,9,True,True,False,False,True
HDR/13_PHASE_RECOVERY/Phase_04_to_05/PH5-0041_Legacy_Projection_Room.md,PH5-0041 — Legacy Projection Room,,Building,IMPORTANT,,,SPECIFIED,HQOS State Engine; Mission Lifecycle; Operator Model; Archives; Doctrine Library; Interface State System; Environmental Engine,279,9,True,True,False,False,True
HDR/13_PHASE_RECOVERY/Phase_04_to_05/PH5-0042_Guardian_Protocol_Level_II.md,PH5-0042 — Guardian Protocol Level II,,Guardian,IMPORTANT,,,SPECIFIED,HQOS State Engine; Mission Lifecycle; Operator Model; Archives; Doctrine Library; Council Protocol; Evidence Confidence System,276,9,True,True,False,False,True
HDR/13_PHASE_RECOVERY/Phase_04_to_05/PH5-0043_Dangerous_Phrase_Library.md,PH5-0043 — Dangerous Phrase Library,,Internal Affairs,CORE,,,SPECIFIED,HQOS State Engine; Mission Lifecycle; Operator Model; Archives; Doctrine Library; Council Protocol; Evidence Confidence System,283,9,True,True,False,False,True
HDR/13_PHASE_RECOVERY/Phase_04_to_05/PH5-0044_Recovery_Signature.md,PH5-0044 — Recovery Signature,,Medical,IMPORTANT,,,SPECIFIED,HQOS State Engine; Mission Lifecycle; Operator Model; Archives; Doctrine Library; Council Protocol; Evidence Confidence System,279,9,True,True,False,False,True
HDR/13_PHASE_RECOVERY/Phase_04_to_05/PH5-0045_Strategy_Chamber.md,PH5-0045 — Strategy Chamber,,Building,IMPORTANT,,,SPECIFIED,HQOS State Engine; Mission Lifecycle; Operator Model; Archives; Doctrine Library; Interface State System; Environmental Engine,278,9,True,True,False,False,True
HDR/13_PHASE_RECOVERY/Phase_04_to_05/PH5-0046_AI_Purpose_Principle.md,PH5-0046 — AI Purpose Principle,,Constitution,FOUNDATIONAL,,,SPECIFIED,HQOS State Engine; Mission Lifecycle; Operator Model; Archives; Doctrine Library,282,9,True,True,False,False,True
HDR/13_PHASE_RECOVERY/Phase_04_to_05/PH5-0047_Decision_Integrity_Engine.md,PH5-0047 — Decision Integrity Engine,,Intelligence,CORE,,,SPECIFIED,HQOS State Engine; Mission Lifecycle; Operator Model; Archives; Doctrine Library; Council Protocol; Evidence Confidence System,274,9,True,True,False,False,True
HDR/13_PHASE_RECOVERY/Phase_04_to_05/PH5-0048_Decision_Weighting.md,PH5-0048 — Decision Weighting,,Intelligence,CORE,,,SPECIFIED,HQOS State Engine; Mission Lifecycle; Operator Model; Archives; Doctrine Library; Council Protocol; Evidence Confidence System,280,9,True,True,False,False,True
HDR/13_PHASE_RECOVERY/Phase_04_to_05/PH5-0049_Critical_Decision_Tree.md,PH5-0049 — Critical Decision Tree,,Debrief,IMPORTANT,,,SPECIFIED,HQOS State Engine; Mission Lifecycle; Operator Model; Archives; Doctrine Library; Mission Timeline; Behavioral Recorder,274,9,True,True,False,False,True
HDR/13_PHASE_RECOVERY/Phase_04_to_05/PH5-0050_Butterfly_Room.md,PH5-0050 — Butterfly Room,,Building,IMPORTANT,,,SPECIFIED,HQOS State Engine; Mission Lifecycle; Operator Model; Archives; Doctrine Library; Interface State System; Environmental Engine,274,9,True,True,False,False,True
HDR/13_PHASE_RECOVERY/Phase_04_to_05/PH5-0051_Decision_Debt.md,PH5-0051 — Decision Debt,,Operator,IMPORTANT,,,SPECIFIED,HQOS State Engine; Mission Lifecycle; Operator Model; Archives; Doctrine Library,274,9,True,True,False,False,True
HDR/13_PHASE_RECOVERY/Phase_04_to_05/PH5-0052_Discipline_Interest.md,PH5-0052 — Discipline Interest,,Operator,IMPORTANT,,,SPECIFIED,HQOS State Engine; Mission Lifecycle; Operator Model; Archives; Doctrine Library,266,9,True,True,False,False,True
HDR/13_PHASE_RECOVERY/Phase_04_to_05/PH5-0053_Tactical_Compass.md,PH5-0053 — Tactical Compass,,Interface,CORE,,,SPECIFIED,HQOS State Engine; Mission Lifecycle; Operator Model; Archives; Doctrine Library; Interface State System; Environmental Engine,276,9,True,True,False,False,True
HDR/13_PHASE_RECOVERY/Phase_04_to_05/PH5-0054_Headquarters_Balance.md,PH5-0054 — Headquarters Balance,,Operator,IMPORTANT,,,SPECIFIED,HQOS State Engine; Mission Lifecycle; Operator Model; Archives; Doctrine Library,268,9,True,True,False,False,True
HDR/13_PHASE_RECOVERY/Phase_04_to_05/PH5-0055_Decision_Pressure_Map.md,PH5-0055 — Decision Pressure Map,,Intelligence,IMPORTANT,,,SPECIFIED,HQOS State Engine; Mission Lifecycle; Operator Model; Archives; Doctrine Library; Council Protocol; Evidence Confidence System,280,9,True,True,False,False,True
HDR/13_PHASE_RECOVERY/Phase_04_to_05/PH5-0056_Operations_Sandbox.md,PH5-0056 — Operations Sandbox,,Academy,IMPORTANT,,,SPECIFIED,HQOS State Engine; Mission Lifecycle; Operator Model; Archives; Doctrine Library,274,9,True,True,False,False,True
HDR/13_PHASE_RECOVERY/Phase_04_to_05/PH5-0057_Guardian_Protocol_Level_III.md,PH5-0057 — Guardian Protocol Level III,,Guardian,IMPORTANT,,,SPECIFIED,HQOS State Engine; Mission Lifecycle; Operator Model; Archives; Doctrine Library; Council Protocol; Evidence Confidence System,275,9,True,True,False,False,True
HDR/13_PHASE_RECOVERY/Phase_04_to_05/PH5-0058_Golden_Week_Protocol.md,PH5-0058 — Golden Week Protocol,,Guardian,CORE,,,SPECIFIED,HQOS State Engine; Mission Lifecycle; Operator Model; Archives; Doctrine Library; Council Protocol; Evidence Confidence System,278,9,True,True,False,False,True
HDR/13_PHASE_RECOVERY/Phase_04_to_05/PH5-0059_Operator_Seasons.md,PH5-0059 — Operator Seasons,,Operations,IMPORTANT,,,SPECIFIED,HQOS State Engine; Mission Lifecycle; Operator Model; Archives; Doctrine Library; Mission Timeline; Behavioral Recorder,273,9,True,True,False,False,True
HDR/13_PHASE_RECOVERY/Phase_04_to_05/PH5-0060_Mission_Forecast_Room.md,PH5-0060 — Mission Forecast Room,,Building,IMPORTANT,,,SPECIFIED,HQOS State Engine; Mission Lifecycle; Operator Model; Archives; Doctrine Library; Interface State System; Environmental Engine,276,9,True,True,False,False,True
HDR/13_PHASE_RECOVERY/Phase_04_to_05/PH5-0061_Career_Constitution.md,PH5-0061 — Career Constitution,,Legacy,IMPORTANT,,,SPECIFIED,HQOS State Engine; Mission Lifecycle; Operator Model; Archives; Doctrine Library; Institutional Memory Core; SQLite Archive Schema,275,9,True,True,False,False,True
HDR/13_PHASE_RECOVERY/Phase_04_to_05/PH5-0062_Operator_Compass.md,PH5-0062 — Operator Compass,,Interface,CORE,,,SPECIFIED,HQOS State Engine; Mission Lifecycle; Operator Model; Archives; Doctrine Library; Interface State System; Environmental Engine,279,9,True,True,False,False,True
HDR/13_PHASE_RECOVERY/Phase_04_to_05/PH5-0063_Behavioral_Gyroscope.md,PH5-0063 — Behavioral Gyroscope,,Interface,IMPORTANT,,,SPECIFIED,HQOS State Engine; Mission Lifecycle; Operator Model; Archives; Doctrine Library; Interface State System; Environmental Engine,274,9,True,True,False,False,True
HDR/13_PHASE_RECOVERY/Phase_04_to_05/PH5-0064_Artificial_Horizon.md,PH5-0064 — Artificial Horizon,,Interface,CORE,,,SPECIFIED,HQOS State Engine; Mission Lifecycle; Operator Model; Archives; Doctrine Library; Interface State System; Environmental Engine,280,9,True,True,False,False,True
HDR/13_PHASE_RECOVERY/Phase_04_to_05/PH5-0065_Psychological_Wind_Indicator.md,PH5-0065 — Psychological Wind Indicator,,Interface,IMPORTANT,,,SPECIFIED,HQOS State Engine; Mission Lifecycle; Operator Model; Archives; Doctrine Library; Interface State System; Environmental Engine,276,9,True,True,False,False,True
HDR/13_PHASE_RECOVERY/Phase_04_to_05/PH5-0066_Gravity_Room.md,PH5-0066 — Gravity Room,,Building,IMPORTANT,,,SPECIFIED,HQOS State Engine; Mission Lifecycle; Operator Model; Archives; Doctrine Library; Interface State System; Environmental Engine,276,9,True,True,False,False,True
HDR/13_PHASE_RECOVERY/Phase_04_to_05/PH5-0067_Technical_Recorder.md,PH5-0067 — Technical Recorder,,Archives,IMPORTANT,,,SPECIFIED,HQOS State Engine; Mission Lifecycle; Operator Model; Archives; Doctrine Library; Institutional Memory Core; SQLite Archive Schema,276,9,True,True,False,False,True
HDR/13_PHASE_RECOVERY/Phase_04_to_05/PH5-0068_Behavioral_Recorder.md,PH5-0068 — Behavioral Recorder,,Archives,CORE,,,SPECIFIED,HQOS State Engine; Mission Lifecycle; Operator Model; Archives; Doctrine Library; Institutional Memory Core; SQLite Archive Schema,276,9,True,True,False,False,True
HDR/13_PHASE_RECOVERY/Phase_04_to_05/PH5-0069_Five_Engines_Architecture.md,PH5-0069 — Five Engines Architecture,,HQOS,CORE,,,SPECIFIED,HQOS State Engine; Mission Lifecycle; Operator Model; Archives; Doctrine Library,275,9,True,True,False,False,True
HDR/13_PHASE_RECOVERY/Phase_04_to_05/PH5-0070_General_Staff_Model.md,PH5-0070 — General Staff Model,,Institution,CORE,,,SPECIFIED,HQOS State Engine; Mission Lifecycle; Operator Model; Archives; Doctrine Library; Council Protocol; Evidence Confidence System,280,9,True,True,False,False,True
HDR/13_PHASE_RECOVERY/Phase_04_to_05/PH5-0071_Medical_Officer_Recovery_Prompt.md,PH5-0071 — Medical Officer Recovery Prompt,,Medical,IMPORTANT,,,SPECIFIED,HQOS State Engine; Mission Lifecycle; Operator Model; Archives; Doctrine Library; Council Protocol; Evidence Confidence System,274,9,True,True,False,False,True
HDR/13_PHASE_RECOVERY/Phase_04_to_05/PH5-0072_Engineer_Sunday_Maintenance.md,PH5-0072 — Engineer Sunday Maintenance,,Engineering,IMPORTANT,,,SPECIFIED,HQOS State Engine; Mission Lifecycle; Operator Model; Archives; Doctrine Library,271,9,True,True,False,False,True
HDR/13_PHASE_RECOVERY/Phase_04_to_05/PH5-0073_Intelligence_Officer_Three_Observations.md,PH5-0073 — Intelligence Officer Three Observations,,Intelligence,IMPORTANT,,,SPECIFIED,HQOS State Engine; Mission Lifecycle; Operator Model; Archives; Doctrine Library; Council Protocol; Evidence Confidence System,277,9,True,True,False,False,True
HDR/13_PHASE_RECOVERY/Phase_04_to_05/PH5-0074_Operations_Officer_Procedural_Voice.md,PH5-0074 — Operations Officer Procedural Voice,,Operations,CORE,,,SPECIFIED,HQOS State Engine; Mission Lifecycle; Operator Model; Archives; Doctrine Library; Mission Timeline; Behavioral Recorder,275,9,True,True,False,False,True
HDR/13_PHASE_RECOVERY/Phase_04_to_05/PH5-0075_Shift_Changes.md,PH5-0075 — Shift Changes,,HQOS,IMPORTANT,,,SPECIFIED,HQOS State Engine; Mission Lifecycle; Operator Model; Archives; Doctrine Library,273,9,True,True,False,False,True
HDR/13_PHASE_RECOVERY/Phase_04_to_05/PH5-0076_Campaign_Table.md,PH5-0076 — Campaign Table,,Building,CORE,,,SPECIFIED,HQOS State Engine; Mission Lifecycle; Operator Model; Archives; Doctrine Library; Interface State System; Environmental Engine,281,9,True,True,False,False,True
HDR/13_PHASE_RECOVERY/Phase_04_to_05/PH5-0077_Decision_Radius.md,PH5-0077 — Decision Radius,,Interface,IMPORTANT,,,SPECIFIED,HQOS State Engine; Mission Lifecycle; Operator Model; Archives; Doctrine Library; Interface State System; Environmental Engine,279,9,True,True,False,False,True
HDR/13_PHASE_RECOVERY/Phase_04_to_05/PH5-0078_Legacy_Wall.md,PH5-0078 — Legacy Wall,,Legacy,IMPORTANT,,,SPECIFIED,HQOS State Engine; Mission Lifecycle; Operator Model; Archives; Doctrine Library; Institutional Memory Core; SQLite Archive Schema,275,9,True,True,False,False,True
HDR/13_PHASE_RECOVERY/Phase_04_to_05/PH5-0079_Command_Chair_Floor_Inscription.md,PH5-0079 — Command Chair Floor Inscription,,Building,IMPORTANT,,,SPECIFIED,HQOS State Engine; Mission Lifecycle; Operator Model; Archives; Doctrine Library; Interface State System; Environmental Engine,280,9,True,True,False,False,True
HDR/13_PHASE_RECOVERY/Phase_04_to_05/PH5-0080_Professional_Operating_Environment_Principle.md,PH5-0080 — Professional Operating Environment Principle,,Constitution,FOUNDATIONAL,,,SPECIFIED,HQOS State Engine; Mission Lifecycle; Operator Model; Archives; Doctrine Library,274,9,True,True,False,False,True
HDR/13_PHASE_RECOVERY/Phase_04_to_05/PH5-0081_Mission_Control_Comparison_Principle.md,PH5-0081 — Mission Control Comparison Principle,,Constitution,IMPORTANT,,,SPECIFIED,HQOS State Engine; Mission Lifecycle; Operator Model; Archives; Doctrine Library,275,9,True,True,False,False,True
HDR/13_PHASE_RECOVERY/Phase_04_to_05/PH5-0082_Identity_Stability_Metric.md,PH5-0082 — Identity Stability Metric,,Operator,CORE,,,SPECIFIED,HQOS State Engine; Mission Lifecycle; Operator Model; Archives; Doctrine Library,272,9,True,True,False,False,True
HDR/13_PHASE_RECOVERY/Phase_04_to_05/PH5-0083_Professional_Alignment_Score.md,PH5-0083 — Professional Alignment Score,,Operator,CORE,,,SPECIFIED,HQOS State Engine; Mission Lifecycle; Operator Model; Archives; Doctrine Library,275,9,True,True,False,False,True
HDR/13_PHASE_RECOVERY/Phase_04_to_05/PH5-0084_Behavior_Match_Confidence.md,PH5-0084 — Behavior Match Confidence,,Intelligence,CORE,,,SPECIFIED,HQOS State Engine; Mission Lifecycle; Operator Model; Archives; Doctrine Library; Council Protocol; Evidence Confidence System,274,9,True,True,False,False,True
HDR/13_PHASE_RECOVERY/Phase_04_to_05/PH5-0085_Intervention_Confidence_Scoring.md,PH5-0085 — Intervention Confidence Scoring,,Intelligence,CORE,,,SPECIFIED,HQOS State Engine; Mission Lifecycle; Operator Model; Archives; Doctrine Library; Council Protocol; Evidence Confidence System,278,9,True,True,False,False,True
HDR/13_PHASE_RECOVERY/Phase_04_to_05/PH5-0086_Mission_Reconstruction_View.md,PH5-0086 — Mission Reconstruction View,,Debrief,CORE,,,SPECIFIED,HQOS State Engine; Mission Lifecycle; Operator Model; Archives; Doctrine Library; Mission Timeline; Behavioral Recorder,276,9,True,True,False,False,True
HDR/13_PHASE_RECOVERY/Phase_04_to_05/PH5-0087_Alternative_Timeline_View.md,PH5-0087 — Alternative Timeline View,,Debrief,IMPORTANT,,,SPECIFIED,HQOS State Engine; Mission Lifecycle; Operator Model; Archives; Doctrine Library; Mission Timeline; Behavioral Recorder,278,9,True,True,False,False,True
HDR/13_PHASE_RECOVERY/Phase_04_to_05/PH5-0088_Decision_Quality_vs_Execution_Score.md,PH5-0088 — Decision Quality vs Execution Score,,Debrief,CORE,,,SPECIFIED,HQOS State Engine; Mission Lifecycle; Operator Model; Archives; Doctrine Library; Mission Timeline; Behavioral Recorder,275,9,True,True,False,False,True
HDR/13_PHASE_RECOVERY/Phase_04_to_05/PH5-0089_Outcome_Separation_Rule.md,PH5-0089 — Outcome Separation Rule,,Constitution,FOUNDATIONAL,,,SPECIFIED,HQOS State Engine; Mission Lifecycle; Operator Model; Archives; Doctrine Library,269,9,True,True,False,False,True
HDR/13_PHASE_RECOVERY/Phase_04_to_05/PH5-0090_Precursor_Sequence_Alert.md,PH5-0090 — Precursor Sequence Alert,,Guardian,CORE,,,SPECIFIED,HQOS State Engine; Mission Lifecycle; Operator Model; Archives; Doctrine Library; Council Protocol; Evidence Confidence System,276,9,True,True,False,False,True
HDR/13_PHASE_RECOVERY/Phase_04_to_05/Phase_04_to_05_Summary.md,Phase 4.0 → Phase 5.0 Recovery Summary,,13_PHASE_RECOVERY,,,,Recovered,,179,5,False,False,False,False,True
HDR/13_PHASE_RECOVERY/Phase_05_to_06/PH6-0001_Doctrine_Engine.md,PH6-0001 — Doctrine Engine,,Intelligence,CORE,,,SPECIFIED,HQOS Event Bus; Mission Lifecycle; Operator Model; Archives; Doctrine Library; Council Protocol; Evidence Confidence System,292,9,True,True,False,False,True
HDR/13_PHASE_RECOVERY/Phase_05_to_06/PH6-0002_Doctrine_Levels.md,PH6-0002 — Doctrine Levels,,Doctrine,CORE,,,SPECIFIED,HQOS Event Bus; Mission Lifecycle; Operator Model; Archives; Doctrine Library; Council Protocol; Evidence Confidence System,286,9,True,True,False,False,True
HDR/13_PHASE_RECOVERY/Phase_05_to_06/PH6-0003_Evidence_Collection_Started_State.md,PH6-0003 — Evidence Collection Started State,,Doctrine,IMPORTANT,,,SPECIFIED,HQOS Event Bus; Mission Lifecycle; Operator Model; Archives; Doctrine Library; Council Protocol; Evidence Confidence System,283,9,True,True,False,False,True
HDR/13_PHASE_RECOVERY/Phase_05_to_06/PH6-0004_Doctrine_Printer_Ceremony.md,PH6-0004 — Doctrine Printer Ceremony,,Experience,IMPORTANT,,,SPECIFIED,HQOS Event Bus; Mission Lifecycle; Operator Model; Archives; Doctrine Library; Council Protocol; Evidence Confidence System,279,9,True,True,False,False,True
HDR/13_PHASE_RECOVERY/Phase_05_to_06/PH6-0005_Doctrine_Chamber.md,PH6-0005 — Doctrine Chamber,,Building,IMPORTANT,,,SPECIFIED,HQOS Event Bus; Mission Lifecycle; Operator Model; Archives; Doctrine Library; Council Protocol; Evidence Confidence System,273,9,True,True,False,False,True
HDR/13_PHASE_RECOVERY/Phase_05_to_06/PH6-0006_Rule_Graveyard.md,PH6-0006 — Rule Graveyard,,Archives,IMPORTANT,,,SPECIFIED,HQOS Event Bus; Mission Lifecycle; Operator Model; Archives; Doctrine Library; Council Protocol; Evidence Confidence System,277,9,True,True,False,False,True
HDR/13_PHASE_RECOVERY/Phase_05_to_06/PH6-0007_Doctrine_Wars.md,PH6-0007 — Doctrine Wars,,Research,IMPORTANT,,,SPECIFIED,HQOS Event Bus; Mission Lifecycle; Operator Model; Archives; Doctrine Library; Council Protocol; Evidence Confidence System,275,9,True,True,False,False,True
HDR/13_PHASE_RECOVERY/Phase_05_to_06/PH6-0008_Exceptional_Authorization.md,PH6-0008 — Exceptional Authorization,,Operations,CORE,,,SPECIFIED,HQOS Event Bus; Mission Lifecycle; Operator Model; Archives; Doctrine Library; Council Protocol; Evidence Confidence System,279,9,True,True,False,False,True
HDR/13_PHASE_RECOVERY/Phase_05_to_06/PH6-0009_False_Rule_Detection.md,PH6-0009 — False Rule Detection,,Intelligence,IMPORTANT,,,SPECIFIED,HQOS Event Bus; Mission Lifecycle; Operator Model; Archives; Doctrine Library; Council Protocol; Evidence Confidence System,278,9,True,True,False,False,True
HDR/13_PHASE_RECOVERY/Phase_05_to_06/PH6-0010_Myth_Library.md,PH6-0010 — Myth Library,,Archives,IMPORTANT,,,SPECIFIED,HQOS Event Bus; Mission Lifecycle; Operator Model; Archives; Doctrine Library; Council Protocol; Evidence Confidence System,269,9,True,True,False,False,True
HDR/13_PHASE_RECOVERY/Phase_05_to_06/PH6-0011_Doctrine_Confidence.md,PH6-0011 — Doctrine Confidence,,Doctrine,CORE,,,SPECIFIED,HQOS Event Bus; Mission Lifecycle; Operator Model; Archives; Doctrine Library; Council Protocol; Evidence Confidence System,279,9,True,True,False,False,True
HDR/13_PHASE_RECOVERY/Phase_05_to_06/PH6-0012_Living_SOP.md,PH6-0012 — Living SOP,,Operations,CORE,,,SPECIFIED,HQOS Event Bus; Mission Lifecycle; Operator Model; Archives; Doctrine Library; Council Protocol; Evidence Confidence System,281,9,True,True,False,False,True
HDR/13_PHASE_RECOVERY/Phase_05_to_06/PH6-0013_Operational_Doctrine_Trees.md,PH6-0013 — Operational Doctrine Trees,,Doctrine,IMPORTANT,,,SPECIFIED,HQOS Event Bus; Mission Lifecycle; Operator Model; Archives; Doctrine Library; Council Protocol; Evidence Confidence System,277,9,True,True,False,False,True
HDR/13_PHASE_RECOVERY/Phase_05_to_06/PH6-0014_Personal_Laws_of_Nature.md,PH6-0014 — Personal Laws of Nature,,Intelligence,IMPORTANT,,,SPECIFIED,HQOS Event Bus; Mission Lifecycle; Operator Model; Archives; Doctrine Library; Council Protocol; Evidence Confidence System,279,9,True,True,False,False,True
HDR/13_PHASE_RECOVERY/Phase_05_to_06/PH6-0015_Complacency_Division.md,PH6-0015 — Complacency Division,,Institution,CORE,,,SPECIFIED,HQOS Event Bus; Mission Lifecycle; Operator Model; Archives; Doctrine Library; Council Protocol; Evidence Confidence System,281,9,True,True,False,False,True
HDR/13_PHASE_RECOVERY/Phase_05_to_06/PH6-0016_Success_Monitoring.md,PH6-0016 — Success Monitoring,,Guardian,CORE,,,SPECIFIED,HQOS Event Bus; Mission Lifecycle; Operator Model; Archives; Doctrine Library; Council Protocol; Evidence Confidence System,275,9,True,True,False,False,True
HDR/13_PHASE_RECOVERY/Phase_05_to_06/PH6-0017_Success_Drift.md,PH6-0017 — Success Drift,,Behavior,CORE,,,SPECIFIED,HQOS Event Bus; Mission Lifecycle; Operator Model; Archives; Doctrine Library; Council Protocol; Evidence Confidence System,280,9,True,True,False,False,True
HDR/13_PHASE_RECOVERY/Phase_05_to_06/PH6-0018_Confidence_Ceiling.md,PH6-0018 — Confidence Ceiling,,Behavior,IMPORTANT,,,SPECIFIED,HQOS Event Bus; Mission Lifecycle; Operator Model; Archives; Doctrine Library; Council Protocol; Evidence Confidence System,274,9,True,True,False,False,True
HDR/13_PHASE_RECOVERY/Phase_05_to_06/PH6-0019_Professional_Paradox.md,PH6-0019 — Professional Paradox,,Constitution,IMPORTANT,,,SPECIFIED,HQOS Event Bus; Mission Lifecycle; Operator Model; Archives; Doctrine Library; Council Protocol; Evidence Confidence System,271,9,True,True,False,False,True
HDR/13_PHASE_RECOVERY/Phase_05_to_06/PH6-0020_Guardian_Phase_II_Humility_Protection.md,PH6-0020 — Guardian Phase II Humility Protection,,Guardian,CORE,,,SPECIFIED,HQOS Event Bus; Mission Lifecycle; Operator Model; Archives; Doctrine Library; Council Protocol; Evidence Confidence System,276,9,True,True,False,False,True
HDR/13_PHASE_RECOVERY/Phase_05_to_06/PH6-0021_Trophy_Room_of_Evidence.md,PH6-0021 — Trophy Room of Evidence,,Building,IMPORTANT,,,SPECIFIED,HQOS Event Bus; Mission Lifecycle; Operator Model; Archives; Doctrine Library; Council Protocol; Evidence Confidence System,273,9,True,True,False,False,True
HDR/13_PHASE_RECOVERY/Phase_05_to_06/PH6-0022_Hall_of_Fallen_Giants.md,PH6-0022 — Hall of Fallen Giants,,Building,IMPORTANT,,,SPECIFIED,HQOS Event Bus; Mission Lifecycle; Operator Model; Archives; Doctrine Library; Council Protocol; Evidence Confidence System,275,9,True,True,False,False,True
HDR/13_PHASE_RECOVERY/Phase_05_to_06/PH6-0023_Success_With_Warning_Classification.md,PH6-0023 — Success With Warning Classification,,Archives,IMPORTANT,,,SPECIFIED,HQOS Event Bus; Mission Lifecycle; Operator Model; Archives; Doctrine Library; Council Protocol; Evidence Confidence System,273,9,True,True,False,False,True
HDR/13_PHASE_RECOVERY/Phase_05_to_06/PH6-0024_Decay_Engine.md,PH6-0024 — Decay Engine,,Behavior,CORE,,,SPECIFIED,HQOS Event Bus; Mission Lifecycle; Operator Model; Archives; Doctrine Library; Council Protocol; Evidence Confidence System,273,9,True,True,False,False,True
HDR/13_PHASE_RECOVERY/Phase_05_to_06/PH6-0025_Skill_Maintenance.md,PH6-0025 — Skill Maintenance,,Academy,IMPORTANT,,,SPECIFIED,HQOS Event Bus; Mission Lifecycle; Operator Model; Archives; Doctrine Library; Council Protocol; Evidence Confidence System,274,9,True,True,False,False,True
HDR/13_PHASE_RECOVERY/Phase_05_to_06/PH6-0026_Identity_Insurance_Policy.md,PH6-0026 — Identity Insurance Policy,,Operator,IMPORTANT,,,SPECIFIED,HQOS Event Bus; Mission Lifecycle; Operator Model; Archives; Doctrine Library; Council Protocol; Evidence Confidence System,274,9,True,True,False,False,True
HDR/13_PHASE_RECOVERY/Phase_05_to_06/PH6-0027_Hall_of_Future_Operators.md,PH6-0027 — Hall of Future Operators,,Building,IMPORTANT,,,SPECIFIED,HQOS Event Bus; Mission Lifecycle; Operator Model; Archives; Doctrine Library; Council Protocol; Evidence Confidence System,272,9,True,True,True,False,True
HDR/13_PHASE_RECOVERY/Phase_05_to_06/PH6-0028_Annual_Review_Council.md,PH6-0028 — Annual Review Council,,Operations,IMPORTANT,,,SPECIFIED,HQOS Event Bus; Mission Lifecycle; Operator Model; Archives; Doctrine Library; Council Protocol; Evidence Confidence System,274,9,True,True,False,False,True
HDR/13_PHASE_RECOVERY/Phase_05_to_06/PH6-0029_Legacy_Archive.md,PH6-0029 — Legacy Archive,,Archives,IMPORTANT,,,SPECIFIED,HQOS Event Bus; Mission Lifecycle; Operator Model; Archives; Doctrine Library; Council Protocol; Evidence Confidence System,275,9,True,True,False,False,True
HDR/13_PHASE_RECOVERY/Phase_05_to_06/PH6-0030_Headquarters_Axiom_Vote_For_Future.md,PH6-0030 — Headquarters Axiom Vote For Future,,Constitution,IMPORTANT,,,SPECIFIED,HQOS Event Bus; Mission Lifecycle; Operator Model; Archives; Doctrine Library; Council Protocol; Evidence Confidence System,277,9,True,True,True,False,True
HDR/13_PHASE_RECOVERY/Phase_05_to_06/PH6-0031_Professional_Identity_Management.md,PH6-0031 — Professional Identity Management,,Operator,CORE,,,SPECIFIED,HQOS Event Bus; Mission Lifecycle; Operator Model; Archives; Doctrine Library; Council Protocol; Evidence Confidence System,278,9,True,True,False,False,True
HDR/13_PHASE_RECOVERY/Phase_05_to_06/PH6-0032_Headquarters_Manifesto.md,PH6-0032 — Headquarters Manifesto,,Constitution,CORE,,,SPECIFIED,HQOS Event Bus; Mission Lifecycle; Operator Model; Archives; Doctrine Library; Council Protocol; Evidence Confidence System,275,9,True,True,False,False,True
HDR/13_PHASE_RECOVERY/Phase_05_to_06/PH6-0033_No_Manipulation_Law.md,PH6-0033 — No Manipulation Law,,Constitution,CORE,,,SPECIFIED,HQOS Event Bus; Mission Lifecycle; Operator Model; Archives; Doctrine Library; Council Protocol; Evidence Confidence System,269,9,True,True,False,False,True
HDR/13_PHASE_RECOVERY/Phase_05_to_06/PH6-0034_No_Shame_Law.md,PH6-0034 — No Shame Law,,Constitution,CORE,,,SPECIFIED,HQOS Event Bus; Mission Lifecycle; Operator Model; Archives; Doctrine Library; Council Protocol; Evidence Confidence System,268,9,True,True,False,False,True
HDR/13_PHASE_RECOVERY/Phase_05_to_06/PH6-0035_Respect_The_Operator_Law.md,PH6-0035 — Respect The Operator Law,,Constitution,CORE,,,SPECIFIED,HQOS Event Bus; Mission Lifecycle; Operator Model; Archives; Doctrine Library; Council Protocol; Evidence Confidence System,271,9,True,True,False,False,True
HDR/13_PHASE_RECOVERY/Phase_05_to_06/PH6-0036_No_Money_Celebration_Law.md,PH6-0036 — No Money Celebration Law,,Constitution,CORE,,,SPECIFIED,HQOS Event Bus; Mission Lifecycle; Operator Model; Archives; Doctrine Library; Council Protocol; Evidence Confidence System,270,9,True,True,False,False,True
HDR/13_PHASE_RECOVERY/Phase_05_to_06/PH6-0037_Institutional_Health.md,PH6-0037 — Institutional Health,,Engineering,IMPORTANT,,,SPECIFIED,HQOS Event Bus; Mission Lifecycle; Operator Model; Archives; Doctrine Library; Council Protocol; Evidence Confidence System,272,9,True,True,False,False,True
HDR/13_PHASE_RECOVERY/Phase_05_to_06/PH6-0038_Engineering_Oath.md,PH6-0038 — Engineering Oath,,Engineering,CORE,,,SPECIFIED,HQOS Event Bus; Mission Lifecycle; Operator Model; Archives; Doctrine Library; Council Protocol; Evidence Confidence System,271,9,True,True,False,False,True
HDR/13_PHASE_RECOVERY/Phase_05_to_06/PH6-0039_Headquarters_Minimalism.md,PH6-0039 — Headquarters Minimalism,,Interface,CORE,,,SPECIFIED,HQOS Event Bus; Mission Lifecycle; Operator Model; Archives; Doctrine Library; Council Protocol; Evidence Confidence System,269,9,True,True,False,False,True
HDR/13_PHASE_RECOVERY/Phase_05_to_06/PH6-0040_Three_Second_Screen_Rule.md,PH6-0040 — Three Second Screen Rule,,Interface,IMPORTANT,,,SPECIFIED,HQOS Event Bus; Mission Lifecycle; Operator Model; Archives; Doctrine Library; Council Protocol; Evidence Confidence System,270,9,True,True,False,False,True
HDR/13_PHASE_RECOVERY/Phase_05_to_06/PH6-0041_No_Decoration_Rule.md,PH6-0041 — No Decoration Rule,,Interface,CORE,,,SPECIFIED,HQOS Event Bus; Mission Lifecycle; Operator Model; Archives; Doctrine Library; Council Protocol; Evidence Confidence System,269,9,True,True,False,False,True
HDR/13_PHASE_RECOVERY/Phase_05_to_06/PH6-0042_Architectural_Review_Board.md,PH6-0042 — Architectural Review Board,,Engineering,IMPORTANT,,,SPECIFIED,HQOS Event Bus; Mission Lifecycle; Operator Model; Archives; Doctrine Library; Council Protocol; Evidence Confidence System,272,9,True,True,False,False,True
HDR/13_PHASE_RECOVERY/Phase_05_to_06/PH6-0043_Founder_Test.md,PH6-0043 — Founder Test,,Legacy,CORE,,,SPECIFIED,HQOS Event Bus; Mission Lifecycle; Operator Model; Archives; Doctrine Library; Council Protocol; Evidence Confidence System,264,9,True,True,False,False,True
HDR/13_PHASE_RECOVERY/Phase_05_to_06/PH6-0044_Archive_of_Removed_Features.md,PH6-0044 — Archive of Removed Features,,Archives,IMPORTANT,,,SPECIFIED,HQOS Event Bus; Mission Lifecycle; Operator Model; Archives; Doctrine Library; Council Protocol; Evidence Confidence System,268,9,True,True,False,False,True
HDR/13_PHASE_RECOVERY/Phase_05_to_06/PH6-0045_Longevity_Optimization.md,PH6-0045 — Longevity Optimization,,Engineering,CORE,,,SPECIFIED,HQOS Event Bus; Mission Lifecycle; Operator Model; Archives; Doctrine Library; Council Protocol; Evidence Confidence System,268,9,True,True,False,False,True
HDR/13_PHASE_RECOVERY/Phase_05_to_06/PH6-0046_Command_Chair_Test.md,PH6-0046 — Command Chair Test,,Engineering,CORE,,,SPECIFIED,HQOS Event Bus; Mission Lifecycle; Operator Model; Archives; Doctrine Library; Council Protocol; Evidence Confidence System,269,9,True,True,False,False,True
HDR/13_PHASE_RECOVERY/Phase_05_to_06/PH6-0047_Chain_of_Command.md,PH6-0047 — Chain of Command,,Institution,CORE,,,SPECIFIED,HQOS Event Bus; Mission Lifecycle; Operator Model; Archives; Doctrine Library; Council Protocol; Evidence Confidence System,274,9,True,True,False,False,True
HDR/13_PHASE_RECOVERY/Phase_05_to_06/PH6-0048_Command_Authority_Detection.md,PH6-0048 — Command Authority Detection,,Operator,CORE,,,SPECIFIED,HQOS Event Bus; Mission Lifecycle; Operator Model; Archives; Doctrine Library; Council Protocol; Evidence Confidence System,278,9,True,True,False,False,True
HDR/13_PHASE_RECOVERY/Phase_05_to_06/PH6-0049_Acting_Commander_States.md,PH6-0049 — Acting Commander States,,Operator,IMPORTANT,,,SPECIFIED,HQOS Event Bus; Mission Lifecycle; Operator Model; Archives; Doctrine Library; Council Protocol; Evidence Confidence System,271,9,True,True,False,False,True
HDR/13_PHASE_RECOVERY/Phase_05_to_06/PH6-0050_Emergency_Succession.md,PH6-0050 — Emergency Succession,,Guardian,CORE,,,SPECIFIED,HQOS Event Bus; Mission Lifecycle; Operator Model; Archives; Doctrine Library; Council Protocol; Evidence Confidence System,272,9,True,True,False,False,True
HDR/13_PHASE_RECOVERY/Phase_05_to_06/PH6-0051_Command_Transfer_Ceremony.md,PH6-0051 — Command Transfer Ceremony,,Experience,IMPORTANT,,,SPECIFIED,HQOS Event Bus; Mission Lifecycle; Operator Model; Archives; Doctrine Library; Council Protocol; Evidence Confidence System,268,9,True,True,False,False,True
HDR/13_PHASE_RECOVERY/Phase_05_to_06/PH6-0052_Rules_of_Engagement.md,PH6-0052 — Rules of Engagement,,Operations,CORE,,,SPECIFIED,HQOS Event Bus; Mission Lifecycle; Operator Model; Archives; Doctrine Library; Council Protocol; Evidence Confidence System,278,9,True,True,False,False,True
HDR/13_PHASE_RECOVERY/Phase_05_to_06/PH6-0053_Authority_Levels.md,PH6-0053 — Authority Levels,,HQOS,IMPORTANT,,,SPECIFIED,HQOS Event Bus; Mission Lifecycle; Operator Model; Archives; Doctrine Library; Council Protocol; Evidence Confidence System,270,9,True,True,False,False,True
HDR/13_PHASE_RECOVERY/Phase_05_to_06/PH6-0054_Operations_Journal.md,PH6-0054 — Operations Journal,,Archives,IMPORTANT,,,SPECIFIED,HQOS Event Bus; Mission Lifecycle; Operator Model; Archives; Doctrine Library; Council Protocol; Evidence Confidence System,272,9,True,True,False,False,True
HDR/13_PHASE_RECOVERY/Phase_05_to_06/PH6-0055_Situation_Room.md,PH6-0055 — Situation Room,,Building,IMPORTANT,,,SPECIFIED,HQOS Event Bus; Mission Lifecycle; Operator Model; Archives; Doctrine Library; Council Protocol; Evidence Confidence System,274,9,True,True,False,False,True
HDR/13_PHASE_RECOVERY/Phase_05_to_06/PH6-0056_Command_Ledger.md,PH6-0056 — Command Ledger,,Archives,CORE,,,SPECIFIED,HQOS Event Bus; Mission Lifecycle; Operator Model; Archives; Doctrine Library; Council Protocol; Evidence Confidence System,273,9,True,True,False,False,True
HDR/13_PHASE_RECOVERY/Phase_05_to_06/PH6-0057_Operational_Readiness_Conditions.md,PH6-0057 — Operational Readiness Conditions,,Operations,CORE,,,SPECIFIED,HQOS Event Bus; Mission Lifecycle; Operator Model; Archives; Doctrine Library; Council Protocol; Evidence Confidence System,274,9,True,True,False,False,True
HDR/13_PHASE_RECOVERY/Phase_05_to_06/PH6-0058_Permission_To_Deploy.md,PH6-0058 — Permission To Deploy,,Operations,CORE,,,SPECIFIED,HQOS Event Bus; Mission Lifecycle; Operator Model; Archives; Doctrine Library; Council Protocol; Evidence Confidence System,267,9,True,True,False,False,True
HDR/13_PHASE_RECOVERY/Phase_05_to_06/PH6-0059_Chair_Never_Lies_Symbol.md,PH6-0059 — Chair Never Lies Symbol,,Interface,IMPORTANT,,,SPECIFIED,HQOS Event Bus; Mission Lifecycle; Operator Model; Archives; Doctrine Library; Council Protocol; Evidence Confidence System,270,9,True,True,False,False,True
HDR/13_PHASE_RECOVERY/Phase_05_to_06/PH6-0060_Operator_Passport.md,PH6-0060 — Operator Passport,,Operator,IMPORTANT,,,SPECIFIED,HQOS Event Bus; Mission Lifecycle; Operator Model; Archives; Doctrine Library; Council Protocol; Evidence Confidence System,272,9,True,True,False,False,True
HDR/13_PHASE_RECOVERY/Phase_05_to_06/PH6-0061_Monday_Flag_Raising_Ceremony.md,PH6-0061 — Monday Flag Raising Ceremony,,Experience,IMPORTANT,,,SPECIFIED,HQOS Event Bus; Mission Lifecycle; Operator Model; Archives; Doctrine Library; Council Protocol; Evidence Confidence System,274,9,True,True,False,False,True
HDR/13_PHASE_RECOVERY/Phase_05_to_06/PH6-0062_Last_Resort_Protocol.md,PH6-0062 — Last Resort Protocol,,Guardian,CORE,,,SPECIFIED,HQOS Event Bus; Mission Lifecycle; Operator Model; Archives; Doctrine Library; Council Protocol; Evidence Confidence System,269,9,True,True,False,False,True
HDR/13_PHASE_RECOVERY/Phase_05_to_06/PH6-0063_Principle_of_Command.md,PH6-0063 — Principle of Command,,Constitution,CORE,,,SPECIFIED,HQOS Event Bus; Mission Lifecycle; Operator Model; Archives; Doctrine Library; Council Protocol; Evidence Confidence System,271,9,True,True,False,False,True
HDR/13_PHASE_RECOVERY/Phase_05_to_06/PH6-0064_Daily_Command_Chair_Question.md,PH6-0064 — Daily Command Chair Question,,Debrief,IMPORTANT,,,SPECIFIED,HQOS Event Bus; Mission Lifecycle; Operator Model; Archives; Doctrine Library; Council Protocol; Evidence Confidence System,273,9,True,True,False,False,True
HDR/13_PHASE_RECOVERY/Phase_05_to_06/PH6-0065_Headquarters_Exists_When_Market_Closed.md,PH6-0065 — Headquarters Exists When Market Closed,,Operations,CORE,,,SPECIFIED,HQOS Event Bus; Mission Lifecycle; Operator Model; Archives; Doctrine Library; Council Protocol; Evidence Confidence System,280,9,True,True,False,False,True
HDR/13_PHASE_RECOVERY/Phase_05_to_06/PH6-0066_Operations_Calendar.md,PH6-0066 — Operations Calendar,,Operations,IMPORTANT,,,SPECIFIED,HQOS Event Bus; Mission Lifecycle; Operator Model; Archives; Doctrine Library; Council Protocol; Evidence Confidence System,273,9,True,True,False,False,True
HDR/13_PHASE_RECOVERY/Phase_05_to_06/PH6-0067_Ambient_Department_Activity.md,PH6-0067 — Ambient Department Activity,,Building,OPTIONAL,,,SPECIFIED,HQOS Event Bus; Mission Lifecycle; Operator Model; Archives; Doctrine Library; Council Protocol; Evidence Confidence System,266,9,True,True,False,False,True
HDR/13_PHASE_RECOVERY/Phase_05_to_06/PH6-0068_Founders_Office_Locked_Door.md,PH6-0068 — Founders Office Locked Door,,Legacy,IMPORTANT,,,SPECIFIED,HQOS Event Bus; Mission Lifecycle; Operator Model; Archives; Doctrine Library; Council Protocol; Evidence Confidence System,273,9,True,True,False,False,True
HDR/13_PHASE_RECOVERY/Phase_05_to_06/PH6-0069_Silence_As_Approval.md,PH6-0069 — Silence As Approval,,Experience,CORE,,,SPECIFIED,HQOS Event Bus; Mission Lifecycle; Operator Model; Archives; Doctrine Library; Council Protocol; Evidence Confidence System,271,9,True,True,False,False,True
HDR/13_PHASE_RECOVERY/Phase_05_to_06/PH6-0070_Observation_Protocol.md,PH6-0070 — Observation Protocol,,Operations,CORE,,,SPECIFIED,HQOS Event Bus; Mission Lifecycle; Operator Model; Archives; Doctrine Library; Council Protocol; Evidence Confidence System,271,9,True,True,False,False,True
HDR/13_PHASE_RECOVERY/Phase_05_to_06/PH6-0071_Invisible_Victories_Recognition.md,PH6-0071 — Invisible Victories Recognition,,Recognition,CORE,,,SPECIFIED,HQOS Event Bus; Mission Lifecycle; Operator Model; Archives; Doctrine Library; Council Protocol; Evidence Confidence System,276,9,True,True,False,False,True
HDR/13_PHASE_RECOVERY/Phase_05_to_06/PH6-0072_Doctrine_Flame.md,PH6-0072 — Doctrine Flame,,Building,IMPORTANT,,,SPECIFIED,HQOS Event Bus; Mission Lifecycle; Operator Model; Archives; Doctrine Library; Council Protocol; Evidence Confidence System,268,9,True,True,False,False,True
HDR/13_PHASE_RECOVERY/Phase_05_to_06/PH6-0073_Legacy_Transfer.md,PH6-0073 — Legacy Transfer,,Legacy,OPTIONAL,,,SPECIFIED,HQOS Event Bus; Mission Lifecycle; Operator Model; Archives; Doctrine Library; Council Protocol; Evidence Confidence System,270,9,True,True,False,False,True
HDR/13_PHASE_RECOVERY/Phase_05_to_06/PH6-0074_Institutional_Memory_Core.md,PH6-0074 — Institutional Memory Core,,Archives,CORE,,,SPECIFIED,HQOS Event Bus; Mission Lifecycle; Operator Model; Archives; Doctrine Library; Council Protocol; Evidence Confidence System,271,9,True,True,False,False,True
HDR/13_PHASE_RECOVERY/Phase_05_to_06/PH6-0075_Five_Mission_Artifacts.md,PH6-0075 — Five Mission Artifacts,,Archives,CORE,,,SPECIFIED,HQOS Event Bus; Mission Lifecycle; Operator Model; Archives; Doctrine Library; Council Protocol; Evidence Confidence System,271,9,True,True,False,False,True
HDR/13_PHASE_RECOVERY/Phase_05_to_06/PH6-0076_Memory_Pyramid.md,PH6-0076 — Memory Pyramid,,Archives,IMPORTANT,,,SPECIFIED,HQOS Event Bus; Mission Lifecycle; Operator Model; Archives; Doctrine Library; Council Protocol; Evidence Confidence System,267,9,True,True,False,False,True
HDR/13_PHASE_RECOVERY/Phase_05_to_06/PH6-0077_Campaign_Books.md,PH6-0077 — Campaign Books,,Archives,IMPORTANT,,,SPECIFIED,HQOS Event Bus; Mission Lifecycle; Operator Model; Archives; Doctrine Library; Council Protocol; Evidence Confidence System,271,9,True,True,False,False,True
HDR/13_PHASE_RECOVERY/Phase_05_to_06/PH6-0078_Memory_Importance_Rating.md,PH6-0078 — Memory Importance Rating,,Archives,IMPORTANT,,,SPECIFIED,HQOS Event Bus; Mission Lifecycle; Operator Model; Archives; Doctrine Library; Council Protocol; Evidence Confidence System,273,9,True,True,False,False,True
HDR/13_PHASE_RECOVERY/Phase_05_to_06/PH6-0079_Memory_Graph.md,PH6-0079 — Memory Graph,,Archives,CORE,,,SPECIFIED,HQOS Event Bus; Mission Lifecycle; Operator Model; Archives; Doctrine Library; Council Protocol; Evidence Confidence System,273,9,True,True,False,False,True
HDR/13_PHASE_RECOVERY/Phase_05_to_06/PH6-0080_Historical_Events.md,PH6-0080 — Historical Events,,Archives,IMPORTANT,,,SPECIFIED,HQOS Event Bus; Mission Lifecycle; Operator Model; Archives; Doctrine Library; Council Protocol; Evidence Confidence System,272,9,True,True,False,False,True
HDR/13_PHASE_RECOVERY/Phase_05_to_06/PH6-0081_Idea_Family_Trees.md,PH6-0081 — Idea Family Trees,,Archives,IMPORTANT,,,SPECIFIED,HQOS Event Bus; Mission Lifecycle; Operator Model; Archives; Doctrine Library; Council Protocol; Evidence Confidence System,266,9,True,True,False,False,True
HDR/13_PHASE_RECOVERY/Phase_05_to_06/PH6-0082_Saved_Missions_Ledger.md,PH6-0082 — Saved Missions Ledger,,Guardian,IMPORTANT,,,SPECIFIED,HQOS Event Bus; Mission Lifecycle; Operator Model; Archives; Doctrine Library; Council Protocol; Evidence Confidence System,269,9,True,True,False,False,True
HDR/13_PHASE_RECOVERY/Phase_05_to_06/PH6-0083_Hall_of_Recovery.md,PH6-0083 — Hall of Recovery,,Building,IMPORTANT,,,SPECIFIED,HQOS Event Bus; Mission Lifecycle; Operator Model; Archives; Doctrine Library; Council Protocol; Evidence Confidence System,272,9,True,True,False,False,True
HDR/13_PHASE_RECOVERY/Phase_05_to_06/PH6-0084_Historian_Perspective_Messages.md,PH6-0084 — Historian Perspective Messages,,AI,IMPORTANT,,,SPECIFIED,HQOS Event Bus; Mission Lifecycle; Operator Model; Archives; Doctrine Library; Council Protocol; Evidence Confidence System,275,9,True,True,False,False,True
HDR/13_PHASE_RECOVERY/Phase_05_to_06/PH6-0085_Living_Museum.md,PH6-0085 — Living Museum,,Archives,IMPORTANT,,,SPECIFIED,HQOS Event Bus; Mission Lifecycle; Operator Model; Archives; Doctrine Library; Council Protocol; Evidence Confidence System,267,9,True,True,False,False,True
HDR/13_PHASE_RECOVERY/Phase_05_to_06/PH6-0086_Capsule_Ceremony.md,PH6-0086 — Capsule Ceremony,,Legacy,OPTIONAL,,,SPECIFIED,HQOS Event Bus; Mission Lifecycle; Operator Model; Archives; Doctrine Library; Council Protocol; Evidence Confidence System,270,9,True,True,False,False,True
HDR/13_PHASE_RECOVERY/Phase_05_to_06/PH6-0087_Institutional_Memory_Principle.md,PH6-0087 — Institutional Memory Principle,,Constitution,CORE,,,SPECIFIED,HQOS Event Bus; Mission Lifecycle; Operator Model; Archives; Doctrine Library; Council Protocol; Evidence Confidence System,270,9,True,True,False,False,True
HDR/13_PHASE_RECOVERY/Phase_05_to_06/PH6-0088_Campaign_Versioning.md,PH6-0088 — Campaign Versioning,,Engineering,IMPORTANT,,,SPECIFIED,HQOS Event Bus; Mission Lifecycle; Operator Model; Archives; Doctrine Library; Council Protocol; Evidence Confidence System,270,9,True,True,False,False,True
HDR/13_PHASE_RECOVERY/Phase_05_to_06/PH6-0089_Time_Architecture.md,PH6-0089 — Time Architecture,,Operations,CORE,,,SPECIFIED,HQOS Event Bus; Mission Lifecycle; Operator Model; Archives; Doctrine Library; Council Protocol; Evidence Confidence System,273,9,True,True,False,False,True
HDR/13_PHASE_RECOVERY/Phase_05_to_06/PH6-0090_Three_Clocks.md,PH6-0090 — Three Clocks,,Interface,IMPORTANT,,,SPECIFIED,HQOS Event Bus; Mission Lifecycle; Operator Model; Archives; Doctrine Library; Council Protocol; Evidence Confidence System,267,9,True,True,False,False,True
HDR/13_PHASE_RECOVERY/Phase_05_to_06/PH6-0091_Long_War_Perspective.md,PH6-0091 — Long War Perspective,,Psychology,CORE,,,SPECIFIED,HQOS Event Bus; Mission Lifecycle; Operator Model; Archives; Doctrine Library; Council Protocol; Evidence Confidence System,267,9,True,True,False,False,True
HDR/13_PHASE_RECOVERY/Phase_05_to_06/PH6-0092_Operator_Seasons.md,PH6-0092 — Operator Seasons,,Operations,IMPORTANT,,,SPECIFIED,HQOS Event Bus; Mission Lifecycle; Operator Model; Archives; Doctrine Library; Council Protocol; Evidence Confidence System,270,9,True,True,False,False,True
HDR/13_PHASE_RECOVERY/Phase_05_to_06/PH6-0093_Strategic_Patience.md,PH6-0093 — Strategic Patience,,Psychology,IMPORTANT,,,SPECIFIED,HQOS Event Bus; Mission Lifecycle; Operator Model; Archives; Doctrine Library; Council Protocol; Evidence Confidence System,268,9,True,True,False,False,True
HDR/13_PHASE_RECOVERY/Phase_05_to_06/PH6-0094_Campaign_Room.md,PH6-0094 — Campaign Room,,Building,IMPORTANT,,,SPECIFIED,HQOS Event Bus; Mission Lifecycle; Operator Model; Archives; Doctrine Library; Council Protocol; Evidence Confidence System,269,9,True,True,False,False,True
HDR/13_PHASE_RECOVERY/Phase_05_to_06/PH6-0095_Mission_Drift_Detection.md,PH6-0095 — Mission Drift Detection,,Behavior,CORE,,,SPECIFIED,HQOS Event Bus; Mission Lifecycle; Operator Model; Archives; Doctrine Library; Council Protocol; Evidence Confidence System,271,9,True,True,False,False,True
HDR/13_PHASE_RECOVERY/Phase_05_to_06/PH6-0096_Future_Archive_Shelves.md,PH6-0096 — Future Archive Shelves,,Building,OPTIONAL,,,SPECIFIED,HQOS Event Bus; Mission Lifecycle; Operator Model; Archives; Doctrine Library; Council Protocol; Evidence Confidence System,268,9,True,True,True,False,True
HDR/13_PHASE_RECOVERY/Phase_05_to_06/PH6-0097_Institutional_Maturity_Model.md,PH6-0097 — Institutional Maturity Model,,Legacy,IMPORTANT,,,SPECIFIED,HQOS Event Bus; Mission Lifecycle; Operator Model; Archives; Doctrine Library; Council Protocol; Evidence Confidence System,271,9,True,True,False,False,True
HDR/13_PHASE_RECOVERY/Phase_05_to_06/PH6-0098_Archives_Terminology.md,PH6-0098 — Archives Terminology,,Archives,CORE,,,SPECIFIED,HQOS Event Bus; Mission Lifecycle; Operator Model; Archives; Doctrine Library; Council Protocol; Evidence Confidence System,267,9,True,True,False,False,True
HDR/13_PHASE_RECOVERY/Phase_05_to_06/PH6-0099_Memory_Capital_Principle.md,PH6-0099 — Memory Capital Principle,,Constitution,IMPORTANT,,,SPECIFIED,HQOS Event Bus; Mission Lifecycle; Operator Model; Archives; Doctrine Library; Council Protocol; Evidence Confidence System,267,9,True,True,False,False,True
HDR/13_PHASE_RECOVERY/Phase_05_to_06/PH6-0100_Headquarters_Evolution_Law.md,PH6-0100 — Headquarters Evolution Law,,Legacy,CORE,,,SPECIFIED,HQOS Event Bus; Mission Lifecycle; Operator Model; Archives; Doctrine Library; Council Protocol; Evidence Confidence System,272,9,True,True,False,False,True
HDR/13_PHASE_RECOVERY/Phase_05_to_06/Phase_05_to_06_Summary.md,Phase 5.0 → Phase 6.0 Recovery Summary — Corrected,,13_PHASE_RECOVERY,,,,,,215,5,False,False,False,False,True
HDR/13_PHASE_RECOVERY/Phase_06_to_07x/Phase_06_to_07x_Summary.md,Phase 6.0 → Phase 7.x Recovery Summary,,13_PHASE_RECOVERY,,,,Recovered / Specification Draft,,172,4,False,False,False,False,False
HDR/13_PHASE_RECOVERY/Phase_06_to_07x/Constitution/REC-0600_Headquarters_Manifesto.md,REC-0600 — Headquarters Manifesto,REC-0600,Constitution,P0,Founder,01_CONSTITUTION,Recovered / Specification Draft,Repository README; Engineering Commandments; Rule of Elegance,163,10,True,True,True,True,True
HDR/13_PHASE_RECOVERY/Phase_06_to_07x/Constitution/REC-0602_Command_Chair_Test.md,REC-0602 — Command Chair Test,REC-0602,Constitution,P0,Founder,01_CONSTITUTION,Recovered / Specification Draft,Professional Joe; Command Chair; Rule of Elegance,149,10,True,True,True,True,True
HDR/13_PHASE_RECOVERY/Phase_06_to_07x/Constitution/REC-0660_Headquarters_Culture.md,REC-0660 — Headquarters Culture,REC-0660,Constitution,P0,Commander,01_CONSTITUTION,Recovered / Specification Draft,HQOS; Mission State; Operator Model; Archives,162,10,True,True,True,True,True
HDR/13_PHASE_RECOVERY/Phase_06_to_07x/Constitution/REC-0661_Headquarters_Covenant.md,REC-0661 — Headquarters Covenant,REC-0661,Constitution,P0,Commander,01_CONSTITUTION,Recovered / Specification Draft,HQOS; Mission State; Operator Model; Archives,160,10,True,True,True,True,True
HDR/13_PHASE_RECOVERY/Phase_06_to_07x/Constitution/REC-0662_Four_Pillars_Truth_Discipline_Responsibility_Improvement.md,REC-0662 — Four Pillars Truth Discipline Responsibility Improvement,REC-0662,Constitution,P0,Commander,01_CONSTITUTION,Recovered / Specification Draft,HQOS; Mission State; Operator Model; Archives,163,10,True,True,True,True,True
HDR/13_PHASE_RECOVERY/Phase_06_to_07x/Constitution/REC-0750_Rule_of_Elegance.md,REC-0750 — Rule of Elegance,REC-0750,Constitution,P0,Founder,01_CONSTITUTION,Recovered / Specification Draft,HQOS; Master Index; Archives; Council; Repository Standards,167,10,True,True,True,True,True
HDR/13_PHASE_RECOVERY/Phase_06_to_07x/Constitution/REC-0751_Five_Gates_Feature_Review.md,REC-0751 — Five Gates Feature Review,REC-0751,Constitution,P0,Founder,01_CONSTITUTION,Recovered / Specification Draft,HQOS; Master Index; Archives; Council; Repository Standards,170,10,True,True,True,True,True
HDR/13_PHASE_RECOVERY/Phase_06_to_07x/Constitution/REC-0752_Anti_Feature_List.md,REC-0752 — Anti Feature List,REC-0752,Constitution,P0,Founder,01_CONSTITUTION,Recovered / Specification Draft,HQOS; Master Index; Archives; Council; Repository Standards,167,10,True,True,True,True,True
HDR/13_PHASE_RECOVERY/Phase_06_to_07x/Engineering/REC-0601_Minimum_Viable_Institution.md,REC-0601 — Minimum Viable Institution,REC-0601,Engineering,P0,Engineer,10_ENGINEERING,Recovered / Specification Draft,Headquarters Manifesto; Roadmap; Master Index,163,10,True,True,True,True,True
HDR/13_PHASE_RECOVERY/Phase_06_to_07x/Engineering/REC-0770_HDR_Repository_Process.md,REC-0770 — HDR Repository Process,REC-0770,Engineering,P0,Engineer,10_ENGINEERING,Recovered / Specification Draft,HQOS; Master Index; Archives; Council; Repository Standards,166,10,True,True,True,True,True
HDR/13_PHASE_RECOVERY/Phase_06_to_07x/Engineering/REC-0771_Recovery_To_Normalization_Workflow.md,REC-0771 — Recovery To Normalization Workflow,REC-0771,Engineering,P0,Engineer,10_ENGINEERING,Recovered / Specification Draft,HQOS; Master Index; Archives; Council; Repository Standards,170,10,True,True,True,True,True
HDR/13_PHASE_RECOVERY/Phase_06_to_07x/Engineering/REC-0772_Master_Index_Generation.md,REC-0772 — Master Index Generation,REC-0772,Engineering,P0,Engineer,10_ENGINEERING,Recovered / Specification Draft,HQOS; Master Index; Archives; Council; Repository Standards,169,10,True,True,True,True,True
HDR/13_PHASE_RECOVERY/Phase_06_to_07x/Engineering/REC-0773_Design_Freeze_Audit.md,REC-0773 — Design Freeze Audit,REC-0773,Engineering,P0,Engineer,10_ENGINEERING,Recovered / Specification Draft,HQOS; Master Index; Archives; Council; Repository Standards,168,10,True,True,True,True,True
HDR/13_PHASE_RECOVERY/Phase_06_to_07x/Engineering/REC-0796_Engineering_Oath.md,REC-0796 — Engineering Oath,REC-0796,Engineering,P0,Engineer,10_ENGINEERING,Recovered / Specification Draft,HQOS; Interface System; Archives; Master Index,157,10,True,True,True,True,True
HDR/13_PHASE_RECOVERY/Phase_06_to_07x/Engineering/REC-0797_PR_Founder_Review_Template.md,REC-0797 — PR Founder Review Template,REC-0797,Engineering,P1,Engineer,10_ENGINEERING,Recovered / Specification Draft,HQOS; Interface System; Archives; Master Index,164,10,True,True,True,True,True
HDR/13_PHASE_RECOVERY/Phase_06_to_07x/Engineering/REC-0799_Broker_Independence_Principle.md,REC-0799 — Broker Independence Principle,REC-0799,Engineering,P0,Engineer,10_ENGINEERING,Recovered / Specification Draft,HQOS; Interface System; Archives; Master Index,159,10,True,True,True,True,True
HDR/13_PHASE_RECOVERY/Phase_06_to_07x/Operator_Command/REC-0610_Chain_of_Command.md,REC-0610 — Chain of Command,REC-0610,Operator / Command,P0,Commander,04_OPERATOR,Recovered / Specification Draft,Operator Model; Behavior Engine; Mission State; Guardian; HQOS Event Bus,185,10,True,True,True,True,True
HDR/13_PHASE_RECOVERY/Phase_06_to_07x/Operator_Command/REC-0611_Acting_Commander_States.md,REC-0611 — Acting Commander States,REC-0611,Operator / Command,P1,Commander,04_OPERATOR,Recovered / Specification Draft,Operator Model; Behavior Engine; Mission State; Guardian; HQOS Event Bus,189,10,True,True,True,True,True
HDR/13_PHASE_RECOVERY/Phase_06_to_07x/Operator_Command/REC-0612_Command_Transfer_Ceremony.md,REC-0612 — Command Transfer Ceremony,REC-0612,Operator / Command,P1,Commander,04_OPERATOR,Recovered / Specification Draft,Operator Model; Behavior Engine; Mission State; Guardian; HQOS Event Bus,187,10,True,True,True,True,True
HDR/13_PHASE_RECOVERY/Phase_06_to_07x/Operator_Command/REC-0613_Emergency_Succession.md,REC-0613 — Emergency Succession,REC-0613,Operator / Command,P1,Commander,04_OPERATOR,Recovered / Specification Draft,Operator Model; Behavior Engine; Mission State; Guardian; HQOS Event Bus,186,10,True,True,True,True,True
HDR/13_PHASE_RECOVERY/Phase_06_to_07x/Operator_Command/REC-0614_Rules_of_Engagement.md,REC-0614 — Rules of Engagement,REC-0614,Operator / Command,P0,Commander,04_OPERATOR,Recovered / Specification Draft,Operator Model; Behavior Engine; Mission State; Guardian; HQOS Event Bus,189,10,True,True,True,True,True
HDR/13_PHASE_RECOVERY/Phase_06_to_07x/Operator_Command/REC-0615_Authority_Levels.md,REC-0615 — Authority Levels,REC-0615,Operator / Command,P1,Commander,04_OPERATOR,Recovered / Specification Draft,Operator Model; Behavior Engine; Mission State; Guardian; HQOS Event Bus,191,10,True,True,True,True,True
HDR/13_PHASE_RECOVERY/Phase_06_to_07x/Operator_Command/REC-0616_Command_Ledger.md,REC-0616 — Command Ledger,REC-0616,Operator / Command,P0,Commander,04_OPERATOR,Recovered / Specification Draft,Operator Model; Behavior Engine; Mission State; Guardian; HQOS Event Bus,193,10,True,True,True,True,True
HDR/13_PHASE_RECOVERY/Phase_06_to_07x/Operator_Command/REC-0617_Operational_Readiness_Conditions.md,REC-0617 — Operational Readiness Conditions,REC-0617,Operator / Command,P1,Commander,04_OPERATOR,Recovered / Specification Draft,Operator Model; Behavior Engine; Mission State; Guardian; HQOS Event Bus,188,10,True,True,True,True,True
HDR/13_PHASE_RECOVERY/Phase_06_to_07x/Operator_Command/REC-0618_Chair_Never_Lies_Indicator.md,REC-0618 — Chair Never Lies Indicator,REC-0618,Operator / Command,P1,Commander,04_OPERATOR,Recovered / Specification Draft,Operator Model; Behavior Engine; Mission State; Guardian; HQOS Event Bus,190,10,True,True,True,True,True
HDR/13_PHASE_RECOVERY/Phase_06_to_07x/Operator_Command/REC-0619_Last_Resort_Protocol.md,REC-0619 — Last Resort Protocol,REC-0619,Operator / Command,P1,Commander,04_OPERATOR,Recovered / Specification Draft,Operator Model; Behavior Engine; Mission State; Guardian; HQOS Event Bus,187,10,True,True,True,True,True
HDR/13_PHASE_RECOVERY/Phase_06_to_07x/Operations/REC-0620_Headquarters_Exists_When_Market_Closed.md,REC-0620 — Headquarters Exists When Market Closed,REC-0620,Operations,P1,Operations,05_OPERATIONS,Recovered / Specification Draft,HQOS Heartbeat; Archives; Night Operations; Rhythm Engine,184,10,True,True,True,True,True
HDR/13_PHASE_RECOVERY/Phase_06_to_07x/Operations/REC-0621_Operations_Calendar.md,REC-0621 — Operations Calendar,REC-0621,Operations,P1,Operations,05_OPERATIONS,Recovered / Specification Draft,HQOS Heartbeat; Archives; Night Operations; Rhythm Engine,177,10,True,True,True,True,True
HDR/13_PHASE_RECOVERY/Phase_06_to_07x/Operations/REC-0624_Observation_Protocol.md,REC-0624 — Observation Protocol,REC-0624,Operations,P1,Operations,05_OPERATIONS,Recovered / Specification Draft,HQOS Heartbeat; Archives; Night Operations; Rhythm Engine,174,10,True,True,True,True,True
HDR/13_PHASE_RECOVERY/Phase_06_to_07x/Operations/REC-0650_Operational_Cycle.md,REC-0650 — Operational Cycle,REC-0650,Operations,P0,Commander,05_OPERATIONS,Recovered / Specification Draft,HQOS; Mission State; Operator Model; Archives,162,10,True,True,True,True,True
HDR/13_PHASE_RECOVERY/Phase_06_to_07x/Operations/REC-0651_Arrival_Report.md,REC-0651 — Arrival Report,REC-0651,Operations,P0,Commander,05_OPERATIONS,Recovered / Specification Draft,HQOS; Mission State; Operator Model; Archives,159,10,True,True,True,True,True
HDR/13_PHASE_RECOVERY/Phase_06_to_07x/Operations/REC-0652_Operational_State_Classification.md,REC-0652 — Operational State Classification,REC-0652,Operations,P0,Commander,05_OPERATIONS,Recovered / Specification Draft,HQOS; Mission State; Operator Model; Archives,166,10,True,True,True,True,True
HDR/13_PHASE_RECOVERY/Phase_06_to_07x/Operations/REC-0653_Deployment_Window.md,REC-0653 — Deployment Window,REC-0653,Operations,P0,Commander,05_OPERATIONS,Recovered / Specification Draft,HQOS; Mission State; Operator Model; Archives,157,10,True,True,True,True,True
HDR/13_PHASE_RECOVERY/Phase_06_to_07x/Operations/REC-0655_Command_Seal.md,REC-0655 — Command Seal,REC-0655,Operations,P1,Commander,05_OPERATIONS,Recovered / Specification Draft,HQOS; Mission State; Operator Model; Archives,161,10,True,True,True,True,True
HDR/13_PHASE_RECOVERY/Phase_06_to_07x/Operations/REC-0740_Rhythm_Engine.md,REC-0740 — Rhythm Engine,REC-0740,Operations,P0,Operations,05_OPERATIONS,Recovered / Specification Draft,HQOS; Master Index; Archives; Council; Repository Standards,165,10,True,True,True,True,True
HDR/13_PHASE_RECOVERY/Phase_06_to_07x/Operations/REC-0741_Monday_Campaign_Ceremony.md,REC-0741 — Monday Campaign Ceremony,REC-0741,Operations,P1,Operations,05_OPERATIONS,Recovered / Specification Draft,HQOS; Master Index; Archives; Council; Repository Standards,164,10,True,True,True,True,True
HDR/13_PHASE_RECOVERY/Phase_06_to_07x/Operations/REC-0742_Monthly_Council_Review.md,REC-0742 — Monthly Council Review,REC-0742,Operations,P1,Operations,05_OPERATIONS,Recovered / Specification Draft,HQOS; Master Index; Archives; Council; Repository Standards,164,10,True,True,True,True,True
HDR/13_PHASE_RECOVERY/Phase_06_to_07x/Operations/REC-0743_Annual_Stewardship_Review.md,REC-0743 — Annual Stewardship Review,REC-0743,Operations,P1,Operations,05_OPERATIONS,Recovered / Specification Draft,HQOS; Master Index; Archives; Council; Repository Standards,168,10,True,True,True,True,True
HDR/13_PHASE_RECOVERY/Phase_06_to_07x/Operations/REC-0802_Manual_Mission_Deploy_Fallback.md,REC-0802 — Manual Mission Deploy Fallback,REC-0802,Operations,P0,Engineer,01_CONSTITUTION,Recovered / Specification Draft,HQOS; Interface System; Archives; Master Index,165,10,True,True,True,True,True
HDR/13_PHASE_RECOVERY/Phase_06_to_07x/Building/REC-0622_Department_Ambient_Activity.md,REC-0622 — Department Ambient Activity,REC-0622,Building,P1,Operations,03_BUILDING,Recovered / Specification Draft,HQOS Heartbeat; Archives; Night Operations; Rhythm Engine,180,10,True,True,True,True,True
HDR/13_PHASE_RECOVERY/Phase_06_to_07x/Building/REC-0626_Doctrine_Flame.md,REC-0626 — Doctrine Flame,REC-0626,Building,P1,Operations,03_BUILDING,Recovered / Specification Draft,HQOS Heartbeat; Archives; Night Operations; Rhythm Engine,172,10,True,True,True,True,True
HDR/13_PHASE_RECOVERY/Phase_06_to_07x/Building/REC-0628_Exit_Wall_Inscription.md,REC-0628 — Exit Wall Inscription,REC-0628,Building,P1,Operations,03_BUILDING,Recovered / Specification Draft,HQOS Heartbeat; Archives; Night Operations; Rhythm Engine,182,10,True,True,True,True,True
HDR/13_PHASE_RECOVERY/Phase_06_to_07x/Building/REC-0654_Ready_Room_Lockers.md,REC-0654 — Ready Room Lockers,REC-0654,Building,P1,Engineer,03_BUILDING,Recovered / Specification Draft,HQOS; Mission State; Operator Model; Archives,164,10,True,True,True,True,True
HDR/13_PHASE_RECOVERY/Phase_06_to_07x/Building/REC-0670_Presence_Engine.md,REC-0670 — Presence Engine,REC-0670,Building,P1,Engineer,03_BUILDING,Recovered / Specification Draft,HQOS; Mission State; Operator Model; Archives,160,10,True,True,True,True,True
HDR/13_PHASE_RECOVERY/Phase_06_to_07x/Building/REC-0671_Transition_Zone.md,REC-0671 — Transition Zone,REC-0671,Building,P1,Engineer,03_BUILDING,Recovered / Specification Draft,HQOS; Mission State; Operator Model; Archives,160,10,True,True,True,True,True
HDR/13_PHASE_RECOVERY/Phase_06_to_07x/Building/REC-0672_Command_Light_Alignment.md,REC-0672 — Command Light Alignment,REC-0672,Building,P1,Engineer,03_BUILDING,Recovered / Specification Draft,HQOS; Mission State; Operator Model; Archives,160,10,True,True,True,True,True
HDR/13_PHASE_RECOVERY/Phase_06_to_07x/Building/REC-0673_Shadow_Protocol.md,REC-0673 — Shadow Protocol,REC-0673,Building,P1,Engineer,03_BUILDING,Recovered / Specification Draft,HQOS; Mission State; Operator Model; Archives,160,10,True,True,True,True,True
HDR/13_PHASE_RECOVERY/Phase_06_to_07x/Building/REC-0674_Dawn_Protocol.md,REC-0674 — Dawn Protocol,REC-0674,Building,P1,Engineer,03_BUILDING,Recovered / Specification Draft,HQOS; Mission State; Operator Model; Archives,158,10,True,True,True,True,True
HDR/13_PHASE_RECOVERY/Phase_06_to_07x/Building/REC-0675_Night_Protocol.md,REC-0675 — Night Protocol,REC-0675,Building,P1,Engineer,03_BUILDING,Recovered / Specification Draft,HQOS; Mission State; Operator Model; Archives,161,10,True,True,True,True,True
HDR/13_PHASE_RECOVERY/Phase_06_to_07x/Building/REC-0792_Campaign_Flags_Corridor.md,REC-0792 — Campaign Flags Corridor,REC-0792,Building,P1,Engineer,01_CONSTITUTION,Recovered / Specification Draft,HQOS; Interface System; Archives; Master Index,161,10,True,True,True,True,True
HDR/13_PHASE_RECOVERY/Phase_06_to_07x/Legacy/REC-0623_Founder_Locked_Office.md,REC-0623 — Founder Locked Office,REC-0623,Legacy,P1,Historian,12_LEGACY,Recovered / Specification Draft,HQOS Heartbeat; Archives; Night Operations; Rhythm Engine,178,10,True,True,True,True,True
HDR/13_PHASE_RECOVERY/Phase_06_to_07x/Legacy/REC-0627_Legacy_Transfer.md,REC-0627 — Legacy Transfer,REC-0627,Legacy,P1,Historian,12_LEGACY,Recovered / Specification Draft,HQOS Heartbeat; Archives; Night Operations; Rhythm Engine,177,10,True,True,True,True,True
HDR/13_PHASE_RECOVERY/Phase_06_to_07x/Legacy/REC-0753_Archive_of_Removed_Features.md,REC-0753 — Archive of Removed Features,REC-0753,Legacy,P2,Founder,12_LEGACY,Recovered / Specification Draft,HQOS; Master Index; Archives; Council; Repository Standards,171,10,True,True,True,True,True
HDR/13_PHASE_RECOVERY/Phase_06_to_07x/Legacy/REC-0760_Evolution_Doctrine.md,REC-0760 — Evolution Doctrine,REC-0760,Legacy,P0,Founder,12_LEGACY,Recovered / Specification Draft,HQOS; Master Index; Archives; Council; Repository Standards,168,10,True,True,True,True,True
HDR/13_PHASE_RECOVERY/Phase_06_to_07x/Legacy/REC-0761_Constitutional_Amendments.md,REC-0761 — Constitutional Amendments,REC-0761,Legacy,P0,Founder,12_LEGACY,Recovered / Specification Draft,HQOS; Master Index; Archives; Council; Repository Standards,164,10,True,True,True,True,True
HDR/13_PHASE_RECOVERY/Phase_06_to_07x/Legacy/REC-0762_Foundational_Cases.md,REC-0762 — Foundational Cases,REC-0762,Legacy,P1,Founder,12_LEGACY,Recovered / Specification Draft,HQOS; Master Index; Archives; Council; Repository Standards,166,10,True,True,True,True,True
HDR/13_PHASE_RECOVERY/Phase_06_to_07x/Legacy/REC-0763_Wisdom_Threshold.md,REC-0763 — Wisdom Threshold,REC-0763,Legacy,P0,Founder,12_LEGACY,Recovered / Specification Draft,HQOS; Master Index; Archives; Council; Repository Standards,166,10,True,True,True,True,True
HDR/13_PHASE_RECOVERY/Phase_06_to_07x/Legacy/REC-0793_Twenty_Year_Wall.md,REC-0793 — Twenty Year Wall,REC-0793,Legacy,P2,Engineer,12_LEGACY,Recovered / Specification Draft,HQOS; Interface System; Archives; Master Index,162,10,True,True,True,True,True
HDR/13_PHASE_RECOVERY/Phase_06_to_07x/Legacy/REC-0794_Founder_Questions.md,REC-0794 — Founder Questions,REC-0794,Legacy,P1,Engineer,12_LEGACY,Recovered / Specification Draft,HQOS; Interface System; Archives; Master Index,158,10,True,True,True,True,True
HDR/13_PHASE_RECOVERY/Phase_06_to_07x/Legacy/REC-0795_Founders_Journal.md,REC-0795 — Founders Journal,REC-0795,Legacy,P0,Engineer,12_LEGACY,Recovered / Specification Draft,HQOS; Interface System; Archives; Master Index,157,10,True,True,True,True,True
HDR/13_PHASE_RECOVERY/Phase_06_to_07x/Institution/REC-0625_Recognition_Office_Invisible_Victories.md,REC-0625 — Recognition Office Invisible Victories,REC-0625,Institution,P1,Operations,02_INSTITUTION,Recovered / Specification Draft,HQOS Heartbeat; Archives; Night Operations; Rhythm Engine,177,10,True,True,True,True,True
HDR/13_PHASE_RECOVERY/Phase_06_to_07x/Institution/REC-0680_Trust_Engine.md,REC-0680 — Trust Engine,REC-0680,Institution,P0,Engineer,02_INSTITUTION,Recovered / Specification Draft,HQOS; Mission State; Operator Model; Archives,160,10,True,True,True,True,True
HDR/13_PHASE_RECOVERY/Phase_06_to_07x/Institution/REC-0681_Recommendation_Ledger.md,REC-0681 — Recommendation Ledger,REC-0681,Institution,P0,Engineer,02_INSTITUTION,Recovered / Specification Draft,HQOS; Mission State; Operator Model; Archives,160,10,True,True,True,True,True
HDR/13_PHASE_RECOVERY/Phase_06_to_07x/Institution/REC-0682_Silence_Budget.md,REC-0682 — Silence Budget,REC-0682,Institution,P1,Engineer,02_INSTITUTION,Recovered / Specification Draft,HQOS; Mission State; Operator Model; Archives,157,10,True,True,True,True,True
HDR/13_PHASE_RECOVERY/Phase_06_to_07x/Institution/REC-0683_One_Sentence_Rule.md,REC-0683 — One Sentence Rule,REC-0683,Institution,P1,Engineer,02_INSTITUTION,Recovered / Specification Draft,HQOS; Mission State; Operator Model; Archives,162,10,True,True,True,True,True
HDR/13_PHASE_RECOVERY/Phase_06_to_07x/Archives_Time/REC-0630_Institutional_Memory_Core.md,REC-0630 — Institutional Memory Core,REC-0630,Archives / Time,P0,Historian,08_ARCHIVES,Recovered / Specification Draft,Archives; SQLite Schema; Historian; Mission Engine; Campaign Engine,173,10,True,True,True,True,True
HDR/13_PHASE_RECOVERY/Phase_06_to_07x/Archives_Time/REC-0631_Five_Mission_Artifacts.md,REC-0631 — Five Mission Artifacts,REC-0631,Archives / Time,P0,Historian,08_ARCHIVES,Recovered / Specification Draft,Archives; SQLite Schema; Historian; Mission Engine; Campaign Engine,173,10,True,True,True,True,True
HDR/13_PHASE_RECOVERY/Phase_06_to_07x/Archives_Time/REC-0632_Memory_Pyramid.md,REC-0632 — Memory Pyramid,REC-0632,Archives / Time,P0,Historian,08_ARCHIVES,Recovered / Specification Draft,Archives; SQLite Schema; Historian; Mission Engine; Campaign Engine,169,10,True,True,True,True,True
HDR/13_PHASE_RECOVERY/Phase_06_to_07x/Archives_Time/REC-0633_Campaign_Books.md,REC-0633 — Campaign Books,REC-0633,Archives / Time,P1,Historian,08_ARCHIVES,Recovered / Specification Draft,Archives; SQLite Schema; Historian; Mission Engine; Campaign Engine,176,10,True,True,True,True,True
HDR/13_PHASE_RECOVERY/Phase_06_to_07x/Archives_Time/REC-0634_Memory_Graph.md,REC-0634 — Memory Graph,REC-0634,Archives / Time,P1,Historian,08_ARCHIVES,Recovered / Specification Draft,Archives; SQLite Schema; Historian; Mission Engine; Campaign Engine,171,10,True,True,True,True,True
HDR/13_PHASE_RECOVERY/Phase_06_to_07x/Archives_Time/REC-0635_Saved_Missions_Ledger.md,REC-0635 — Saved Missions Ledger,REC-0635,Archives / Time,P1,Historian,08_ARCHIVES,Recovered / Specification Draft,Archives; SQLite Schema; Historian; Mission Engine; Campaign Engine,169,10,True,True,True,True,True
HDR/13_PHASE_RECOVERY/Phase_06_to_07x/Archives_Time/REC-0636_Time_Capsule_Ceremony.md,REC-0636 — Time Capsule Ceremony,REC-0636,Archives / Time,P2,Historian,08_ARCHIVES,Recovered / Specification Draft,Archives; SQLite Schema; Historian; Mission Engine; Campaign Engine,170,10,True,True,True,True,True
HDR/13_PHASE_RECOVERY/Phase_06_to_07x/Archives_Time/REC-0637_Memory_Confidence.md,REC-0637 — Memory Confidence,REC-0637,Archives / Time,P0,Historian,08_ARCHIVES,Recovered / Specification Draft,Archives; SQLite Schema; Historian; Mission Engine; Campaign Engine,169,10,True,True,True,True,True
HDR/13_PHASE_RECOVERY/Phase_06_to_07x/Archives_Time/REC-0640_Time_Architecture.md,REC-0640 — Time Architecture,REC-0640,Archives / Time,P0,Historian,04_OPERATOR,Recovered / Specification Draft,Archives; SQLite Schema; Historian; Mission Engine; Campaign Engine,169,10,True,True,True,True,True
HDR/13_PHASE_RECOVERY/Phase_06_to_07x/Archives_Time/REC-0641_Three_Clocks.md,REC-0641 — Three Clocks,REC-0641,Archives / Time,P1,Historian,04_OPERATOR,Recovered / Specification Draft,Archives; SQLite Schema; Historian; Mission Engine; Campaign Engine,168,10,True,True,True,True,True
HDR/13_PHASE_RECOVERY/Phase_06_to_07x/Archives_Time/REC-0642_Career_Status_Campaign_Interrupted_Career_Continues.md,REC-0642 — Career Status Campaign Interrupted Career Continues,REC-0642,Archives / Time,P1,Historian,04_OPERATOR,Recovered / Specification Draft,Archives; SQLite Schema; Historian; Mission Engine; Campaign Engine,178,10,True,True,True,True,True
HDR/13_PHASE_RECOVERY/Phase_06_to_07x/Archives_Time/REC-0643_Operator_Seasons.md,REC-0643 — Operator Seasons,REC-0643,Archives / Time,P1,Historian,04_OPERATOR,Recovered / Specification Draft,Archives; SQLite Schema; Historian; Mission Engine; Campaign Engine,171,10,True,True,True,True,True
HDR/13_PHASE_RECOVERY/Phase_06_to_07x/Archives_Time/REC-0644_Strategic_Patience.md,REC-0644 — Strategic Patience,REC-0644,Archives / Time,P1,Historian,04_OPERATOR,Recovered / Specification Draft,Archives; SQLite Schema; Historian; Mission Engine; Campaign Engine,167,10,True,True,True,True,True
HDR/13_PHASE_RECOVERY/Phase_06_to_07x/Archives_Time/REC-0645_Future_Archive_Shelves.md,REC-0645 — Future Archive Shelves,REC-0645,Archives / Time,P2,Historian,04_OPERATOR,Recovered / Specification Draft,Archives; SQLite Schema; Historian; Mission Engine; Campaign Engine,173,10,True,True,True,True,True
HDR/13_PHASE_RECOVERY/Phase_06_to_07x/Archives_Time/REC-0646_Institutional_Maturity.md,REC-0646 — Institutional Maturity,REC-0646,Archives / Time,P1,Historian,04_OPERATOR,Recovered / Specification Draft,Archives; SQLite Schema; Historian; Mission Engine; Campaign Engine,168,10,True,True,True,True,True
HDR/13_PHASE_RECOVERY/Phase_06_to_07x/Archives_Time/REC-0647_Archives_Naming_Doctrine.md,REC-0647 — Archives Naming Doctrine,REC-0647,Archives / Time,P0,Historian,08_ARCHIVES,Recovered / Specification Draft,Archives; SQLite Schema; Historian; Mission Engine; Campaign Engine,171,10,True,True,True,True,True
HDR/13_PHASE_RECOVERY/Phase_06_to_07x/Academy/REC-0684_Graduation_Test.md,REC-0684 — Graduation Test,REC-0684,Academy,P2,Engineer,11_ACADEMY,Recovered / Specification Draft,HQOS; Mission State; Operator Model; Archives,160,10,True,True,True,True,True
HDR/13_PHASE_RECOVERY/Phase_06_to_07x/Academy/REC-0803_Simulation_Without_Broker.md,REC-0803 — Simulation Without Broker,REC-0803,Academy,P1,Engineer,11_ACADEMY,Recovered / Specification Draft,HQOS; Interface System; Archives; Master Index,163,10,True,True,True,True,True
HDR/13_PHASE_RECOVERY/Phase_06_to_07x/Academy/REC-0806_Research_Division_Isolation.md,REC-0806 — Research Division Isolation,REC-0806,Academy,P1,Engineer,11_ACADEMY,Recovered / Specification Draft,HQOS; Interface System; Archives; Master Index,158,10,True,True,True,True,True
HDR/13_PHASE_RECOVERY/Phase_06_to_07x/Stewardship_Judgment/REC-0690_Stewardship_Engine.md,REC-0690 — Stewardship Engine,REC-0690,Stewardship / Judgment,P0,Guardian,05_OPERATIONS,Recovered / Specification Draft,Funded Mode; Guardian; Operator Model; Mission Events; Archives,165,10,True,True,True,True,True
HDR/13_PHASE_RECOVERY/Phase_06_to_07x/Stewardship_Judgment/REC-0691_Capital_Under_Protection_Language.md,REC-0691 — Capital Under Protection Language,REC-0691,Stewardship / Judgment,P0,Guardian,05_OPERATIONS,Recovered / Specification Draft,Funded Mode; Guardian; Operator Model; Mission Events; Archives,170,10,True,True,True,True,True
HDR/13_PHASE_RECOVERY/Phase_06_to_07x/Stewardship_Judgment/REC-0692_Stewards_Desk.md,REC-0692 — Stewards Desk,REC-0692,Stewardship / Judgment,P1,Guardian,05_OPERATIONS,Recovered / Specification Draft,Funded Mode; Guardian; Operator Model; Mission Events; Archives,164,10,True,True,True,True,True
HDR/13_PHASE_RECOVERY/Phase_06_to_07x/Stewardship_Judgment/REC-0693_Vault_Walk.md,REC-0693 — Vault Walk,REC-0693,Stewardship / Judgment,P1,Guardian,05_OPERATIONS,Recovered / Specification Draft,Funded Mode; Guardian; Operator Model; Mission Events; Archives,169,10,True,True,True,True,True
HDR/13_PHASE_RECOVERY/Phase_06_to_07x/Stewardship_Judgment/REC-0694_Custodian_Oath.md,REC-0694 — Custodian Oath,REC-0694,Stewardship / Judgment,P0,Guardian,05_OPERATIONS,Recovered / Specification Draft,Funded Mode; Guardian; Operator Model; Mission Events; Archives,165,10,True,True,True,True,True
HDR/13_PHASE_RECOVERY/Phase_06_to_07x/Stewardship_Judgment/REC-0695_Capital_Integrity.md,REC-0695 — Capital Integrity,REC-0695,Stewardship / Judgment,P0,Guardian,05_OPERATIONS,Recovered / Specification Draft,Funded Mode; Guardian; Operator Model; Mission Events; Archives,166,10,True,True,True,True,True
HDR/13_PHASE_RECOVERY/Phase_06_to_07x/Stewardship_Judgment/REC-0696_Success_Burden.md,REC-0696 — Success Burden,REC-0696,Stewardship / Judgment,P0,Guardian,05_OPERATIONS,Recovered / Specification Draft,Funded Mode; Guardian; Operator Model; Mission Events; Archives,164,10,True,True,True,True,True
HDR/13_PHASE_RECOVERY/Phase_06_to_07x/Stewardship_Judgment/REC-0700_Judgment_Engine.md,REC-0700 — Judgment Engine,REC-0700,Stewardship / Judgment,P0,Medical Officer,04_OPERATOR,Recovered / Specification Draft,Funded Mode; Guardian; Operator Model; Mission Events; Archives,165,10,True,True,True,True,True
HDR/13_PHASE_RECOVERY/Phase_06_to_07x/Stewardship_Judgment/REC-0701_Judgment_Reserve.md,REC-0701 — Judgment Reserve,REC-0701,Stewardship / Judgment,P0,Medical Officer,04_OPERATOR,Recovered / Specification Draft,Funded Mode; Guardian; Operator Model; Mission Events; Archives,165,10,True,True,True,True,True
HDR/13_PHASE_RECOVERY/Phase_06_to_07x/Stewardship_Judgment/REC-0702_Decision_Fatigue_Counter.md,REC-0702 — Decision Fatigue Counter,REC-0702,Stewardship / Judgment,P0,Medical Officer,04_OPERATOR,Recovered / Specification Draft,Funded Mode; Guardian; Operator Model; Mission Events; Archives,166,10,True,True,True,True,True
HDR/13_PHASE_RECOVERY/Phase_06_to_07x/Stewardship_Judgment/REC-0703_Decision_Precision.md,REC-0703 — Decision Precision,REC-0703,Stewardship / Judgment,P0,Medical Officer,04_OPERATOR,Recovered / Specification Draft,Funded Mode; Guardian; Operator Model; Mission Events; Archives,164,10,True,True,True,True,True
HDR/13_PHASE_RECOVERY/Phase_06_to_07x/Stewardship_Judgment/REC-0704_Mental_Noise_Detector.md,REC-0704 — Mental Noise Detector,REC-0704,Stewardship / Judgment,P1,Medical Officer,04_OPERATOR,Recovered / Specification Draft,Funded Mode; Guardian; Operator Model; Mission Events; Archives,169,10,True,True,True,True,True
HDR/13_PHASE_RECOVERY/Phase_06_to_07x/Stewardship_Judgment/REC-0705_Noise_Floor.md,REC-0705 — Noise Floor,REC-0705,Stewardship / Judgment,P1,Medical Officer,04_OPERATOR,Recovered / Specification Draft,Funded Mode; Guardian; Operator Model; Mission Events; Archives,166,10,True,True,True,True,True
HDR/13_PHASE_RECOVERY/Phase_06_to_07x/Stewardship_Judgment/REC-0706_Decision_Latency_Graph.md,REC-0706 — Decision Latency Graph,REC-0706,Stewardship / Judgment,P1,Medical Officer,04_OPERATOR,Recovered / Specification Draft,Funded Mode; Guardian; Operator Model; Mission Events; Archives,168,10,True,True,True,True,True
HDR/13_PHASE_RECOVERY/Phase_06_to_07x/Stewardship_Judgment/REC-0707_Thinking_Room_Protocol.md,REC-0707 — Thinking Room Protocol,REC-0707,Stewardship / Judgment,P1,Medical Officer,04_OPERATOR,Recovered / Specification Draft,Funded Mode; Guardian; Operator Model; Mission Events; Archives,168,10,True,True,True,True,True
HDR/13_PHASE_RECOVERY/Phase_06_to_07x/Stewardship_Judgment/REC-0708_Judgment_Echoes.md,REC-0708 — Judgment Echoes,REC-0708,Stewardship / Judgment,P2,Medical Officer,04_OPERATOR,Recovered / Specification Draft,Funded Mode; Guardian; Operator Model; Mission Events; Archives,166,10,True,True,True,True,True
HDR/13_PHASE_RECOVERY/Phase_06_to_07x/Stewardship_Judgment/REC-0709_Hall_of_Restraint.md,REC-0709 — Hall of Restraint,REC-0709,Stewardship / Judgment,P1,Medical Officer,04_OPERATOR,Recovered / Specification Draft,Funded Mode; Guardian; Operator Model; Mission Events; Archives,168,10,True,True,True,True,True
HDR/13_PHASE_RECOVERY/Phase_06_to_07x/Intelligence/REC-0710_Intelligence_Network.md,REC-0710 — Intelligence Network,REC-0710,Intelligence,P0,Intelligence Officer,06_INTELLIGENCE,Recovered / Specification Draft,HQOS; Master Index; Archives; Council; Repository Standards,167,10,True,True,True,True,True
HDR/13_PHASE_RECOVERY/Phase_06_to_07x/Intelligence/REC-0711_Department_Bus_Priority_Levels.md,REC-0711 — Department Bus Priority Levels,REC-0711,Intelligence,P0,Intelligence Officer,06_INTELLIGENCE,Recovered / Specification Draft,HQOS; Master Index; Archives; Council; Repository Standards,172,10,True,True,True,True,True
HDR/13_PHASE_RECOVERY/Phase_06_to_07x/Intelligence/REC-0712_Institutional_Consensus.md,REC-0712 — Institutional Consensus,REC-0712,Intelligence,P0,Intelligence Officer,06_INTELLIGENCE,Recovered / Specification Draft,HQOS; Master Index; Archives; Council; Repository Standards,169,10,True,True,True,True,True
HDR/13_PHASE_RECOVERY/Phase_06_to_07x/Intelligence/REC-0713_Intelligence_Cases.md,REC-0713 — Intelligence Cases,REC-0713,Intelligence,P1,Intelligence Officer,06_INTELLIGENCE,Recovered / Specification Draft,HQOS; Master Index; Archives; Council; Repository Standards,166,10,True,True,True,True,True
HDR/13_PHASE_RECOVERY/Phase_06_to_07x/Intelligence/REC-0720_Cognitive_Architecture.md,REC-0720 — Cognitive Architecture,REC-0720,Intelligence,P0,Intelligence Officer,06_INTELLIGENCE,Recovered / Specification Draft,HQOS; Master Index; Archives; Council; Repository Standards,169,10,True,True,True,True,True
HDR/13_PHASE_RECOVERY/Phase_06_to_07x/Intelligence/REC-0721_Council_Chamber_Deliberation.md,REC-0721 — Council Chamber Deliberation,REC-0721,Intelligence,P0,Intelligence Officer,06_INTELLIGENCE,Recovered / Specification Draft,HQOS; Master Index; Archives; Council; Repository Standards,168,10,True,True,True,True,True
HDR/13_PHASE_RECOVERY/Phase_06_to_07x/Intelligence/REC-0722_Operator_Model_Single_Truth.md,REC-0722 — Operator Model Single Truth,REC-0722,Intelligence,P0,Intelligence Officer,06_INTELLIGENCE,Recovered / Specification Draft,HQOS; Master Index; Archives; Council; Repository Standards,171,10,True,True,True,True,True
HDR/13_PHASE_RECOVERY/Phase_06_to_07x/Intelligence/REC-0723_Working_Memory_and_Long_Memory.md,REC-0723 — Working Memory and Long Memory,REC-0723,Intelligence,P0,Intelligence Officer,06_INTELLIGENCE,Recovered / Specification Draft,HQOS; Master Index; Archives; Council; Repository Standards,172,10,True,True,True,True,True
HDR/13_PHASE_RECOVERY/Phase_06_to_07x/Intelligence/REC-0724_Reflection_Engine.md,REC-0724 — Reflection Engine,REC-0724,Intelligence,P1,Intelligence Officer,06_INTELLIGENCE,Recovered / Specification Draft,HQOS; Master Index; Archives; Council; Repository Standards,164,10,True,True,True,True,True
HDR/13_PHASE_RECOVERY/Phase_06_to_07x/Intelligence/REC-0725_Curiosity_Engine.md,REC-0725 — Curiosity Engine,REC-0725,Intelligence,P1,Intelligence Officer,06_INTELLIGENCE,Recovered / Specification Draft,HQOS; Master Index; Archives; Council; Repository Standards,164,10,True,True,True,True,True
HDR/13_PHASE_RECOVERY/Phase_06_to_07x/Intelligence/REC-0804_Red_Team_Counterargument.md,REC-0804 — Red Team Counterargument,REC-0804,Intelligence,P1,Engineer,06_INTELLIGENCE,Recovered / Specification Draft,HQOS; Interface System; Archives; Master Index,160,10,True,True,True,True,True
HDR/13_PHASE_RECOVERY/Phase_06_to_07x/Intelligence/REC-0805_Blue_Team_Doctrine_QA.md,REC-0805 — Blue Team Doctrine QA,REC-0805,Intelligence,P1,Engineer,06_INTELLIGENCE,Recovered / Specification Draft,HQOS; Interface System; Archives; Master Index,161,10,True,True,True,True,True
HDR/13_PHASE_RECOVERY/Phase_06_to_07x/HQOS/REC-0730_HQOS_Kernel.md,REC-0730 — HQOS Kernel,REC-0730,HQOS,P0,Engineer,07_HQOS,Recovered / Specification Draft,HQOS; Master Index; Archives; Council; Repository Standards,167,10,True,True,True,True,True
HDR/13_PHASE_RECOVERY/Phase_06_to_07x/HQOS/REC-0731_Everything_Is_An_Event.md,REC-0731 — Everything Is An Event,REC-0731,HQOS,P0,Engineer,07_HQOS,Recovered / Specification Draft,HQOS; Master Index; Archives; Council; Repository Standards,171,10,True,True,True,True,True
HDR/13_PHASE_RECOVERY/Phase_06_to_07x/HQOS/REC-0732_Mission_Kernel.md,REC-0732 — Mission Kernel,REC-0732,HQOS,P0,Engineer,07_HQOS,Recovered / Specification Draft,HQOS; Master Index; Archives; Council; Repository Standards,168,10,True,True,True,True,True
HDR/13_PHASE_RECOVERY/Phase_06_to_07x/HQOS/REC-0733_Department_Event_Bus.md,REC-0733 — Department Event Bus,REC-0733,HQOS,P0,Engineer,07_HQOS,Recovered / Specification Draft,HQOS; Master Index; Archives; Council; Repository Standards,169,10,True,True,True,True,True
HDR/13_PHASE_RECOVERY/Phase_06_to_07x/HQOS/REC-0734_HQOS_Heartbeat.md,REC-0734 — HQOS Heartbeat,REC-0734,HQOS,P0,Engineer,07_HQOS,Recovered / Specification Draft,HQOS; Master Index; Archives; Council; Repository Standards,168,10,True,True,True,True,True
HDR/13_PHASE_RECOVERY/Phase_06_to_07x/HQOS/REC-0735_Night_Operations_Service.md,REC-0735 — Night Operations Service,REC-0735,HQOS,P1,Engineer,07_HQOS,Recovered / Specification Draft,HQOS; Master Index; Archives; Council; Repository Standards,164,10,True,True,True,True,True
HDR/13_PHASE_RECOVERY/Phase_06_to_07x/HQOS/REC-0736_Operational_Anomaly_Handling.md,REC-0736 — Operational Anomaly Handling,REC-0736,HQOS,P1,Engineer,07_HQOS,Recovered / Specification Draft,HQOS; Master Index; Archives; Council; Repository Standards,170,10,True,True,True,True,True
HDR/13_PHASE_RECOVERY/Phase_06_to_07x/Interface/REC-0780_Boot_Sequence_Identity_Check.md,REC-0780 — Boot Sequence Identity Check,REC-0780,Interface,P0,Engineer,09_INTERFACE,Recovered / Specification Draft,HQOS; Interface System; Archives; Master Index,166,10,True,True,True,True,True
HDR/13_PHASE_RECOVERY/Phase_06_to_07x/Interface/REC-0781_Shutdown_Conclude_Operations.md,REC-0781 — Shutdown Conclude Operations,REC-0781,Interface,P1,Engineer,09_INTERFACE,Recovered / Specification Draft,HQOS; Interface System; Archives; Master Index,164,10,True,True,True,True,True
HDR/13_PHASE_RECOVERY/Phase_06_to_07x/Interface/REC-0782_Security_Checkpoint_Login_Replacement.md,REC-0782 — Security Checkpoint Login Replacement,REC-0782,Interface,P0,Engineer,09_INTERFACE,Recovered / Specification Draft,HQOS; Interface System; Archives; Master Index,164,10,True,True,True,True,True
HDR/13_PHASE_RECOVERY/Phase_06_to_07x/Interface/REC-0783_Report_For_Duty_Command.md,REC-0783 — Report For Duty Command,REC-0783,Interface,P0,Engineer,09_INTERFACE,Recovered / Specification Draft,HQOS; Interface System; Archives; Master Index,160,10,True,True,True,True,True
HDR/13_PHASE_RECOVERY/Phase_06_to_07x/Interface/REC-0800_Second_Screen_Philosophy.md,REC-0800 — Second Screen Philosophy,REC-0800,Interface,P1,Engineer,09_INTERFACE,Recovered / Specification Draft,HQOS; Interface System; Archives; Master Index,162,10,True,True,True,True,True
HDR/13_PHASE_RECOVERY/Phase_06_to_07x/Interface/REC-0801_Tactical_Overlay_Future.md,REC-0801 — Tactical Overlay Future,REC-0801,Interface,P2,Engineer,09_INTERFACE,Recovered / Specification Draft,HQOS; Interface System; Archives; Master Index,159,10,True,True,True,True,True
HDR/13_PHASE_RECOVERY/Phase_06_to_07x/Animation_Sound/REC-0784_Hydraulic_Door_Transition.md,REC-0784 — Hydraulic Door Transition,REC-0784,Animation / Sound,P1,Engineer,09_INTERFACE,Recovered / Specification Draft,HQOS; Interface System; Archives; Master Index,159,10,True,True,True,True,True
HDR/13_PHASE_RECOVERY/Phase_06_to_07x/Animation_Sound/REC-0785_Mechanical_Archive_Stamp.md,REC-0785 — Mechanical Archive Stamp,REC-0785,Animation / Sound,P1,Engineer,09_INTERFACE,Recovered / Specification Draft,HQOS; Interface System; Archives; Master Index,161,10,True,True,True,True,True
HDR/13_PHASE_RECOVERY/Phase_06_to_07x/Sound/REC-0786_Vault_Lock_Acoustic.md,REC-0786 — Vault Lock Acoustic,REC-0786,Sound,P1,Engineer,09_INTERFACE,Recovered / Specification Draft,HQOS; Interface System; Archives; Master Index,162,10,True,True,True,True,True
HDR/13_PHASE_RECOVERY/Phase_06_to_07x/Sound/REC-0787_Institutional_Bell.md,REC-0787 — Institutional Bell,REC-0787,Sound,P1,Engineer,09_INTERFACE,Recovered / Specification Draft,HQOS; Interface System; Archives; Master Index,159,10,True,True,True,True,True
HDR/13_PHASE_RECOVERY/Phase_06_to_07x/Sound_Motion/REC-0788_Radar_Sweep_Ambient.md,REC-0788 — Radar Sweep Ambient,REC-0788,Sound / Motion,P1,Engineer,09_INTERFACE,Recovered / Specification Draft,HQOS; Interface System; Archives; Master Index,160,10,True,True,True,True,True
HDR/13_PHASE_RECOVERY/Phase_06_to_07x/Environmental/REC-0789_Building_Breathing.md,REC-0789 — Building Breathing,REC-0789,Environmental,P2,Engineer,09_INTERFACE,Recovered / Specification Draft,HQOS; Interface System; Archives; Master Index,160,10,True,True,True,True,True
HDR/13_PHASE_RECOVERY/Phase_06_to_07x/Environmental/REC-0790_Operational_Weather.md,REC-0790 — Operational Weather,REC-0790,Environmental,P2,Engineer,09_INTERFACE,Recovered / Specification Draft,HQOS; Interface System; Archives; Master Index,158,10,True,True,True,True,True
HDR/13_PHASE_RECOVERY/Phase_06_to_07x/Environmental/REC-0791_Seasonal_Headquarters.md,REC-0791 — Seasonal Headquarters,REC-0791,Environmental,P2,Engineer,09_INTERFACE,Recovered / Specification Draft,HQOS; Interface System; Archives; Master Index,158,10,True,True,True,True,True
HDR/13_PHASE_RECOVERY/Phase_06_to_07x/Archives/REC-0798_SQLite_Archive_Doctrine.md,REC-0798 — SQLite Archive Doctrine,REC-0798,Archives,P0,Engineer,08_ARCHIVES,Recovered / Specification Draft,HQOS; Interface System; Archives; Master Index,159,10,True,True,True,True,True
HDR/13_PHASE_RECOVERY/Phase_06_to_07x/Doctrine/REC-0807_Doctrine_Wars.md,REC-0807 — Doctrine Wars,REC-0807,Doctrine,P2,Engineer,01_CONSTITUTION,Recovered / Specification Draft,HQOS; Interface System; Archives; Master Index,159,10,True,True,True,True,True
HDR/13_PHASE_RECOVERY/Phase_06_to_07x/Doctrine/REC-0808_Myth_Library.md,REC-0808 — Myth Library,REC-0808,Doctrine,P1,Engineer,01_CONSTITUTION,Recovered / Specification Draft,HQOS; Interface System; Archives; Master Index,160,10,True,True,True,True,True
HDR/13_PHASE_RECOVERY/Phase_06_to_07x/Doctrine/REC-0809_Doctrine_Cemetery.md,REC-0809 — Doctrine Cemetery,REC-0809,Doctrine,P1,Engineer,01_CONSTITUTION,Recovered / Specification Draft,HQOS; Interface System; Archives; Master Index,157,10,True,True,True,True,True
HDR/13_PHASE_RECOVERY/Phase_06_to_07x/Environmental_Doctrine/REC-0810_Doctrine_Printer.md,REC-0810 — Doctrine Printer,REC-0810,Environmental / Doctrine,P2,Engineer,09_INTERFACE,Recovered / Specification Draft,HQOS; Interface System; Archives; Master Index,159,10,True,True,True,True,True
HDR/13_PHASE_RECOVERY/Phase_01_to_02/Immersion/PH2-0001_Cold_Boot_Sequence.md,PH2-0001 — Cold Boot Sequence,,Experience,CORE,Headquarters Architecture,,SPECIFIED,HQOS; Audio; Interface,116,7,True,True,False,False,True
HDR/13_PHASE_RECOVERY/Phase_01_to_02/Immersion/PH2-0002_Operator_Identity_File.md,PH2-0002 — Operator Identity File,,Operator,CORE,Headquarters Architecture,,SPECIFIED,Archives; Interface,114,7,True,True,False,False,True
HDR/13_PHASE_RECOVERY/Phase_01_to_02/Immersion/PH2-0003_Theater_System.md,PH2-0003 — Theater System,,Operations,IMPORTANT,Headquarters Architecture,,SPECIFIED,Mission Prep; Archives,112,7,True,True,False,False,True
HDR/13_PHASE_RECOVERY/Phase_01_to_02/Immersion/PH2-0004_Tactical_Silence.md,PH2-0004 — Tactical Silence,,Experience,CORE,Headquarters Architecture,,SPECIFIED,Mission State; Interface,111,7,True,True,False,False,True
HDR/13_PHASE_RECOVERY/Phase_01_to_02/Immersion/PH2-0005_Background_State_Changes.md,PH2-0005 — Background State Changes,,Environment,IMPORTANT,Headquarters Architecture,,SPECIFIED,Lighting Engine; Threat Engine,118,7,True,True,False,False,True
HDR/13_PHASE_RECOVERY/Phase_01_to_02/Immersion/PH2-0006_Room-Based_Navigation.md,PH2-0006 — Room-Based Navigation,,Building,CORE,Headquarters Architecture,,SPECIFIED,HQOS; Interface,118,7,True,True,False,False,True
HDR/13_PHASE_RECOVERY/Phase_01_to_02/Immersion/PH2-0007_Secure_Door_Transition.md,PH2-0007 — Secure Door Transition,,Environment,IMPORTANT,Headquarters Architecture,,SPECIFIED,Animation Bible; Audio,115,7,True,True,False,False,True
HDR/13_PHASE_RECOVERY/Phase_01_to_02/Immersion/PH2-0008_Commander_Voice_Profile.md,PH2-0008 — Commander Voice Profile,,Audio/AI,CORE,Headquarters Architecture,,SPECIFIED,Commander; Audio Bible,116,7,True,True,False,False,True
HDR/13_PHASE_RECOVERY/Phase_01_to_02/Immersion/PH2-0009_Operations_Officer_Voice_Profile.md,PH2-0009 — Operations Officer Voice Profile,,Audio/AI,IMPORTANT,Headquarters Architecture,,SPECIFIED,Operations Officer; Audio Bible,111,7,True,True,False,False,True
HDR/13_PHASE_RECOVERY/Phase_01_to_02/Immersion/PH2-0010_Commander_Message_Rarity.md,PH2-0010 — Commander Message Rarity,,AI,CORE,Headquarters Architecture,,SPECIFIED,Commander; Trust Engine,109,7,True,True,False,False,True
HDR/13_PHASE_RECOVERY/Phase_01_to_02/Immersion/PH2-0011_Mirror_Room.md,PH2-0011 — Mirror Room,,Room/Operator,CORE,Headquarters Architecture,,SPECIFIED,Identity Engine; Behavior Engine,116,7,True,True,False,False,True
HDR/13_PHASE_RECOVERY/Phase_01_to_02/Immersion/PH2-0012_Airlock_Countdown.md,PH2-0012 — Airlock Countdown,,Ritual,CORE,Headquarters Architecture,,SPECIFIED,Ready Room; Ritual Engine,116,7,True,True,False,False,True
HDR/13_PHASE_RECOVERY/Phase_01_to_02/Immersion/PH2-0013_Daily_Operator_Oath.md,PH2-0013 — Daily Operator Oath,,Ritual,CORE,Headquarters Architecture,,SPECIFIED,Ready Room; Constitution,115,7,True,True,False,False,True
HDR/13_PHASE_RECOVERY/Phase_01_to_02/Immersion/PH2-0014_Mission_Clock.md,PH2-0014 — Mission Clock,,Interface,IMPORTANT,Headquarters Architecture,,SPECIFIED,HQOS; Observation Room,115,7,True,True,False,False,True
HDR/13_PHASE_RECOVERY/Phase_01_to_02/Immersion/PH2-0015_Heartbeat_Mode.md,PH2-0015 — Heartbeat Mode,,Environment,IMPORTANT,Headquarters Architecture,,SPECIFIED,Audio; Environment,115,7,True,True,False,False,True
HDR/13_PHASE_RECOVERY/Phase_01_to_02/Immersion/PH2-0016_Situation_Wall.md,PH2-0016 — Situation Wall,,Room,CORE,Headquarters Architecture,,SPECIFIED,War Room; Historian,112,7,True,True,False,False,True
HDR/13_PHASE_RECOVERY/Phase_01_to_02/Immersion/PH2-0017_Psychological_Decompression.md,PH2-0017 — Psychological Decompression,,Ritual,IMPORTANT,Headquarters Architecture,,SPECIFIED,HQOS; Audio; Lighting,113,7,True,True,False,False,True
HDR/13_PHASE_RECOVERY/Phase_01_to_02/Immersion/PH2-0018_Dynamic_Headquarters_Threat_Atmosphere.md,PH2-0018 — Dynamic Headquarters Threat Atmosphere,,Environment,CORE,Headquarters Architecture,,SPECIFIED,Threat Engine; Guardian,120,7,True,True,False,False,True
HDR/13_PHASE_RECOVERY/Phase_01_to_02/Immersion/PH2-0019_Mission_Patches.md,PH2-0019 — Mission Patches,,Recognition,IMPORTANT,Headquarters Architecture,,SPECIFIED,Recognition Office; Archives,110,7,True,True,False,False,True
HDR/13_PHASE_RECOVERY/Phase_01_to_02/Immersion/PH2-0020_Hall_of_Fallen_Missions.md,PH2-0020 — Hall of Fallen Missions,,Archive/Room,IMPORTANT,Headquarters Architecture,,SPECIFIED,Archives; Historian,112,7,True,True,False,False,True
HDR/13_PHASE_RECOVERY/Phase_01_to_02/Immersion/PH2-0021_Eternal_Rules_Wall.md,PH2-0021 — Eternal Rules Wall,,Constitution/Room,CORE,Headquarters Architecture,,SPECIFIED,Constitution; Building,112,7,True,True,False,False,True
HDR/13_PHASE_RECOVERY/Phase_01_to_02/Immersion/PH2-0022_Founder_Oath.md,PH2-0022 — Founder Oath,,Ritual,FOUNDATIONAL,Headquarters Architecture,,SPECIFIED,Constitution; First Boot,112,7,True,True,False,False,True
HDR/13_PHASE_RECOVERY/Phase_01_to_02/Immersion/PH2-0023_Commander_Career_Memory.md,PH2-0023 — Commander Career Memory,,AI/Archives,CORE,Headquarters Architecture,,SPECIFIED,Historian; Commander; Archives,116,7,True,True,False,False,True
HDR/13_PHASE_RECOVERY/Phase_01_to_02/Immersion/PH2-0024_Headquarters_Remembers_Line.md,PH2-0024 — Headquarters Remembers Line,,Culture,IMPORTANT,Headquarters Architecture,,SPECIFIED,Archives; Historian,110,7,True,True,False,False,True
HDR/13_PHASE_RECOVERY/Phase_01_to_02/Immersion/PH2-0025_Founder_Notes_and_Questions.md,PH2-0025 — Founder Notes and Questions,,Legacy,IMPORTANT,Headquarters Architecture,,SPECIFIED,Founders Office; Legacy Vault,112,7,True,True,False,False,True
HDR/13_PHASE_RECOVERY/Phase_01_to_02/Immersion/PH2-0026_No_Market_Prediction_Law.md,PH2-0026 — No Market Prediction Law,,Constitution,FOUNDATIONAL,Headquarters Architecture,,SPECIFIED,AI Bible; Constitution,112,7,True,True,False,False,True
HDR/12_LEGACY/Evolution_Doctrine/EVOL-0001_Evolution_Doctrine.md,EVOL-0001 — Evolution Doctrine,EVOL-0001,Legacy / Evolution,CORE,,,Registered,Constitution; Archives,154,8,True,True,False,False,True
HDR/12_LEGACY/Evolution_Doctrine/EVOL-0002_Doctrine_Updates_Instead_of_Feature_Updates.md,EVOL-0002 — Doctrine Updates Instead of Feature Updates,EVOL-0002,Legacy / Versioning,CORE,,,Registered,Evolution Doctrine,164,8,True,True,False,False,True
HDR/12_LEGACY/Evolution_Doctrine/EVOL-0003_Update_Story_Requirement.md,EVOL-0003 — Update Story Requirement,EVOL-0003,Legacy / Versioning,IMPORTANT,,,Registered,Doctrine Updates,161,8,True,True,False,False,True
HDR/12_LEGACY/Evolution_Doctrine/EVOL-0004_History_Never_Deleted_Rule.md,EVOL-0004 — History Never Deleted Rule,EVOL-0004,Archives / Preservation,CORE,,,Registered,Archives; Doctrine Retirement,157,8,True,True,False,False,True
HDR/12_LEGACY/Evolution_Doctrine/EVOL-0005_Archive_Security_Doctrine.md,EVOL-0005 — Archive Security Doctrine,EVOL-0005,Archives / Integrity,CORE,,,Registered,SQLite Archives; Backups,159,8,True,True,False,False,True
HDR/12_LEGACY/Evolution_Doctrine/EVOL-0006_Headquarters_Promotion_System.md,EVOL-0006 — Headquarters Promotion System,EVOL-0006,Legacy / Institution,IMPORTANT,,,Registered,Institutional Maturity,158,8,True,True,False,False,True
HDR/12_LEGACY/Evolution_Doctrine/EVOL-0007_Constitutional_Amendment_Process.md,EVOL-0007 — Constitutional Amendment Process,EVOL-0007,Constitution / Governance,CORE,,,Registered,Constitution; Council,158,8,True,True,False,False,True
HDR/12_LEGACY/Evolution_Doctrine/EVOL-0008_Foundational_Cases.md,EVOL-0008 — Foundational Cases,EVOL-0008,Archives / Case Law,IMPORTANT,,,Registered,Historian; Doctrine,158,8,True,True,False,False,True
HDR/12_LEGACY/Evolution_Doctrine/EVOL-0009_Institutional_Myths.md,EVOL-0009 — Institutional Myths,EVOL-0009,Legacy / Culture,IMPORTANT,,,Registered,Foundational Cases; Myth Library,156,8,True,True,False,False,True
HDR/12_LEGACY/Evolution_Doctrine/EVOL-0010_Self_Correcting_Institution.md,EVOL-0010 — Self-Correcting Institution,EVOL-0010,Engineering / Feedback,CORE,,,Registered,Engineer; Historian; Doctrine Validation,158,8,True,True,False,False,True
HDR/12_LEGACY/Evolution_Doctrine/EVOL-0011_Wisdom_Threshold.md,EVOL-0011 — Wisdom Threshold,EVOL-0011,Doctrine / Evidence,CORE,,,Registered,Doctrine Validation,155,8,True,True,False,False,True
HDR/12_LEGACY/Evolution_Doctrine/EVOL-0012_Living_Doctrine_Pages.md,EVOL-0012 — Living Doctrine Pages,EVOL-0012,Archives / Doctrine,CORE,,,Registered,Doctrine Library,158,8,True,True,False,False,True
HDR/12_LEGACY/Evolution_Doctrine/EVOL-0013_Hall_of_Architects.md,EVOL-0013 — Hall of Architects,EVOL-0013,Engineering / Legacy,IMPORTANT,,,Registered,Founders Journal,157,8,True,True,False,False,True
HDR/12_LEGACY/Evolution_Doctrine/EVOL-0014_Technology_Serves_Doctrine_Rule.md,EVOL-0014 — Technology Serves Doctrine Rule,EVOL-0014,Engineering / Longevity,CORE,,,Registered,Thirty Year Test,159,8,True,True,False,False,True
HDR/12_LEGACY/Evolution_Doctrine/EVOL-0015_Legacy_Clock.md,EVOL-0015 — Legacy Clock,EVOL-0015,Legacy / Continuity,OPTIONAL,,,Registered,Evolution Doctrine,154,8,True,True,False,False,True
HDR/12_LEGACY/Evolution_Doctrine/EVOL-0016_Founder_Never_Replaced_Rule.md,EVOL-0016 — Founder Never Replaced Rule,EVOL-0016,Legacy / Founder,CORE,,,Registered,Founder,160,8,True,True,False,False,True
HDR/12_LEGACY/Evolution_Doctrine/EVOL-0017_Outlive_Creator_Principle.md,EVOL-0017 — Outlive Creator Principle,EVOL-0017,Legacy / Institution,IMPORTANT,,,Registered,Evolution Doctrine,159,8,True,True,False,False,True
HDR/12_LEGACY/Evolution_Doctrine/EVOL-0018_Why_Headquarters_Exists_Document.md,EVOL-0018 — Why Headquarters Exists Document,EVOL-0018,Legacy / Annual,IMPORTANT,,,Registered,Legacy Vault,159,8,True,True,False,False,True
HDR/10_ENGINEERING/Elegance/ELEG-0001_Five_Gates_Review.md,ELEG-0001 — Five Gates Review,ELEG-0001,Engineering / Review,CORE,,,Registered,Rule of Elegance,158,8,True,True,False,False,True
HDR/10_ENGINEERING/Elegance/ELEG-0002_Museum_Test.md,ELEG-0002 — Museum Test,ELEG-0002,Engineering / Longevity,IMPORTANT,,,Registered,Founder Test,158,8,True,True,False,False,True
HDR/10_ENGINEERING/Elegance/ELEG-0003_Uniform_Rule.md,ELEG-0003 — Uniform Rule,ELEG-0003,Design / Meaning,IMPORTANT,,,Registered,No Decoration Rule,161,8,True,True,False,False,True
HDR/10_ENGINEERING/Elegance/ELEG-0004_Empty_Space_Confidence_Rule.md,ELEG-0004 — Empty Space Confidence Rule,ELEG-0004,Design / Simplicity,CORE,,,Registered,70/20/10 Principle,158,8,True,True,False,False,True
HDR/10_ENGINEERING/Elegance/ELEG-0005_Wall_Test.md,ELEG-0005 — Wall Test,ELEG-0005,Design / Simplicity,IMPORTANT,,,Registered,Rule of Elegance,158,8,True,True,False,False,True
HDR/10_ENGINEERING/Elegance/ELEG-0006_One_Purpose_Per_Room.md,ELEG-0006 — One Purpose Per Room,ELEG-0006,Building / Simplicity,CORE,,,Registered,Room Registry,157,8,True,True,False,False,True
HDR/10_ENGINEERING/Elegance/ELEG-0007_Architecture_Does_Not_Explain_Itself.md,ELEG-0007 — Architecture Does Not Explain Itself,ELEG-0007,Design / Experience,IMPORTANT,,,Registered,Presence Engine,158,8,True,True,False,False,True
HDR/10_ENGINEERING/Elegance/ELEG-0008_Mental_Weight_Rule.md,ELEG-0008 — Mental Weight Rule,ELEG-0008,Design / Attention,IMPORTANT,,,Registered,Attention Protection,160,8,True,True,False,False,True
HDR/10_ENGINEERING/Elegance/ELEG-0009_Feature_Retirement_Ceremony.md,ELEG-0009 — Feature Retirement Ceremony,ELEG-0009,Engineering / Evolution,IMPORTANT,,,Registered,Evolution Doctrine,156,8,True,True,False,False,True
HDR/10_ENGINEERING/Elegance/ELEG-0010_Engineering_Restraint_Rule.md,ELEG-0010 — Engineering Restraint Rule,ELEG-0010,Engineering / Culture,CORE,,,Registered,Engineering Oath,158,8,True,True,False,False,True
HDR/10_ENGINEERING/Elegance/ELEG-0011_Attention_Protection_Doctrine.md,ELEG-0011 — Attention Protection Doctrine,ELEG-0011,Design / Attention,CORE,,,Registered,Silence; No Decoration,161,8,True,True,False,False,True
HDR/10_ENGINEERING/Elegance/ELEG-0012_Thirty_Year_Test.md,ELEG-0012 — Thirty Year Test,ELEG-0012,Engineering / Longevity,CORE,,,Registered,Founder Test; Evolution Doctrine,159,8,True,True,False,False,True
HDR/10_ENGINEERING/Elegance/ELEG-0013_Zero_Onboarding_Discovery.md,ELEG-0013 — Zero Onboarding Discovery,ELEG-0013,Experience / Onboarding,OPTIONAL,,,Registered,Academy; Interface,161,8,True,True,False,False,True
HDR/09_INTERFACE/Screens/Core_Screens.md,Core Screens,,09_INTERFACE,,,,,,36,1,False,False,False,False,False
HDR/09_INTERFACE/Audio/Audio_Bible.md,Audio Bible,,09_INTERFACE,,,,,,43,1,False,False,False,False,False
HDR/09_INTERFACE/Lighting/Lighting_Bible.md,Lighting Bible,,09_INTERFACE,,,,,,44,1,False,False,False,False,False
HDR/09_INTERFACE/Elements/UI-0001_Cold_Boot_Sequence.md,UI-0001 — Cold Boot Sequence,UI-0001,Interface / Environment / Audio,CORE,,,Registered / Specification Draft,None registered yet.,143,8,True,True,True,False,True
HDR/09_INTERFACE/Elements/UI-0002_Security_Checkpoint_Screen.md,UI-0002 — Security Checkpoint Screen,UI-0002,Interface / Environment / Audio,IMPORTANT,,,Registered / Specification Draft,None registered yet.,143,8,True,True,True,False,True
HDR/09_INTERFACE/Elements/UI-0003_Report_For_Duty_Button.md,UI-0003 — Report For Duty Button,UI-0003,Interface / Environment / Audio,CORE,,,Registered / Specification Draft,None registered yet.,143,8,True,True,True,False,True
HDR/09_INTERFACE/Elements/UI-0004_Hydraulic_Door_Transition.md,UI-0004 — Hydraulic Door Transition,UI-0004,Interface / Environment / Audio,IMPORTANT,,,Registered / Specification Draft,None registered yet.,142,8,True,True,True,False,True
HDR/09_INTERFACE/Elements/UI-0005_Elevator_Room_Transition.md,UI-0005 — Elevator / Room Transition,UI-0005,Interface / Environment / Audio,IMPORTANT,,,Registered / Specification Draft,None registered yet.,142,8,True,True,True,False,True
HDR/09_INTERFACE/Elements/UI-0006_Tactical_Silence.md,UI-0006 — Tactical Silence,UI-0006,Interface / Environment / Audio,CORE,,,Registered / Specification Draft,None registered yet.,138,8,True,True,True,False,True
HDR/09_INTERFACE/Elements/UI-0007_Heartbeat_Mode.md,UI-0007 — Heartbeat Mode,UI-0007,Interface / Environment / Audio,IMPORTANT,,,Registered / Specification Draft,None registered yet.,139,8,True,True,True,False,True
HDR/09_INTERFACE/Elements/UI-0008_Radar_Sweep.md,UI-0008 — Radar Sweep,UI-0008,Interface / Environment / Audio,IMPORTANT,,,Registered / Specification Draft,None registered yet.,138,8,True,True,True,False,True
HDR/09_INTERFACE/Elements/UI-0009_Building_Breathing.md,UI-0009 — Building Breathing,UI-0009,Interface / Environment / Audio,IMPORTANT,,,Registered / Specification Draft,None registered yet.,137,8,True,True,True,False,True
HDR/09_INTERFACE/Elements/UI-0010_Dynamic_Backgrounds.md,UI-0010 — Dynamic Backgrounds,UI-0010,Interface / Environment / Audio,IMPORTANT,,,Registered / Specification Draft,None registered yet.,140,8,True,True,True,False,True
HDR/09_INTERFACE/Elements/UI-0011_Mission_Backgrounds.md,UI-0011 — Mission Backgrounds,UI-0011,Interface / Environment / Audio,IMPORTANT,,,Registered / Specification Draft,None registered yet.,138,8,True,True,True,False,True
HDR/09_INTERFACE/Elements/UI-0012_Operational_Weather.md,UI-0012 — Operational Weather,UI-0012,Interface / Environment / Audio,IMPORTANT,,,Registered / Specification Draft,None registered yet.,140,8,True,True,True,False,True
HDR/09_INTERFACE/Elements/UI-0013_Lighting_Profiles.md,UI-0013 — Lighting Profiles,UI-0013,Interface / Environment / Audio,CORE,,,Registered / Specification Draft,None registered yet.,145,8,True,True,True,False,True
HDR/09_INTERFACE/Elements/UI-0014_Sound_Bible.md,UI-0014 — Sound Bible,UI-0014,Interface / Environment / Audio,CORE,,,Registered / Specification Draft,None registered yet.,141,8,True,True,True,False,True
HDR/09_INTERFACE/Elements/UI-0015_Commander_Voice.md,UI-0015 — Commander Voice,UI-0015,Interface / Environment / Audio,CORE,,,Registered / Specification Draft,None registered yet.,138,8,True,True,True,False,True
HDR/09_INTERFACE/Elements/UI-0016_Operations_Officer_Voice.md,UI-0016 — Operations Officer Voice,UI-0016,Interface / Environment / Audio,IMPORTANT,,,Registered / Specification Draft,None registered yet.,139,8,True,True,True,False,True
HDR/09_INTERFACE/Elements/UI-0017_Mission_Bell.md,UI-0017 — Mission Bell,UI-0017,Interface / Environment / Audio,IMPORTANT,,,Registered / Specification Draft,None registered yet.,139,8,True,True,True,False,True
HDR/09_INTERFACE/Elements/UI-0018_Guardian_Bell.md,UI-0018 — Guardian Bell,UI-0018,Interface / Environment / Audio,IMPORTANT,,,Registered / Specification Draft,None registered yet.,139,8,True,True,True,False,True
HDR/09_INTERFACE/Elements/UI-0019_Institutional_Bell.md,UI-0019 — Institutional Bell,UI-0019,Interface / Environment / Audio,IMPORTANT,,,Registered / Specification Draft,None registered yet.,137,8,True,True,True,False,True
HDR/09_INTERFACE/Elements/UI-0020_Mechanical_Printer.md,UI-0020 — Mechanical Printer,UI-0020,Interface / Environment / Audio,IMPORTANT,,,Registered / Specification Draft,None registered yet.,140,8,True,True,True,False,True
HDR/09_INTERFACE/Elements/UI-0021_Command_Light_Alignment.md,UI-0021 — Command Light Alignment,UI-0021,Interface / Environment / Audio,IMPORTANT,,,Registered / Specification Draft,None registered yet.,140,8,True,True,True,False,True
HDR/09_INTERFACE/Elements/UI-0022_Shadow_Protocol.md,UI-0022 — Shadow Protocol,UI-0022,Interface / Environment / Audio,IMPORTANT,,,Registered / Specification Draft,None registered yet.,139,8,True,True,True,False,True
HDR/09_INTERFACE/Elements/UI-0023_Artificial_Horizon_UI.md,UI-0023 — Artificial Horizon UI,UI-0023,Interface / Environment / Audio,IMPORTANT,,,Registered / Specification Draft,None registered yet.,142,8,True,True,True,False,True
HDR/09_INTERFACE/Elements/UI-0024_Operator_Compass_UI.md,UI-0024 — Operator Compass UI,UI-0024,Interface / Environment / Audio,IMPORTANT,,,Registered / Specification Draft,None registered yet.,141,8,True,True,True,False,True
HDR/09_INTERFACE/Elements/UI-0025_Tactical_Compass.md,UI-0025 — Tactical Compass,UI-0025,Interface / Environment / Audio,IMPORTANT,,,Registered / Specification Draft,None registered yet.,137,8,True,True,True,False,True
HDR/09_INTERFACE/Elements/UI-0026_Situation_Clock.md,UI-0026 — Situation Clock,UI-0026,Interface / Environment / Audio,IMPORTANT,,,Registered / Specification Draft,None registered yet.,139,8,True,True,True,False,True
HDR/09_INTERFACE/Elements/UI-0027_Analog_Command_Clock.md,UI-0027 — Analog Command Clock,UI-0027,Interface / Environment / Audio,IMPORTANT,,,Registered / Specification Draft,None registered yet.,138,8,True,True,True,False,True
HDR/09_INTERFACE/Elements/UI-0028_Mission_Patch_Campaign_Ribbon.md,UI-0028 — Mission Patch / Campaign Ribbon,UI-0028,Interface / Environment / Audio,IMPORTANT,,,Registered / Specification Draft,None registered yet.,141,8,True,True,True,False,True
HDR/09_INTERFACE/Elements/UI-0029_Mission_Seal.md,UI-0029 — Mission Seal,UI-0029,Interface / Environment / Audio,IMPORTANT,,,Registered / Specification Draft,None registered yet.,137,8,True,True,True,False,True
HDR/09_INTERFACE/Elements/UI-0030_Command_Seal.md,UI-0030 — Command Seal,UI-0030,Interface / Environment / Audio,IMPORTANT,,,Registered / Specification Draft,None registered yet.,138,8,True,True,True,False,True
HDR/09_INTERFACE/Elements/UI-0031_Codename_Generator.md,UI-0031 — Codename Generator,UI-0031,Interface / Environment / Audio,IMPORTANT,,,Registered / Specification Draft,None registered yet.,141,8,True,True,True,False,True
HDR/09_INTERFACE/Elements/UI-0032_Mission_Banner.md,UI-0032 — Mission Banner,UI-0032,Interface / Environment / Audio,IMPORTANT,,,Registered / Specification Draft,None registered yet.,136,8,True,True,True,False,True
HDR/09_INTERFACE/Elements/UI-0033_Headquarters_Crest.md,UI-0033 — Headquarters Crest,UI-0033,Interface / Environment / Audio,IMPORTANT,,,Registered / Specification Draft,None registered yet.,139,8,True,True,True,False,True
HDR/09_INTERFACE/Elements/UI-0034_Operations_Flag.md,UI-0034 — Operations Flag,UI-0034,Interface / Environment / Audio,IMPORTANT,,,Registered / Specification Draft,None registered yet.,142,8,True,True,True,False,True
HDR/09_INTERFACE/Elements/UI-0035_Personal_Crest.md,UI-0035 — Personal Crest,UI-0035,Interface / Environment / Audio,IMPORTANT,,,Registered / Specification Draft,None registered yet.,139,8,True,True,True,False,True
HDR/09_INTERFACE/Elements/UI-0036_Situation_Wall_UI.md,UI-0036 — Situation Wall UI,UI-0036,Interface / Environment / Audio,IMPORTANT,,,Registered / Specification Draft,None registered yet.,141,8,True,True,True,False,True
HDR/09_INTERFACE/Elements/UI-0037_Intelligence_Wall_UI.md,UI-0037 — Intelligence Wall UI,UI-0037,Interface / Environment / Audio,IMPORTANT,,,Registered / Specification Draft,None registered yet.,141,8,True,True,True,False,True
HDR/09_INTERFACE/Elements/UI-0038_Living_Map_Campaign_Map.md,UI-0038 — Living Map / Campaign Map,UI-0038,Interface / Environment / Audio,IMPORTANT,,,Registered / Specification Draft,None registered yet.,143,8,True,True,True,False,True
HDR/09_INTERFACE/Elements/UI-0039_Legacy_Tree.md,UI-0039 — Legacy Tree,UI-0039,Interface / Environment / Audio,IMPORTANT,,,Registered / Specification Draft,None registered yet.,138,8,True,True,True,False,True
HDR/09_INTERFACE/Elements/UI-0040_Twenty_Year_Wall_UI.md,UI-0040 — Twenty-Year Wall UI,UI-0040,Interface / Environment / Audio,IMPORTANT,,,Registered / Specification Draft,None registered yet.,143,8,True,True,True,False,True
HDR/09_INTERFACE/Elements/UI-0041_Founders_Notes.md,UI-0041 — Founders Notes,UI-0041,Interface / Environment / Audio,IMPORTANT,,,Registered / Specification Draft,None registered yet.,140,8,True,True,True,False,True
HDR/09_INTERFACE/Elements/UI-0042_70_20_10_Screen_Principle.md,UI-0042 — 70/20/10 Screen Principle,UI-0042,Interface / Environment / Audio,CORE,,,Registered / Specification Draft,None registered yet.,146,8,True,True,True,False,True
HDR/09_INTERFACE/Elements/UI-0043_No_Decoration_Rule.md,UI-0043 — No Decoration Rule,UI-0043,Interface / Environment / Audio,IMPORTANT,,,Registered / Specification Draft,None registered yet.,142,8,True,True,True,False,True
HDR/09_INTERFACE/Elements/UI-0044_Silence_Budget.md,UI-0044 — Silence Budget,UI-0044,Interface / Environment / Audio,IMPORTANT,,,Registered / Specification Draft,None registered yet.,141,8,True,True,True,False,True
HDR/09_INTERFACE/Elements/UI-0045_One_Sentence_Rule.md,UI-0045 — One Sentence Rule,UI-0045,Interface / Environment / Audio,IMPORTANT,,,Registered / Specification Draft,None registered yet.,145,8,True,True,True,False,True
HDR/09_INTERFACE/Elements/UI-0046_Three_Second_Rule.md,UI-0046 — Three Second Rule,UI-0046,Interface / Environment / Audio,IMPORTANT,,,Registered / Specification Draft,None registered yet.,142,8,True,True,True,False,True
HDR/09_INTERFACE/Elements/UI-0047_Golden_Ratio_Attention_Rule.md,UI-0047 — Golden Ratio Attention Rule,UI-0047,Interface / Environment / Audio,IMPORTANT,,,Registered / Specification Draft,None registered yet.,142,8,True,True,True,False,True
HDR/09_INTERFACE/Elements/UI-0048_No_Dashboard_Opening.md,UI-0048 — No Dashboard Opening,UI-0048,Interface / Environment / Audio,IMPORTANT,,,Registered / Specification Draft,None registered yet.,145,8,True,True,True,False,True
HDR/09_INTERFACE/Elements/UI-0049_Dynamic_Headquarters_Aging.md,UI-0049 — Dynamic Headquarters Aging,UI-0049,Interface / Environment / Audio,IMPORTANT,,,Registered / Specification Draft,None registered yet.,144,8,True,True,True,False,True
HDR/09_INTERFACE/Elements/UI-0050_Founder_Test.md,UI-0050 — Founder Test,UI-0050,Interface / Environment / Audio,IMPORTANT,,,Registered / Specification Draft,None registered yet.,139,8,True,True,True,False,True
HDR/09_INTERFACE/Elements/UI-0051_Would_NASA_Add_This_Test.md,UI-0051 — Would NASA Add This Test,UI-0051,Interface / Environment / Audio,IMPORTANT,,,Registered / Specification Draft,None registered yet.,147,8,True,True,True,False,True
HDR/09_INTERFACE/Experience/EXP-0001_Room_Emotional_Targets.md,EXP-0001 — Room Emotional Targets,EXP-0001,Experience / UX,CORE,,,Registered,Building Registry,162,8,True,True,False,False,True
HDR/09_INTERFACE/Experience/EXP-0002_Entrance_Hall_Experience.md,EXP-0002 — Entrance Hall Experience,EXP-0002,Experience / UX,CORE,,,Registered,Entrance Hall; Presence Engine,161,8,True,True,False,False,True
HDR/09_INTERFACE/Experience/EXP-0003_Observation_Reward_Experience.md,EXP-0003 — Observation Reward Experience,EXP-0003,Experience / Psychology,CORE,,,Registered,Observation Room; Patience Meter,158,8,True,True,False,False,True
HDR/09_INTERFACE/Experience/EXP-0004_Authorization_Stamp_Experience.md,EXP-0004 — Authorization Stamp Experience,EXP-0004,Experience / Interaction,CORE,,,Registered,Authorization Terminal; Council Deliberation,161,8,True,True,False,False,True
HDR/09_INTERFACE/Experience/EXP-0005_Mission_Management_Silence.md,EXP-0005 — Mission Management Silence,EXP-0005,Experience / Execution,CORE,,,Registered,Deployment; Tactical Silence,158,8,True,True,False,False,True
HDR/09_INTERFACE/Experience/EXP-0006_Target_Hit_Return_Experience.md,EXP-0006 — Target Hit Return Experience,EXP-0006,Experience / Guardian,IMPORTANT,,,Registered,Operation Sunset; Return to Base,164,8,True,True,False,False,True
HDR/09_INTERFACE/Experience/EXP-0007_Archive_Stamping_Experience.md,EXP-0007 — Archive Stamping Experience,EXP-0007,Experience / Memory,IMPORTANT,,,Registered,Archives; Mission Archive Ceremony,160,8,True,True,False,False,True
HDR/09_INTERFACE/Experience/EXP-0008_Exit_To_Civilian_Life_Experience.md,EXP-0008 — Exit To Civilian Life Experience,EXP-0008,Experience / Shutdown,IMPORTANT,,,Registered,Last Door; Shutdown Sequence,165,8,True,True,False,False,True
HDR/08_ARCHIVES/Memory_Objects/MEM-0001_Mission_Report_Artifact.md,MEM-0001 — Mission Report Artifact,MEM-0001,Archives / Academy / Engineering / Legacy,CORE,,,Registered / Specification Draft,None registered yet.,143,8,True,True,True,False,True
HDR/08_ARCHIVES/Memory_Objects/MEM-0002_Behavior_Report_Artifact.md,MEM-0002 — Behavior Report Artifact,MEM-0002,Archives / Academy / Engineering / Legacy,CORE,,,Registered / Specification Draft,None registered yet.,144,8,True,True,True,False,True
HDR/08_ARCHIVES/Memory_Objects/MEM-0003_Decision_Report_Artifact.md,MEM-0003 — Decision Report Artifact,MEM-0003,Archives / Academy / Engineering / Legacy,CORE,,,Registered / Specification Draft,None registered yet.,142,8,True,True,True,False,True
HDR/08_ARCHIVES/Memory_Objects/MEM-0004_Intelligence_Report_Artifact.md,MEM-0004 — Intelligence Report Artifact,MEM-0004,Archives / Academy / Engineering / Legacy,IMPORTANT,,,Registered / Specification Draft,None registered yet.,141,8,True,True,True,False,True
HDR/08_ARCHIVES/Memory_Objects/MEM-0005_Doctrine_Report_Artifact.md,MEM-0005 — Doctrine Report Artifact,MEM-0005,Archives / Academy / Engineering / Legacy,IMPORTANT,,,Registered / Specification Draft,None registered yet.,143,8,True,True,True,False,True
HDR/08_ARCHIVES/Memory_Objects/MEM-0006_Memory_Pyramid.md,MEM-0006 — Memory Pyramid,MEM-0006,Archives / Academy / Engineering / Legacy,IMPORTANT,,,Registered / Specification Draft,None registered yet.,141,8,True,True,True,False,True
HDR/08_ARCHIVES/Memory_Objects/MEM-0007_Campaign_Books.md,MEM-0007 — Campaign Books,MEM-0007,Archives / Academy / Engineering / Legacy,IMPORTANT,,,Registered / Specification Draft,None registered yet.,142,8,True,True,True,False,True
HDR/08_ARCHIVES/Memory_Objects/MEM-0008_Historical_Events.md,MEM-0008 — Historical Events,MEM-0008,Archives / Academy / Engineering / Legacy,IMPORTANT,,,Registered / Specification Draft,None registered yet.,145,8,True,True,True,False,True
HDR/08_ARCHIVES/Memory_Objects/MEM-0009_Family_Trees_of_Ideas.md,MEM-0009 — Family Trees of Ideas,MEM-0009,Archives / Academy / Engineering / Legacy,IMPORTANT,,,Registered / Specification Draft,None registered yet.,147,8,True,True,True,False,True
HDR/08_ARCHIVES/Memory_Objects/MEM-0010_Saved_Missions_Ledger.md,MEM-0010 — Saved Missions Ledger,MEM-0010,Archives / Academy / Engineering / Legacy,IMPORTANT,,,Registered / Specification Draft,None registered yet.,143,8,True,True,True,False,True
HDR/08_ARCHIVES/Memory_Objects/MEM-0011_Invisible_Ledger.md,MEM-0011 — Invisible Ledger,MEM-0011,Archives / Academy / Engineering / Legacy,IMPORTANT,,,Registered / Specification Draft,None registered yet.,145,8,True,True,True,False,True
HDR/08_ARCHIVES/Memory_Objects/MEM-0012_Capsule_Ceremony.md,MEM-0012 — Capsule Ceremony,MEM-0012,Archives / Academy / Engineering / Legacy,IMPORTANT,,,Registered / Specification Draft,None registered yet.,143,8,True,True,True,False,True
HDR/08_ARCHIVES/Memory_Objects/MEM-0013_Legacy_Transfer.md,MEM-0013 — Legacy Transfer,MEM-0013,Archives / Academy / Engineering / Legacy,IMPORTANT,,,Registered / Specification Draft,None registered yet.,141,8,True,True,True,False,True
HDR/08_ARCHIVES/Memory_Objects/MEM-0014_Academy_Courses.md,MEM-0014 — Academy Courses,MEM-0014,Archives / Academy / Engineering / Legacy,IMPORTANT,,,Registered / Specification Draft,None registered yet.,139,8,True,True,True,False,True
HDR/08_ARCHIVES/Memory_Objects/MEM-0015_Academy_Transcript.md,MEM-0015 — Academy Transcript,MEM-0015,Archives / Academy / Engineering / Legacy,IMPORTANT,,,Registered / Specification Draft,None registered yet.,142,8,True,True,True,False,True
HDR/08_ARCHIVES/Memory_Objects/MEM-0016_Certifications.md,MEM-0016 — Certifications,MEM-0016,Archives / Academy / Engineering / Legacy,IMPORTANT,,,Registered / Specification Draft,None registered yet.,141,8,True,True,True,False,True
HDR/08_ARCHIVES/Memory_Objects/MEM-0017_Oral_Examination.md,MEM-0017 — Oral Examination,MEM-0017,Archives / Academy / Engineering / Legacy,IMPORTANT,,,Registered / Specification Draft,None registered yet.,140,8,True,True,True,False,True
HDR/08_ARCHIVES/Memory_Objects/MEM-0018_Qualification_Board.md,MEM-0018 — Qualification Board,MEM-0018,Archives / Academy / Engineering / Legacy,IMPORTANT,,,Registered / Specification Draft,None registered yet.,140,8,True,True,True,False,True
HDR/08_ARCHIVES/Memory_Objects/MEM-0019_Mentor_Protocol.md,MEM-0019 — Mentor Protocol,MEM-0019,Archives / Academy / Engineering / Legacy,IMPORTANT,,,Registered / Specification Draft,None registered yet.,141,8,True,True,True,False,True
HDR/08_ARCHIVES/Memory_Objects/MEM-0020_Medals_of_Restraint.md,MEM-0020 — Medals of Restraint,MEM-0020,Archives / Academy / Engineering / Legacy,IMPORTANT,,,Registered / Specification Draft,None registered yet.,146,8,True,True,True,False,True
HDR/08_ARCHIVES/Memory_Objects/MEM-0021_Rank_Professional_Rank.md,MEM-0021 — Rank / Professional Rank,MEM-0021,Archives / Academy / Engineering / Legacy,IMPORTANT,,,Registered / Specification Draft,None registered yet.,146,8,True,True,True,False,True
HDR/08_ARCHIVES/Memory_Objects/MEM-0022_Security_Clearance.md,MEM-0022 — Security Clearance,MEM-0022,Archives / Academy / Engineering / Legacy,IMPORTANT,,,Registered / Specification Draft,None registered yet.,144,8,True,True,True,False,True
HDR/08_ARCHIVES/Memory_Objects/MEM-0023_Maintenance_Days.md,MEM-0023 — Maintenance Days,MEM-0023,Archives / Academy / Engineering / Legacy,IMPORTANT,,,Registered / Specification Draft,None registered yet.,139,8,True,True,True,False,True
HDR/08_ARCHIVES/Memory_Objects/MEM-0024_Headquarters_Health.md,MEM-0024 — Headquarters Health,MEM-0024,Archives / Academy / Engineering / Legacy,IMPORTANT,,,Registered / Specification Draft,None registered yet.,141,8,True,True,True,False,True
HDR/08_ARCHIVES/Memory_Objects/MEM-0025_Recommendation_Ledger.md,MEM-0025 — Recommendation Ledger,MEM-0025,Archives / Academy / Engineering / Legacy,IMPORTANT,,,Registered / Specification Draft,None registered yet.,142,8,True,True,True,False,True
HDR/08_ARCHIVES/Memory_Objects/MEM-0026_Institutional_Trust_Engine.md,MEM-0026 — Institutional Trust Engine,MEM-0026,Archives / Academy / Engineering / Legacy,IMPORTANT,,,Registered / Specification Draft,None registered yet.,145,8,True,True,True,False,True
HDR/08_ARCHIVES/Memory_Objects/MEM-0027_Self_Audit_Final_Audit.md,MEM-0027 — Self Audit / Final Audit,MEM-0027,Archives / Academy / Engineering / Legacy,IMPORTANT,,,Registered / Specification Draft,None registered yet.,145,8,True,True,True,False,True
HDR/08_ARCHIVES/Memory_Objects/MEM-0028_Archive_of_Removed_Features.md,MEM-0028 — Archive of Removed Features,MEM-0028,Archives / Academy / Engineering / Legacy,IMPORTANT,,,Registered / Specification Draft,None registered yet.,146,8,True,True,True,False,True
HDR/08_ARCHIVES/Memory_Objects/MEM-0029_Anti_Feature_List.md,MEM-0029 — Anti-Feature List,MEM-0029,Archives / Academy / Engineering / Legacy,IMPORTANT,,,Registered / Specification Draft,None registered yet.,142,8,True,True,True,False,True
HDR/08_ARCHIVES/Memory_Objects/MEM-0030_Knife_Drawer.md,MEM-0030 — Knife Drawer,MEM-0030,Archives / Academy / Engineering / Legacy,IMPORTANT,,,Registered / Specification Draft,None registered yet.,140,8,True,True,True,False,True
HDR/08_ARCHIVES/Memory_Objects/MEM-0031_Rule_of_Elegance.md,MEM-0031 — Rule of Elegance,MEM-0031,Archives / Academy / Engineering / Legacy,IMPORTANT,,,Registered / Specification Draft,None registered yet.,146,8,True,True,True,False,True
HDR/08_ARCHIVES/Memory_Objects/MEM-0032_Engineering_Oath.md,MEM-0032 — Engineering Oath,MEM-0032,Archives / Academy / Engineering / Legacy,IMPORTANT,,,Registered / Specification Draft,None registered yet.,141,8,True,True,True,False,True
HDR/08_ARCHIVES/Memory_Objects/MEM-0033_Founders_Log.md,MEM-0033 — Founders Log,MEM-0033,Archives / Academy / Engineering / Legacy,IMPORTANT,,,Registered / Specification Draft,None registered yet.,141,8,True,True,True,False,True
HDR/08_ARCHIVES/Memory_Objects/MEM-0034_HQOS_Event_Bus.md,MEM-0034 — HQOS Event Bus,MEM-0034,Archives / Academy / Engineering / Legacy,IMPORTANT,,,Registered / Specification Draft,None registered yet.,142,8,True,True,True,False,True
HDR/08_ARCHIVES/Memory_Objects/MEM-0035_HQOS_Heartbeat.md,MEM-0035 — HQOS Heartbeat,MEM-0035,Archives / Academy / Engineering / Legacy,IMPORTANT,,,Registered / Specification Draft,None registered yet.,142,8,True,True,True,False,True
HDR/08_ARCHIVES/Memory_Objects/MEM-0036_HQOS_State_Engine.md,MEM-0036 — HQOS State Engine,MEM-0036,Archives / Academy / Engineering / Legacy,IMPORTANT,,,Registered / Specification Draft,None registered yet.,146,8,True,True,True,False,True
HDR/08_ARCHIVES/Memory_Objects/MEM-0037_HQOS_Background_Services.md,MEM-0037 — HQOS Background Services,MEM-0037,Archives / Academy / Engineering / Legacy,IMPORTANT,,,Registered / Specification Draft,None registered yet.,145,8,True,True,True,False,True
HDR/08_ARCHIVES/Memory_Objects/MEM-0038_Night_Watch_Shift_Change.md,MEM-0038 — Night Watch / Shift Change,MEM-0038,Archives / Academy / Engineering / Legacy,IMPORTANT,,,Registered / Specification Draft,None registered yet.,146,8,True,True,True,False,True
HDR/08_ARCHIVES/Memory_Objects/MEM-0039_Error_Handling_as_Engineering.md,MEM-0039 — Error Handling as Engineering,MEM-0039,Archives / Academy / Engineering / Legacy,IMPORTANT,,,Registered / Specification Draft,None registered yet.,147,8,True,True,True,False,True
HDR/08_ARCHIVES/Memory_Objects/MEM-0040_SQLite_Archives.md,MEM-0040 — SQLite Archives,MEM-0040,Archives / Academy / Engineering / Legacy,CORE,,,Registered / Specification Draft,None registered yet.,143,8,True,True,True,False,True
HDR/08_ARCHIVES/Memory_Objects/MEM-0041_Data_Integrity_Checks.md,MEM-0041 — Data Integrity Checks,MEM-0041,Archives / Academy / Engineering / Legacy,IMPORTANT,,,Registered / Specification Draft,None registered yet.,142,8,True,True,True,False,True
HDR/08_ARCHIVES/Memory_Objects/MEM-0042_Source_HDR_Assets_Separation.md,MEM-0042 — Source/HDR/Assets Separation,MEM-0042,Archives / Academy / Engineering / Legacy,IMPORTANT,,,Registered / Specification Draft,None registered yet.,146,8,True,True,True,False,True
HDR/08_ARCHIVES/Memory_Objects/MEM-0043_Master_Index_IDs.md,MEM-0043 — Master Index IDs,MEM-0043,Archives / Academy / Engineering / Legacy,CORE,,,Registered / Specification Draft,None registered yet.,144,8,True,True,True,False,True
HDR/08_ARCHIVES/Memory_Objects/MEM-0044_Specification_Template.md,MEM-0044 — Specification Template,MEM-0044,Archives / Academy / Engineering / Legacy,IMPORTANT,,,Registered / Specification Draft,None registered yet.,142,8,True,True,True,False,True
HDR/08_ARCHIVES/Memory_Objects/MEM-0045_MVI_Minimum_Viable_Institution.md,MEM-0045 — MVI Minimum Viable Institution,MEM-0045,Archives / Academy / Engineering / Legacy,CORE,,,Registered / Specification Draft,None registered yet.,152,8,True,True,True,False,True
HDR/08_ARCHIVES/Memory_Objects/MEM-0046_Broker_Independence_Connectors.md,MEM-0046 — Broker Independence Connectors,MEM-0046,Archives / Academy / Engineering / Legacy,IMPORTANT,,,Registered / Specification Draft,None registered yet.,145,8,True,True,True,False,True
HDR/08_ARCHIVES/Memory_Objects/MEM-0047_CSV_Import_with_Exclusions.md,MEM-0047 — CSV Import with Exclusions,MEM-0047,Archives / Academy / Engineering / Legacy,IMPORTANT,,,Registered / Specification Draft,None registered yet.,145,8,True,True,True,False,True
HDR/08_ARCHIVES/Memory_Objects/MEM-0048_Account_Autopsy.md,MEM-0048 — Account Autopsy,MEM-0048,Archives / Academy / Engineering / Legacy,IMPORTANT,,,Registered / Specification Draft,None registered yet.,143,8,True,True,True,False,True
HDR/08_ARCHIVES/Memory_Objects/MEM-0049_Leak_Report.md,MEM-0049 — Leak Report,MEM-0049,Archives / Academy / Engineering / Legacy,IMPORTANT,,,Registered / Specification Draft,None registered yet.,141,8,True,True,True,False,True
HDR/08_ARCHIVES/Memory_Objects/MEM-0050_Paper_Trading_Checklist.md,MEM-0050 — Paper Trading Checklist,MEM-0050,Archives / Academy / Engineering / Legacy,IMPORTANT,,,Registered / Specification Draft,None registered yet.,144,8,True,True,True,False,True
HDR/08_ARCHIVES/Memory_Objects/MEM-0051_Personal_Trading_Handbook.md,MEM-0051 — Personal Trading Handbook,MEM-0051,Archives / Academy / Engineering / Legacy,IMPORTANT,,,Registered / Specification Draft,None registered yet.,146,8,True,True,True,False,True
HDR/08_ARCHIVES/Memory_Objects/MEM-0052_Military_Operating_Manual.md,MEM-0052 — Military Operating Manual,MEM-0052,Archives / Academy / Engineering / Legacy,IMPORTANT,,,Registered / Specification Draft,None registered yet.,145,8,True,True,True,False,True
HDR/07_HQOS/Kernel/HQOS-0001_Everything_Is_An_Event.md,HQOS-0001 — Everything Is An Event,HQOS-0001,HQOS / Architecture,CORE,,,Registered,Event Bus,164,8,True,True,False,False,True
HDR/07_HQOS/Kernel/HQOS-0002_Respond_Not_React_Principle.md,HQOS-0002 — Respond Not React Principle,HQOS-0002,HQOS / Behavior,CORE,,,Registered,Council; Event Bus,161,8,True,True,False,False,True
HDR/07_HQOS/Kernel/HQOS-0003_One_Truth_Architecture.md,HQOS-0003 — One Truth Architecture,HQOS-0003,HQOS / Data,CORE,,,Registered,Operator Model; Mission State; Doctrine Library,166,8,True,True,False,False,True
HDR/07_HQOS/Kernel/HQOS-0004_Context_Awareness_Layer.md,HQOS-0004 — Context Awareness Layer,HQOS-0004,HQOS / Context,CORE,,,Registered,Operator Model; Mission State,163,8,True,True,False,False,True
HDR/07_HQOS/Kernel/HQOS-0005_Mission_Kernel.md,HQOS-0005 — Mission Kernel,HQOS-0005,HQOS / State Machine,CORE,,,Registered,Mission Lifecycle,160,8,True,True,False,False,True
HDR/07_HQOS/Kernel/HQOS-0006_Consciousness_Loop.md,HQOS-0006 — Consciousness Loop,HQOS-0006,HQOS / Loop,CORE,,,Registered,Heartbeat; Event Bus,162,8,True,True,False,False,True
HDR/07_HQOS/Kernel/HQOS-0007_Behavioral_Resource_Management.md,HQOS-0007 — Behavioral Resource Management,HQOS-0007,HQOS / Resources,IMPORTANT,,,Registered,Operator Model,158,8,True,True,False,False,True
HDR/07_HQOS/Kernel/HQOS-0008_Behavioral_Threads.md,HQOS-0008 — Behavioral Threads,HQOS-0008,HQOS / Architecture,IMPORTANT,,,Registered,Mission Kernel; Guardian; Campaign,159,8,True,True,False,False,True
HDR/07_HQOS/Kernel/HQOS-0009_Interrupt_Handling.md,HQOS-0009 — Interrupt Handling,HQOS-0009,HQOS / Priority,CORE,,,Registered,Sentinel; Priority Levels,157,8,True,True,False,False,True
HDR/07_HQOS/Kernel/HQOS-0010_Background_Services.md,HQOS-0010 — Background Services,HQOS-0010,HQOS / Services,CORE,,,Registered,Night Operations,155,8,True,True,False,False,True
HDR/07_HQOS/Kernel/HQOS-0011_Operational_Anomaly_Handling.md,HQOS-0011 — Operational Anomaly Handling,HQOS-0011,HQOS / Error Handling,CORE,,,Registered,Engineer,161,8,True,True,False,False,True
HDR/07_HQOS/Kernel/HQOS-0012_Department_Bus.md,HQOS-0012 — Department Bus,HQOS-0012,HQOS / Event Routing,CORE,,,Registered,Event Bus; Departments,159,8,True,True,False,False,True
HDR/07_HQOS/Kernel/HQOS-0013_Core_Loop.md,HQOS-0013 — Core Loop,HQOS-0013,HQOS / Kernel,CORE,,,Registered,Consciousness Loop,153,8,True,True,False,False,True
HDR/06_INTELLIGENCE/Network/INTNET-0001_Intelligence_Network.md,INTNET-0001 — Intelligence Network,,Intelligence / Architecture,CORE,,,Registered,Departments; Event Bus,160,8,True,True,False,False,True
HDR/06_INTELLIGENCE/Network/INTNET-0002_Secure_Department_Network.md,INTNET-0002 — Secure Department Network,,Intelligence / Architecture,CORE,,,Registered,Event Bus; Council,160,8,True,True,False,False,True
HDR/06_INTELLIGENCE/Network/INTNET-0003_Intelligence_Feed.md,INTNET-0003 — Intelligence Feed,,Intelligence / Messaging,CORE,,,Registered,Secure Department Network,161,8,True,True,False,False,True
HDR/06_INTELLIGENCE/Network/INTNET-0004_Institutional_Consensus_Response.md,INTNET-0004 — Institutional Consensus Response,,AI / Council,CORE,,,Registered,Council; Intelligence Feed,161,8,True,True,False,False,True
HDR/06_INTELLIGENCE/Network/INTNET-0005_Priority_Messaging_Levels.md,INTNET-0005 — Priority Messaging Levels,,Intelligence / Protocol,CORE,,,Registered,Intelligence Feed,157,8,True,True,False,False,True
HDR/06_INTELLIGENCE/Network/INTNET-0006_Silent_Department_Communication.md,INTNET-0006 — Silent Department Communication,,Institution / Background,IMPORTANT,,,Registered,Intelligence Network,158,8,True,True,False,False,True
HDR/06_INTELLIGENCE/Network/INTNET-0007_Intelligence_Case_Lifecycle.md,INTNET-0007 — Intelligence Case Lifecycle,,Intelligence / Research,IMPORTANT,,,Registered,Research Division; Historian,158,8,True,True,False,False,True
HDR/06_INTELLIGENCE/Network/INTNET-0008_Founder_Review_Protocol.md,INTNET-0008 — Founder Review Protocol,,Legacy / Governance,CORE,,,Registered,Council; Constitution,162,8,True,True,False,False,True
HDR/06_INTELLIGENCE/Network/INTNET-0009_Request_Traceability.md,INTNET-0009 — Request Traceability,,Engineering / Audit,CORE,,,Registered,Event Bus; Archives,156,8,True,True,False,False,True
HDR/06_INTELLIGENCE/Cognition/COG-0001_Cognitive_Architecture.md,COG-0001 — Cognitive Architecture,COG-0001,Intelligence / Brain,CORE,,,Registered,Council; Operator Model,160,8,True,True,False,False,True
HDR/06_INTELLIGENCE/Cognition/COG-0002_Council_Deliberation_Delay.md,COG-0002 — Council Deliberation Delay,COG-0002,AI / Interaction,IMPORTANT,,,Registered,Council; Authorization Terminal,163,8,True,True,False,False,True
HDR/06_INTELLIGENCE/Cognition/COG-0003_Memory_Before_Intelligence_Rule.md,COG-0003 — Memory Before Intelligence Rule,COG-0003,AI / Reasoning,CORE,,,Registered,Historian; Archives,157,8,True,True,False,False,True
HDR/06_INTELLIGENCE/Cognition/COG-0004_Three_Institutional_Questions.md,COG-0004 — Three Institutional Questions,COG-0004,AI / Reasoning,CORE,,,Registered,Historian; Operations; Commander,163,8,True,True,False,False,True
HDR/06_INTELLIGENCE/Cognition/COG-0005_Single_Operator_Model.md,COG-0005 — Single Operator Model,COG-0005,AI / Data,CORE,,,Registered,Behavior Engine; Archives,160,8,True,True,False,False,True
HDR/06_INTELLIGENCE/Cognition/COG-0006_Ghost_Simulation_Principle.md,COG-0006 — Ghost Simulation Principle,COG-0006,AI / Ghost,CORE,,,Registered,Ghost; Operator Model,159,8,True,True,False,False,True
HDR/06_INTELLIGENCE/Cognition/COG-0007_Historian_Investigation_Principle.md,COG-0007 — Historian Investigation Principle,COG-0007,AI / Historian,CORE,,,Registered,Archives; Historian,156,8,True,True,False,False,True
HDR/06_INTELLIGENCE/Cognition/COG-0008_Guardian_Negotiation_Principle.md,COG-0008 — Guardian Negotiation Principle,COG-0008,AI / Guardian,CORE,,,Registered,Guardian,162,8,True,True,False,False,True
HDR/06_INTELLIGENCE/Cognition/COG-0009_Working_Memory.md,COG-0009 — Working Memory,COG-0009,AI / Memory,CORE,,,Registered,Mission State; HQOS,156,8,True,True,False,False,True
HDR/06_INTELLIGENCE/Cognition/COG-0010_Long_Memory.md,COG-0010 — Long Memory,COG-0010,AI / Memory,CORE,,,Registered,Archives,154,8,True,True,False,False,True
HDR/06_INTELLIGENCE/Cognition/COG-0011_Reflection_Engine.md,COG-0011 — Reflection Engine,COG-0011,AI / Night Operations,IMPORTANT,,,Registered,Night Operations; Engineer; Historian,157,8,True,True,False,False,True
HDR/06_INTELLIGENCE/Cognition/COG-0012_Curiosity_Engine.md,COG-0012 — Curiosity Engine,COG-0012,AI / Research,IMPORTANT,,,Registered,Research Division; Historian,161,8,True,True,False,False,True
HDR/06_INTELLIGENCE/Cognition/COG-0013_Wisdom_Engine.md,COG-0013 — Wisdom Engine,COG-0013,AI / Philosophy,IMPORTANT,,,Registered,Council; Commander,155,8,True,True,False,False,True
HDR/05_OPERATIONS/Protocols/OPS-0001_Mission_Lifecycle.md,OPS-0001 — Mission Lifecycle,OPS-0001,Operations / Protocol / Doctrine,CORE,,,Registered / Specification Draft,None registered yet.,142,8,True,True,True,False,True
HDR/05_OPERATIONS/Protocols/OPS-0002_Campaign_Lifecycle.md,OPS-0002 — Campaign Lifecycle,OPS-0002,Operations / Protocol / Doctrine,IMPORTANT,,,Registered / Specification Draft,None registered yet.,141,8,True,True,True,False,True
HDR/05_OPERATIONS/Protocols/OPS-0003_Funded_Mode_Guardian_Protocol.md,OPS-0003 — Funded Mode / Guardian Protocol,OPS-0003,Operations / Protocol / Doctrine,CORE,,,Registered / Specification Draft,None registered yet.,144,8,True,True,True,False,True
HDR/05_OPERATIONS/Protocols/OPS-0004_Success_Protocol.md,OPS-0004 — Success Protocol,OPS-0004,Operations / Protocol / Doctrine,IMPORTANT,,,Registered / Specification Draft,None registered yet.,142,8,True,True,True,False,True
HDR/05_OPERATIONS/Protocols/OPS-0005_Operation_Sunset.md,OPS-0005 — Operation Sunset,OPS-0005,Operations / Protocol / Doctrine,IMPORTANT,,,Registered / Specification Draft,None registered yet.,140,8,True,True,True,False,True
HDR/05_OPERATIONS/Protocols/OPS-0006_Golden_Week_Protocol.md,OPS-0006 — Golden Week Protocol,OPS-0006,Operations / Protocol / Doctrine,IMPORTANT,,,Registered / Specification Draft,None registered yet.,144,8,True,True,True,False,True
HDR/05_OPERATIONS/Protocols/OPS-0007_Weekend_Protocol.md,OPS-0007 — Weekend Protocol,OPS-0007,Operations / Protocol / Doctrine,IMPORTANT,,,Registered / Specification Draft,None registered yet.,139,8,True,True,True,False,True
HDR/05_OPERATIONS/Protocols/OPS-0008_Profit_Defense_Procedure.md,OPS-0008 — Profit Defense Procedure,OPS-0008,Operations / Protocol / Doctrine,IMPORTANT,,,Registered / Specification Draft,None registered yet.,142,8,True,True,True,False,True
HDR/05_OPERATIONS/Protocols/OPS-0009_Damage_Control_Procedure.md,OPS-0009 — Damage Control Procedure,OPS-0009,Operations / Protocol / Doctrine,IMPORTANT,,,Registered / Specification Draft,None registered yet.,146,8,True,True,True,False,True
HDR/05_OPERATIONS/Protocols/OPS-0010_Drawdown_Recovery_Procedure.md,OPS-0010 — Drawdown Recovery Procedure,OPS-0010,Operations / Protocol / Doctrine,IMPORTANT,,,Registered / Specification Draft,None registered yet.,144,8,True,True,True,False,True
HDR/05_OPERATIONS/Protocols/OPS-0011_Winning_Streak_Protocol.md,OPS-0011 — Winning Streak Protocol,OPS-0011,Operations / Protocol / Doctrine,IMPORTANT,,,Registered / Specification Draft,None registered yet.,144,8,True,True,True,False,True
HDR/05_OPERATIONS/Protocols/OPS-0012_Re_entry_Protocol.md,OPS-0012 — Re-entry Protocol,OPS-0012,Operations / Protocol / Doctrine,IMPORTANT,,,Registered / Specification Draft,None registered yet.,145,8,True,True,True,False,True
HDR/05_OPERATIONS/Protocols/OPS-0013_Missed_Trade_Protocol.md,OPS-0013 — Missed Trade Protocol,OPS-0013,Operations / Protocol / Doctrine,IMPORTANT,,,Registered / Specification Draft,None registered yet.,142,8,True,True,True,False,True
HDR/05_OPERATIONS/Protocols/OPS-0014_Observation_Protocol.md,OPS-0014 — Observation Protocol,OPS-0014,Operations / Protocol / Doctrine,IMPORTANT,,,Registered / Specification Draft,None registered yet.,141,8,True,True,True,False,True
HDR/05_OPERATIONS/Protocols/OPS-0015_Authorization_Protocol.md,OPS-0015 — Authorization Protocol,OPS-0015,Operations / Protocol / Doctrine,CORE,,,Registered / Specification Draft,None registered yet.,141,8,True,True,True,False,True
HDR/05_OPERATIONS/Protocols/OPS-0016_Override_Protocol.md,OPS-0016 — Override Protocol,OPS-0016,Operations / Protocol / Doctrine,IMPORTANT,,,Registered / Specification Draft,None registered yet.,138,8,True,True,True,False,True
HDR/05_OPERATIONS/Protocols/OPS-0017_Lockdown_Mode.md,OPS-0017 — Lockdown Mode,OPS-0017,Operations / Protocol / Doctrine,IMPORTANT,,,Registered / Specification Draft,None registered yet.,140,8,True,True,True,False,True
HDR/05_OPERATIONS/Protocols/OPS-0018_Red_Button_Emergency_Protocol.md,OPS-0018 — Red Button / Emergency Protocol,OPS-0018,Operations / Protocol / Doctrine,IMPORTANT,,,Registered / Specification Draft,None registered yet.,145,8,True,True,True,False,True
HDR/05_OPERATIONS/Protocols/OPS-0019_Return_to_Base.md,OPS-0019 — Return to Base,OPS-0019,Operations / Protocol / Doctrine,CORE,,,Registered / Specification Draft,None registered yet.,140,8,True,True,True,False,True
HDR/05_OPERATIONS/Protocols/OPS-0020_Shift_Log.md,OPS-0020 — Shift Log,OPS-0020,Operations / Protocol / Doctrine,IMPORTANT,,,Registered / Specification Draft,None registered yet.,142,8,True,True,True,False,True
HDR/05_OPERATIONS/Protocols/OPS-0021_Night_Operations.md,OPS-0021 — Night Operations,OPS-0021,Operations / Protocol / Doctrine,IMPORTANT,,,Registered / Specification Draft,None registered yet.,139,8,True,True,True,False,True
HDR/05_OPERATIONS/Protocols/OPS-0022_Airlock_Protocol.md,OPS-0022 — Airlock Protocol,OPS-0022,Operations / Protocol / Doctrine,IMPORTANT,,,Registered / Specification Draft,None registered yet.,139,8,True,True,True,False,True
HDR/05_OPERATIONS/Protocols/OPS-0023_Daily_Oath.md,OPS-0023 — Daily Oath,OPS-0023,Operations / Protocol / Doctrine,CORE,,,Registered / Specification Draft,None registered yet.,140,8,True,True,True,False,True
HDR/05_OPERATIONS/Protocols/OPS-0024_Founder_s_Oath.md,OPS-0024 — Founder’s Oath,OPS-0024,Operations / Protocol / Doctrine,IMPORTANT,,,Registered / Specification Draft,None registered yet.,144,8,True,True,True,False,True
HDR/05_OPERATIONS/Protocols/OPS-0025_Custodian_Oath.md,OPS-0025 — Custodian Oath,OPS-0025,Operations / Protocol / Doctrine,IMPORTANT,,,Registered / Specification Draft,None registered yet.,139,8,True,True,True,False,True
HDR/05_OPERATIONS/Protocols/OPS-0026_Oath_Renewal.md,OPS-0026 — Oath Renewal,OPS-0026,Operations / Protocol / Doctrine,IMPORTANT,,,Registered / Specification Draft,None registered yet.,135,8,True,True,True,False,True
HDR/05_OPERATIONS/Protocols/OPS-0027_Equipment_Check.md,OPS-0027 — Equipment Check,OPS-0027,Operations / Protocol / Doctrine,IMPORTANT,,,Registered / Specification Draft,None registered yet.,140,8,True,True,True,False,True
HDR/05_OPERATIONS/Protocols/OPS-0028_Rules_of_Engagement.md,OPS-0028 — Rules of Engagement,OPS-0028,Operations / Protocol / Doctrine,IMPORTANT,,,Registered / Specification Draft,None registered yet.,142,8,True,True,True,False,True
HDR/05_OPERATIONS/Protocols/OPS-0029_Exceptional_Authorization.md,OPS-0029 — Exceptional Authorization,OPS-0029,Operations / Protocol / Doctrine,IMPORTANT,,,Registered / Specification Draft,None registered yet.,142,8,True,True,True,False,True
HDR/05_OPERATIONS/Protocols/OPS-0030_Internal_Tribunal.md,OPS-0030 — Internal Tribunal,OPS-0030,Operations / Protocol / Doctrine,IMPORTANT,,,Registered / Specification Draft,None registered yet.,139,8,True,True,True,False,True
HDR/05_OPERATIONS/Protocols/OPS-0031_Doctrine_Validation.md,OPS-0031 — Doctrine Validation,OPS-0031,Operations / Protocol / Doctrine,IMPORTANT,,,Registered / Specification Draft,None registered yet.,138,8,True,True,True,False,True
HDR/05_OPERATIONS/Protocols/OPS-0032_Doctrine_Wars.md,OPS-0032 — Doctrine Wars,OPS-0032,Operations / Protocol / Doctrine,IMPORTANT,,,Registered / Specification Draft,None registered yet.,137,8,True,True,True,False,True
HDR/05_OPERATIONS/Protocols/OPS-0033_Doctrine_Retirement.md,OPS-0033 — Doctrine Retirement,OPS-0033,Operations / Protocol / Doctrine,IMPORTANT,,,Registered / Specification Draft,None registered yet.,139,8,True,True,True,False,True
HDR/05_OPERATIONS/Protocols/OPS-0034_Myth_Investigation.md,OPS-0034 — Myth Investigation,OPS-0034,Operations / Protocol / Doctrine,IMPORTANT,,,Registered / Specification Draft,None registered yet.,140,8,True,True,True,False,True
HDR/05_OPERATIONS/Protocols/OPS-0035_Quarterly_Review.md,OPS-0035 — Quarterly Review,OPS-0035,Operations / Protocol / Doctrine,IMPORTANT,,,Registered / Specification Draft,None registered yet.,137,8,True,True,True,False,True
HDR/05_OPERATIONS/Protocols/OPS-0036_Annual_Stewardship_Review.md,OPS-0036 — Annual Stewardship Review,OPS-0036,Operations / Protocol / Doctrine,IMPORTANT,,,Registered / Specification Draft,None registered yet.,141,8,True,True,True,False,True
HDR/05_OPERATIONS/Protocols/OPS-0037_Graduation_Test.md,OPS-0037 — Graduation Test,OPS-0037,Operations / Protocol / Doctrine,IMPORTANT,,,Registered / Specification Draft,None registered yet.,140,8,True,True,True,False,True
HDR/05_OPERATIONS/Protocols/OPS-0038_No_Weekend_Trading_Commandment.md,OPS-0038 — No Weekend Trading Commandment,OPS-0038,Operations / Protocol / Doctrine,CORE,,,Registered / Specification Draft,None registered yet.,144,8,True,True,True,False,True
HDR/05_OPERATIONS/Protocols/OPS-0039_No_Trade_Without_Invalidation.md,OPS-0039 — No Trade Without Invalidation,OPS-0039,Operations / Protocol / Doctrine,IMPORTANT,,,Registered / Specification Draft,None registered yet.,139,8,True,True,True,False,True
HDR/05_OPERATIONS/Protocols/OPS-0040_Never_Move_Stop_Emotionally.md,OPS-0040 — Never Move Stop Emotionally,OPS-0040,Operations / Protocol / Doctrine,IMPORTANT,,,Registered / Specification Draft,None registered yet.,138,8,True,True,True,False,True
HDR/05_OPERATIONS/Protocols/OPS-0041_Never_Chase.md,OPS-0041 — Never Chase,OPS-0041,Operations / Protocol / Doctrine,IMPORTANT,,,Registered / Specification Draft,None registered yet.,134,8,True,True,True,False,True
HDR/05_OPERATIONS/Protocols/OPS-0042_Winning_Creates_Responsibility.md,OPS-0042 — Winning Creates Responsibility,OPS-0042,Operations / Protocol / Doctrine,IMPORTANT,,,Registered / Specification Draft,None registered yet.,141,8,True,True,True,False,True
HDR/05_OPERATIONS/Protocols/OPS-0043_We_Do_Not_Repeat_Expensive_Lessons.md,OPS-0043 — We Do Not Repeat Expensive Lessons,OPS-0043,Operations / Protocol / Doctrine,IMPORTANT,,,Registered / Specification Draft,None registered yet.,143,8,True,True,True,False,True
HDR/05_OPERATIONS/Protocols/OPS-0044_Battlefield_Independence.md,OPS-0044 — Battlefield Independence,OPS-0044,Operations / Protocol / Doctrine,CORE,,,Registered / Specification Draft,None registered yet.,141,8,True,True,True,False,True
HDR/05_OPERATIONS/Protocols/OPS-0045_Mission_Control_Principle.md,OPS-0045 — Mission Control Principle,OPS-0045,Operations / Protocol / Doctrine,IMPORTANT,,,Registered / Specification Draft,None registered yet.,142,8,True,True,True,False,True
HDR/05_OPERATIONS/Protocols/OPS-0046_Second_Screen_Philosophy.md,OPS-0046 — Second Screen Philosophy,OPS-0046,Operations / Protocol / Doctrine,IMPORTANT,,,Registered / Specification Draft,None registered yet.,142,8,True,True,True,False,True
HDR/05_OPERATIONS/Protocols/OPS-0047_Manual_Confirmation_Fallback.md,OPS-0047 — Manual Confirmation Fallback,OPS-0047,Operations / Protocol / Doctrine,IMPORTANT,,,Registered / Specification Draft,None registered yet.,144,8,True,True,True,False,True
HDR/05_OPERATIONS/Protocols/OPS-0048_Tactical_Overlay.md,OPS-0048 — Tactical Overlay,OPS-0048,Operations / Protocol / Doctrine,IMPORTANT,,,Registered / Specification Draft,None registered yet.,142,8,True,True,True,False,True
HDR/05_OPERATIONS/Protocols/OPS-0049_Historical_Replay_Simulation.md,OPS-0049 — Historical Replay Simulation,OPS-0049,Operations / Protocol / Doctrine,IMPORTANT,,,Registered / Specification Draft,None registered yet.,142,8,True,True,True,False,True
HDR/05_OPERATIONS/Protocols/OPS-0050_Academy_Field_Exercises.md,OPS-0050 — Academy Field Exercises,OPS-0050,Operations / Protocol / Doctrine,IMPORTANT,,,Registered / Specification Draft,None registered yet.,143,8,True,True,True,False,True
HDR/05_OPERATIONS/Time_Architecture/TIME-0001_Time_Architecture.md,TIME-0001 — Time Architecture,TIME-0001,Operations / Time,CORE,,,Registered,Mission Lifecycle; Campaigns,158,8,True,True,False,False,True
HDR/05_OPERATIONS/Time_Architecture/TIME-0002_Three_Clocks.md,TIME-0002 — Three Clocks,TIME-0002,Interface / Time,IMPORTANT,,,Registered,Time Architecture,157,8,True,True,False,False,True
HDR/05_OPERATIONS/Time_Architecture/TIME-0003_Long_War_Perspective.md,TIME-0003 — Long War Perspective,TIME-0003,Operations / Psychology,CORE,,,Registered,Career Timeline,157,8,True,True,False,False,True
HDR/05_OPERATIONS/Time_Architecture/TIME-0004_Career_Timeline.md,TIME-0004 — Career Timeline,TIME-0004,Legacy / Time,IMPORTANT,,,Registered,Archives; Campaign Books,160,8,True,True,False,False,True
HDR/05_OPERATIONS/Time_Architecture/TIME-0005_Operator_Seasons.md,TIME-0005 — Operator Seasons,TIME-0005,Operations / Seasons,IMPORTANT,,,Registered,Campaign System,153,8,True,True,False,False,True
HDR/05_OPERATIONS/Time_Architecture/TIME-0006_Campaign_Objective_System.md,TIME-0006 — Campaign Objective System,TIME-0006,Operations / Campaigns,CORE,,,Registered,Campaign Lifecycle,160,8,True,True,False,False,True
HDR/05_OPERATIONS/Time_Architecture/TIME-0007_Three_Forms_of_Patience.md,TIME-0007 — Three Forms of Patience,TIME-0007,Operator / Psychology,IMPORTANT,,,Registered,Patience Meter; Time Architecture,156,8,True,True,False,False,True
HDR/05_OPERATIONS/Time_Architecture/TIME-0008_Campaign_Room.md,TIME-0008 — Campaign Room,TIME-0008,Building / Strategy,IMPORTANT,,,Registered,Campaign System,159,8,True,True,False,False,True
HDR/05_OPERATIONS/Time_Architecture/TIME-0009_Mission_Drift_Detection.md,TIME-0009 — Mission Drift Detection,TIME-0009,Operations / Detection,CORE,,,Registered,Campaign Objective System; Behavior Engine,159,8,True,True,False,False,True
HDR/05_OPERATIONS/Time_Architecture/TIME-0010_Strategic_Map.md,TIME-0010 — Strategic Map,TIME-0010,Interface / Legacy,IMPORTANT,,,Registered,Career Timeline; Campaign Map,164,8,True,True,False,False,True
HDR/05_OPERATIONS/Time_Architecture/TIME-0011_Future_Archive_Shelves.md,TIME-0011 — Future Archive Shelves,TIME-0011,Legacy / Symbolism,OPTIONAL,,,Registered,Archives,160,8,True,True,True,False,True
HDR/05_OPERATIONS/Time_Architecture/TIME-0012_Institutional_Maturity_Metric.md,TIME-0012 — Institutional Maturity Metric,TIME-0012,Legacy / Institution,IMPORTANT,,,Registered,Doctrine; Archives,161,8,True,True,False,False,True
HDR/05_OPERATIONS/Time_Architecture/TIME-0013_Archives_Naming_Doctrine.md,TIME-0013 — Archives Naming Doctrine,TIME-0013,Archives / Language,CORE,,,Registered,SQLite Archives,163,8,True,True,False,False,True
HDR/05_OPERATIONS/Time_Architecture/TIME-0014_First_Debrief_vs_Current_Debrief_Reflection.md,TIME-0014 — First Debrief vs Current Debrief Reflection,TIME-0014,Legacy / Experience,IMPORTANT,,,Registered,Archives; Debrief,162,8,True,True,False,False,True
HDR/05_OPERATIONS/Rhythm_Engine/RHY-0001_Rhythm_Engine.md,RHY-0001 — Rhythm Engine,RHY-0001,Operations / Rhythm,CORE,,,Registered,Time Architecture; HQOS Heartbeat,156,8,True,True,False,False,True
HDR/05_OPERATIONS/Rhythm_Engine/RHY-0002_Daily_Operational_Rhythm.md,RHY-0002 — Daily Operational Rhythm,RHY-0002,Operations / Routine,CORE,,,Registered,Rhythm Engine,155,8,True,True,False,False,True
HDR/05_OPERATIONS/Rhythm_Engine/RHY-0003_Weekly_Operational_Rhythm.md,RHY-0003 — Weekly Operational Rhythm,RHY-0003,Operations / Routine,IMPORTANT,,,Registered,Rhythm Engine; Campaigns,159,8,True,True,False,False,True
HDR/05_OPERATIONS/Rhythm_Engine/RHY-0004_Monday_Ceremony.md,RHY-0004 — Monday Ceremony,RHY-0004,Ceremony / Weekly,IMPORTANT,,,Registered,Campaign Flags; Weekly Rhythm,157,8,True,True,False,False,True
HDR/05_OPERATIONS/Rhythm_Engine/RHY-0005_Friday_Campaign_Closure.md,RHY-0005 — Friday Campaign Closure,RHY-0005,Ceremony / Weekly,IMPORTANT,,,Registered,Weekly Rhythm,156,8,True,True,False,False,True
HDR/05_OPERATIONS/Rhythm_Engine/RHY-0006_Monthly_Council_Review.md,RHY-0006 — Monthly Council Review,RHY-0006,Ceremony / Monthly,IMPORTANT,,,Registered,Council; Rhythm Engine,155,8,True,True,False,False,True
HDR/05_OPERATIONS/Rhythm_Engine/RHY-0007_Seasonal_Headquarters_Changes.md,RHY-0007 — Seasonal Headquarters Changes,RHY-0007,Building / Seasonality,OPTIONAL,,,Registered,Rhythm Engine,154,8,True,True,False,False,True
HDR/05_OPERATIONS/Rhythm_Engine/RHY-0008_Annual_Review_Ceremony.md,RHY-0008 — Annual Review Ceremony,RHY-0008,Ceremony / Annual,IMPORTANT,,,Registered,Annual Stewardship Review,161,8,True,True,False,False,True
HDR/05_OPERATIONS/Rhythm_Engine/RHY-0009_Scheduled_Silence.md,RHY-0009 — Scheduled Silence,RHY-0009,Operations / Silence,IMPORTANT,,,Registered,Silence Budget; Strategic Silence,155,8,True,True,False,False,True
HDR/05_OPERATIONS/Rhythm_Engine/RHY-0010_Institutional_Bell_Policy.md,RHY-0010 — Institutional Bell Policy,RHY-0010,Interface / Sound,IMPORTANT,,,Registered,Institutional Bell,162,8,True,True,False,False,True
HDR/04_OPERATOR/Systems/SYS-0001_Professional_Joe.md,SYS-0001 — Professional Joe,SYS-0001,Operator / Behavior System,CORE,,,Registered / Specification Draft,None registered yet.,138,8,True,True,True,False,True
HDR/04_OPERATOR/Systems/SYS-0002_Civilian_Joe.md,SYS-0002 — Civilian Joe,SYS-0002,Operator / Behavior System,IMPORTANT,,,Registered / Specification Draft,None registered yet.,138,8,True,True,True,False,True
HDR/04_OPERATOR/Systems/SYS-0003_Impatient_Joe.md,SYS-0003 — Impatient Joe,SYS-0003,Operator / Behavior System,IMPORTANT,,,Registered / Specification Draft,None registered yet.,140,8,True,True,True,False,True
HDR/04_OPERATOR/Systems/SYS-0004_Greedy_Joe.md,SYS-0004 — Greedy Joe,SYS-0004,Operator / Behavior System,IMPORTANT,,,Registered / Specification Draft,None registered yet.,140,8,True,True,True,False,True
HDR/04_OPERATOR/Systems/SYS-0005_Fearful_Joe.md,SYS-0005 — Fearful Joe,SYS-0005,Operator / Behavior System,IMPORTANT,,,Registered / Specification Draft,None registered yet.,140,8,True,True,True,False,True
HDR/04_OPERATOR/Systems/SYS-0006_Guardian_Joe.md,SYS-0006 — Guardian Joe,SYS-0006,Operator / Behavior System,IMPORTANT,,,Registered / Specification Draft,None registered yet.,137,8,True,True,True,False,True
HDR/04_OPERATOR/Systems/SYS-0007_Observer_Joe.md,SYS-0007 — Observer Joe,SYS-0007,Operator / Behavior System,IMPORTANT,,,Registered / Specification Draft,None registered yet.,137,8,True,True,True,False,True
HDR/04_OPERATOR/Systems/SYS-0008_Research_Joe.md,SYS-0008 — Research Joe,SYS-0008,Operator / Behavior System,IMPORTANT,,,Registered / Specification Draft,None registered yet.,138,8,True,True,True,False,True
HDR/04_OPERATOR/Systems/SYS-0009_Instructor_Joe.md,SYS-0009 — Instructor Joe,SYS-0009,Operator / Behavior System,IMPORTANT,,,Registered / Specification Draft,None registered yet.,138,8,True,True,True,False,True
HDR/04_OPERATOR/Systems/SYS-0010_Command_Authority_Engine.md,SYS-0010 — Command Authority Engine,SYS-0010,Operator / Behavior System,CORE,,,Registered / Specification Draft,None registered yet.,138,8,True,True,True,False,True
HDR/04_OPERATOR/Systems/SYS-0011_Identity_Drift_Engine.md,SYS-0011 — Identity Drift Engine,SYS-0011,Operator / Behavior System,CORE,,,Registered / Specification Draft,None registered yet.,141,8,True,True,True,False,True
HDR/04_OPERATOR/Systems/SYS-0012_Operator_Compass.md,SYS-0012 — Operator Compass,SYS-0012,Operator / Behavior System,CORE,,,Registered / Specification Draft,None registered yet.,139,8,True,True,True,False,True
HDR/04_OPERATOR/Systems/SYS-0013_Artificial_Horizon.md,SYS-0013 — Artificial Horizon,SYS-0013,Operator / Behavior System,IMPORTANT,,,Registered / Specification Draft,None registered yet.,139,8,True,True,True,False,True
HDR/04_OPERATOR/Systems/SYS-0014_Behavioral_Gravity.md,SYS-0014 — Behavioral Gravity,SYS-0014,Operator / Behavior System,IMPORTANT,,,Registered / Specification Draft,None registered yet.,138,8,True,True,True,False,True
HDR/04_OPERATOR/Systems/SYS-0015_Decision_DNA.md,SYS-0015 — Decision DNA,SYS-0015,Operator / Behavior System,IMPORTANT,,,Registered / Specification Draft,None registered yet.,137,8,True,True,True,False,True
HDR/04_OPERATOR/Systems/SYS-0016_Mission_DNA.md,SYS-0016 — Mission DNA,SYS-0016,Operator / Behavior System,IMPORTANT,,,Registered / Specification Draft,None registered yet.,138,8,True,True,True,False,True
HDR/04_OPERATOR/Systems/SYS-0017_Behavioral_Cascades.md,SYS-0017 — Behavioral Cascades,SYS-0017,Operator / Behavior System,IMPORTANT,,,Registered / Specification Draft,None registered yet.,137,8,True,True,True,False,True
HDR/04_OPERATOR/Systems/SYS-0018_Precursor_Library.md,SYS-0018 — Precursor Library,SYS-0018,Operator / Behavior System,IMPORTANT,,,Registered / Specification Draft,None registered yet.,140,8,True,True,True,False,True
HDR/04_OPERATOR/Systems/SYS-0019_Behavioral_Black_Box.md,SYS-0019 — Behavioral Black Box,SYS-0019,Operator / Behavior System,CORE,,,Registered / Specification Draft,None registered yet.,142,8,True,True,True,False,True
HDR/04_OPERATOR/Systems/SYS-0020_Mission_Timeline.md,SYS-0020 — Mission Timeline,SYS-0020,Operator / Behavior System,CORE,,,Registered / Specification Draft,None registered yet.,138,8,True,True,True,False,True
HDR/04_OPERATOR/Systems/SYS-0021_Decision_Nodes.md,SYS-0021 — Decision Nodes,SYS-0021,Operator / Behavior System,IMPORTANT,,,Registered / Specification Draft,None registered yet.,139,8,True,True,True,False,True
HDR/04_OPERATOR/Systems/SYS-0022_Point_of_No_Return.md,SYS-0022 — Point of No Return,SYS-0022,Operator / Behavior System,IMPORTANT,,,Registered / Specification Draft,None registered yet.,143,8,True,True,True,False,True
HDR/04_OPERATOR/Systems/SYS-0023_Intervention_Ladder.md,SYS-0023 — Intervention Ladder,SYS-0023,Operator / Behavior System,IMPORTANT,,,Registered / Specification Draft,None registered yet.,137,8,True,True,True,False,True
HDR/04_OPERATOR/Systems/SYS-0024_Operator_Forecast.md,SYS-0024 — Operator Forecast,SYS-0024,Operator / Behavior System,IMPORTANT,,,Registered / Specification Draft,None registered yet.,139,8,True,True,True,False,True
HDR/04_OPERATOR/Systems/SYS-0025_Operational_Pressure.md,SYS-0025 — Operational Pressure,SYS-0025,Operator / Behavior System,IMPORTANT,,,Registered / Specification Draft,None registered yet.,138,8,True,True,True,False,True
HDR/04_OPERATOR/Systems/SYS-0026_Mission_Momentum.md,SYS-0026 — Mission Momentum,SYS-0026,Operator / Behavior System,IMPORTANT,,,Registered / Specification Draft,None registered yet.,138,8,True,True,True,False,True
HDR/04_OPERATOR/Systems/SYS-0027_Confidence_Ceiling.md,SYS-0027 — Confidence Ceiling,SYS-0027,Operator / Behavior System,IMPORTANT,,,Registered / Specification Draft,None registered yet.,139,8,True,True,True,False,True
HDR/04_OPERATOR/Systems/SYS-0028_Phrase_Library.md,SYS-0028 — Phrase Library,SYS-0028,Operator / Behavior System,IMPORTANT,,,Registered / Specification Draft,None registered yet.,141,8,True,True,True,False,True
HDR/04_OPERATOR/Systems/SYS-0029_Recovery_Signature.md,SYS-0029 — Recovery Signature,SYS-0029,Operator / Behavior System,IMPORTANT,,,Registered / Specification Draft,None registered yet.,139,8,True,True,True,False,True
HDR/04_OPERATOR/Systems/SYS-0030_Decision_Integrity_Engine.md,SYS-0030 — Decision Integrity Engine,SYS-0030,Operator / Behavior System,CORE,,,Registered / Specification Draft,None registered yet.,139,8,True,True,True,False,True
HDR/04_OPERATOR/Systems/SYS-0031_Decision_Debt.md,SYS-0031 — Decision Debt,SYS-0031,Operator / Behavior System,IMPORTANT,,,Registered / Specification Draft,None registered yet.,139,8,True,True,True,False,True
HDR/04_OPERATOR/Systems/SYS-0032_Discipline_Interest.md,SYS-0032 — Discipline Interest,SYS-0032,Operator / Behavior System,IMPORTANT,,,Registered / Specification Draft,None registered yet.,137,8,True,True,True,False,True
HDR/04_OPERATOR/Systems/SYS-0033_Decision_Pressure_Map.md,SYS-0033 — Decision Pressure Map,SYS-0033,Operator / Behavior System,IMPORTANT,,,Registered / Specification Draft,None registered yet.,140,8,True,True,True,False,True
HDR/04_OPERATOR/Systems/SYS-0034_Judgment_Reserve.md,SYS-0034 — Judgment Reserve,SYS-0034,Operator / Behavior System,CORE,,,Registered / Specification Draft,None registered yet.,138,8,True,True,True,False,True
HDR/04_OPERATOR/Systems/SYS-0035_Decision_Latency.md,SYS-0035 — Decision Latency,SYS-0035,Operator / Behavior System,IMPORTANT,,,Registered / Specification Draft,None registered yet.,138,8,True,True,True,False,True
HDR/04_OPERATOR/Systems/SYS-0036_Noise_Floor.md,SYS-0036 — Noise Floor,SYS-0036,Operator / Behavior System,IMPORTANT,,,Registered / Specification Draft,None registered yet.,138,8,True,True,True,False,True
HDR/04_OPERATOR/Systems/SYS-0037_Mental_Environment_Monitor.md,SYS-0037 — Mental Environment Monitor,SYS-0037,Operator / Behavior System,IMPORTANT,,,Registered / Specification Draft,None registered yet.,138,8,True,True,True,False,True
HDR/04_OPERATOR/Systems/SYS-0038_Cognitive_Bandwidth.md,SYS-0038 — Cognitive Bandwidth,SYS-0038,Operator / Behavior System,IMPORTANT,,,Registered / Specification Draft,None registered yet.,136,8,True,True,True,False,True
HDR/04_OPERATOR/Systems/SYS-0039_Operational_Load.md,SYS-0039 — Operational Load,SYS-0039,Operator / Behavior System,IMPORTANT,,,Registered / Specification Draft,None registered yet.,136,8,True,True,True,False,True
HDR/04_OPERATOR/Systems/SYS-0040_Discipline_Reserve.md,SYS-0040 — Discipline Reserve,SYS-0040,Operator / Behavior System,IMPORTANT,,,Registered / Specification Draft,None registered yet.,136,8,True,True,True,False,True
HDR/04_OPERATOR/Systems/SYS-0041_Patience_Meter.md,SYS-0041 — Patience Meter,SYS-0041,Operator / Behavior System,IMPORTANT,,,Registered / Specification Draft,None registered yet.,137,8,True,True,True,False,True
HDR/04_OPERATOR/Systems/SYS-0042_Synchronization_System.md,SYS-0042 — Synchronization System,SYS-0042,Operator / Behavior System,IMPORTANT,,,Registered / Specification Draft,None registered yet.,137,8,True,True,True,False,True
HDR/04_OPERATOR/Systems/SYS-0043_Tactical_Breathing.md,SYS-0043 — Tactical Breathing,SYS-0043,Operator / Behavior System,IMPORTANT,,,Registered / Specification Draft,None registered yet.,139,8,True,True,True,False,True
HDR/04_OPERATOR/Systems/SYS-0044_Mission_Temperature.md,SYS-0044 — Mission Temperature,SYS-0044,Operator / Behavior System,IMPORTANT,,,Registered / Specification Draft,None registered yet.,138,8,True,True,True,False,True
HDR/04_OPERATOR/Systems/SYS-0045_Trust_Index.md,SYS-0045 — Trust Index,SYS-0045,Operator / Behavior System,IMPORTANT,,,Registered / Specification Draft,None registered yet.,139,8,True,True,True,False,True
HDR/04_OPERATOR/Systems/SYS-0046_Trust_Vault_Deposits.md,SYS-0046 — Trust Vault Deposits,SYS-0046,Operator / Behavior System,IMPORTANT,,,Registered / Specification Draft,None registered yet.,140,8,True,True,True,False,True
HDR/04_OPERATOR/Systems/SYS-0047_Stewardship_Engine.md,SYS-0047 — Stewardship Engine,SYS-0047,Operator / Behavior System,IMPORTANT,,,Registered / Specification Draft,None registered yet.,135,8,True,True,True,False,True
HDR/04_OPERATOR/Systems/SYS-0048_Capital_Integrity.md,SYS-0048 — Capital Integrity,SYS-0048,Operator / Behavior System,IMPORTANT,,,Registered / Specification Draft,None registered yet.,138,8,True,True,True,False,True
HDR/04_OPERATOR/Systems/SYS-0049_Guardian_Integrity.md,SYS-0049 — Guardian Integrity,SYS-0049,Operator / Behavior System,IMPORTANT,,,Registered / Specification Draft,None registered yet.,138,8,True,True,True,False,True
HDR/04_OPERATOR/Systems/SYS-0050_Command_Ledger.md,SYS-0050 — Command Ledger,SYS-0050,Operator / Behavior System,IMPORTANT,,,Registered / Specification Draft,None registered yet.,139,8,True,True,True,False,True
HDR/04_OPERATOR/Systems/SYS-0051_Headquarters_Integrity.md,SYS-0051 — Headquarters Integrity,SYS-0051,Operator / Behavior System,IMPORTANT,,,Registered / Specification Draft,None registered yet.,140,8,True,True,True,False,True
HDR/04_OPERATOR/Systems/SYS-0052_Mission_Integrity.md,SYS-0052 — Mission Integrity,SYS-0052,Operator / Behavior System,CORE,,,Registered / Specification Draft,None registered yet.,139,8,True,True,True,False,True
HDR/04_OPERATOR/Systems/SYS-0053_Operational_Readiness_Score.md,SYS-0053 — Operational Readiness Score,SYS-0053,Operator / Behavior System,CORE,,,Registered / Specification Draft,None registered yet.,143,8,True,True,True,False,True
HDR/04_OPERATOR/Systems/SYS-0054_Threat_Level_DEFCON.md,SYS-0054 — Threat Level / DEFCON,SYS-0054,Operator / Behavior System,CORE,,,Registered / Specification Draft,None registered yet.,141,8,True,True,True,False,True
HDR/04_OPERATOR/Systems/SYS-0055_Account_Killer_Score.md,SYS-0055 — Account Killer Score,SYS-0055,Operator / Behavior System,IMPORTANT,,,Registered / Specification Draft,None registered yet.,139,8,True,True,True,False,True
HDR/04_OPERATOR/Systems/SYS-0056_Edge_Quality_Score.md,SYS-0056 — Edge Quality Score,SYS-0056,Operator / Behavior System,IMPORTANT,,,Registered / Specification Draft,None registered yet.,141,8,True,True,True,False,True
HDR/04_OPERATOR/Systems/SYS-0057_Execution_XP.md,SYS-0057 — Execution XP,SYS-0057,Operator / Behavior System,IMPORTANT,,,Registered / Specification Draft,None registered yet.,139,8,True,True,True,False,True
HDR/04_OPERATOR/Systems/SYS-0058_Legacy_Projection.md,SYS-0058 — Legacy Projection,SYS-0058,Operator / Behavior System,IMPORTANT,,,Registered / Specification Draft,None registered yet.,137,8,True,True,True,False,True
HDR/04_OPERATOR/Systems/SYS-0059_Career_Constitution.md,SYS-0059 — Career Constitution,SYS-0059,Operator / Behavior System,IMPORTANT,,,Registered / Specification Draft,None registered yet.,137,8,True,True,True,False,True
HDR/04_OPERATOR/Systems/SYS-0060_Personal_Laws_of_Nature.md,SYS-0060 — Personal Laws of Nature,SYS-0060,Operator / Behavior System,IMPORTANT,,,Registered / Specification Draft,None registered yet.,144,8,True,True,True,False,True
HDR/04_OPERATOR/Trust/TRUST-0001_Trust_Engine.md,TRUST-0001 — Trust Engine,TRUST-0001,Operator / Trust,CORE,,,Registered,Recommendation Ledger; Archives,158,8,True,True,False,False,True
HDR/04_OPERATOR/Trust/TRUST-0002_First_Save_Recognition.md,TRUST-0002 — First Save Recognition,TRUST-0002,Trust / Milestone,IMPORTANT,,,Registered,Guardian; Trust Engine,161,8,True,True,False,False,True
HDR/04_OPERATOR/Trust/TRUST-0003_Evidence_Insufficient_Response.md,TRUST-0003 — Evidence Insufficient Response,TRUST-0003,AI / Communication,CORE,,,Registered,Confidence System,159,8,True,True,False,False,True
HDR/04_OPERATOR/Trust/TRUST-0004_Recommendation_Confidence_Display.md,TRUST-0004 — Recommendation Confidence Display,TRUST-0004,AI / Transparency,CORE,,,Registered,Confidence System; Council,160,8,True,True,False,False,True
HDR/04_OPERATOR/Trust/TRUST-0005_Broken_Trust_Review.md,TRUST-0005 — Broken Trust Review,TRUST-0005,Institution / Self-Correction,IMPORTANT,,,Registered,Engineer; Recommendation Ledger,161,8,True,True,False,False,True
HDR/04_OPERATOR/Trust/TRUST-0006_Headquarters_Self_Audit.md,TRUST-0006 — Headquarters Self Audit,TRUST-0006,Engineering / Trust,CORE,,,Registered,Engineer; Trust Engine,162,8,True,True,False,False,True
HDR/04_OPERATOR/Trust/TRUST-0007_Operator_Listening_Style_Model.md,TRUST-0007 — Operator Listening Style Model,TRUST-0007,AI / Personalization,IMPORTANT,,,Registered,Commander; Historian; Trust Engine,164,8,True,True,False,False,True
HDR/04_OPERATOR/Trust/TRUST-0008_Commander_Silence_Over_Time.md,TRUST-0008 — Commander Silence Over Time,TRUST-0008,AI / Maturity,IMPORTANT,,,Registered,Professional Joe; Trust Engine,161,8,True,True,False,False,True
HDR/04_OPERATOR/Trust/TRUST-0009_Non_Dependence_Principle.md,TRUST-0009 — Non-Dependence Principle,TRUST-0009,Constitution / Trust,CORE,,,Registered,Graduation Test,162,8,True,True,False,False,True
HDR/04_OPERATOR/Trust/TRUST-0010_Trust_Equation.md,TRUST-0010 — Trust Equation,TRUST-0010,Constitution / Trust,IMPORTANT,,,Registered,Trust Engine,151,8,True,True,False,False,True
HDR/04_OPERATOR/Trust/TRUST-0011_Credibility_Protection_Rule.md,TRUST-0011 — Credibility Protection Rule,TRUST-0011,Engineering / Trust,CORE,,,Registered,Release Review,159,8,True,True,False,False,True
HDR/03_BUILDING/Rooms/Command_Center.md,Command Center,,03_BUILDING,,,,,,40,3,False,False,False,False,False
HDR/03_BUILDING/Rooms/Ready_Room.md,Ready Room,,03_BUILDING,,,,,,36,3,False,False,False,False,False
HDR/03_BUILDING/Rooms/Observation_Room.md,Observation Room,,03_BUILDING,,,,,,34,3,False,False,False,False,False
HDR/03_BUILDING/Rooms/War_Room.md,War Room,,03_BUILDING,,,,,,37,3,False,False,False,False,False
HDR/03_BUILDING/Rooms/Guardian_Wing.md,Guardian Wing,,03_BUILDING,,,,,,37,3,False,False,False,False,False
HDR/03_BUILDING/Rooms/Mirror_Room.md,Mirror Room,,03_BUILDING,,,,,,38,3,False,False,False,False,False
HDR/03_BUILDING/Rooms/Debrief_Theater.md,Debrief Theater,,03_BUILDING,,,,,,31,3,False,False,False,False,False
HDR/03_BUILDING/Rooms/Archives.md,Archives,,03_BUILDING,,,,,,33,3,False,False,False,False,False
HDR/03_BUILDING/Rooms/Academy.md,Academy,,03_BUILDING,,,,,,29,3,False,False,False,False,False
HDR/03_BUILDING/Rooms/Engineering.md,Engineering,,03_BUILDING,,,,,,33,3,False,False,False,False,True
HDR/03_BUILDING/Rooms/Internal_Affairs_Room.md,Internal Affairs Room,,03_BUILDING,,,,,,36,3,False,False,False,False,False
HDR/03_BUILDING/Rooms/Medical_Office.md,Medical Office,,03_BUILDING,,,,,,32,3,False,False,False,False,False
HDR/03_BUILDING/Rooms/Founders_Office.md,Founders Office,,03_BUILDING,,,,,,37,3,False,False,False,False,False
HDR/03_BUILDING/Rooms/Observatory.md,Observatory,,03_BUILDING,,,,,,30,3,False,False,False,False,False
HDR/03_BUILDING/Rooms/Hall_of_Restraint.md,Hall of Restraint,,03_BUILDING,,,,,,35,3,False,False,False,False,False
HDR/03_BUILDING/Rooms/Hall_of_Quiet_Victories.md,Hall of Quiet Victories,,03_BUILDING,,,,,,31,3,False,False,False,False,False
HDR/03_BUILDING/Rooms/Hall_of_Custodians.md,Hall of Custodians,,03_BUILDING,,,,,,32,3,False,False,False,False,False
HDR/03_BUILDING/Rooms/Capital_Vault.md,Capital Vault,,03_BUILDING,,,,,,33,3,False,False,False,False,False
HDR/03_BUILDING/Rooms/Judgment_Reserve.md,Judgment Reserve,,03_BUILDING,,,,,,35,3,False,False,False,False,False
HDR/03_BUILDING/Rooms/Thinking_Room.md,Thinking Room,,03_BUILDING,,,,,,34,3,False,False,False,False,False
HDR/03_BUILDING/Rooms/Observation_Balcony.md,Observation Balcony,,03_BUILDING,,,,,,32,3,False,False,False,False,False
HDR/03_BUILDING/Rooms/Quiet_Archive.md,Quiet Archive,,03_BUILDING,,,,,,28,3,False,False,False,False,False
HDR/03_BUILDING/Rooms/Council_Chamber.md,Council Chamber,,03_BUILDING,,,,,,30,3,False,False,False,False,False
HDR/03_BUILDING/Rooms/Legacy_Vault.md,Legacy Vault,,03_BUILDING,,,,,,29,3,False,False,False,False,False
HDR/03_BUILDING/Environmental_Systems/Environmental_Systems.md,Environmental Systems,,03_BUILDING,,,,,,53,1,False,False,False,False,False
HDR/03_BUILDING/Rooms_Expanded/RM-0001_Security_Checkpoint.md,RM-0001 — Security Checkpoint,RM-0001,Building / Room,IMPORTANT,,,Registered / Specification Draft,None registered yet.,139,8,True,True,True,False,True
HDR/03_BUILDING/Rooms_Expanded/RM-0002_Blast_Door_Entrance.md,RM-0002 — Blast Door Entrance,RM-0002,Building / Room,IMPORTANT,,,Registered / Specification Draft,None registered yet.,141,8,True,True,True,False,True
HDR/03_BUILDING/Rooms_Expanded/RM-0003_Transition_Corridor.md,RM-0003 — Transition Corridor,RM-0003,Building / Room,IMPORTANT,,,Registered / Specification Draft,None registered yet.,139,8,True,True,True,False,True
HDR/03_BUILDING/Rooms_Expanded/RM-0004_Entrance_Hall.md,RM-0004 — Entrance Hall,RM-0004,Building / Room,IMPORTANT,,,Registered / Specification Draft,None registered yet.,137,8,True,True,True,False,True
HDR/03_BUILDING/Rooms_Expanded/RM-0005_Command_Center.md,RM-0005 — Command Center,RM-0005,Building / Room,CORE,,,Registered / Specification Draft,None registered yet.,136,8,True,True,True,False,True
HDR/03_BUILDING/Rooms_Expanded/RM-0006_Command_Chair.md,RM-0006 — Command Chair,RM-0006,Building / Room,CORE,,,Registered / Specification Draft,None registered yet.,139,8,True,True,True,False,True
HDR/03_BUILDING/Rooms_Expanded/RM-0007_Mission_Board.md,RM-0007 — Mission Board,RM-0007,Building / Room,CORE,,,Registered / Specification Draft,None registered yet.,138,8,True,True,True,False,True
HDR/03_BUILDING/Rooms_Expanded/RM-0008_Ready_Room.md,RM-0008 — Ready Room,RM-0008,Building / Room,CORE,,,Registered / Specification Draft,None registered yet.,137,8,True,True,True,False,True
HDR/03_BUILDING/Rooms_Expanded/RM-0009_Personal_Locker.md,RM-0009 — Personal Locker,RM-0009,Building / Room,IMPORTANT,,,Registered / Specification Draft,None registered yet.,137,8,True,True,True,False,True
HDR/03_BUILDING/Rooms_Expanded/RM-0010_Briefing_Table.md,RM-0010 — Briefing Table,RM-0010,Building / Room,IMPORTANT,,,Registered / Specification Draft,None registered yet.,139,8,True,True,True,False,True
HDR/03_BUILDING/Rooms_Expanded/RM-0011_War_Room.md,RM-0011 — War Room,RM-0011,Building / Room,CORE,,,Registered / Specification Draft,None registered yet.,140,8,True,True,True,False,True
HDR/03_BUILDING/Rooms_Expanded/RM-0012_War_Table_Campaign_Table.md,RM-0012 — War Table / Campaign Table,RM-0012,Building / Room,IMPORTANT,,,Registered / Specification Draft,None registered yet.,141,8,True,True,True,False,True
HDR/03_BUILDING/Rooms_Expanded/RM-0013_Authorization_Terminal.md,RM-0013 — Authorization Terminal,RM-0013,Building / Room,CORE,,,Registered / Specification Draft,None registered yet.,138,8,True,True,True,False,True
HDR/03_BUILDING/Rooms_Expanded/RM-0014_Observation_Room.md,RM-0014 — Observation Room,RM-0014,Building / Room,CORE,,,Registered / Specification Draft,None registered yet.,139,8,True,True,True,False,True
HDR/03_BUILDING/Rooms_Expanded/RM-0015_Observation_Balcony.md,RM-0015 — Observation Balcony,RM-0015,Building / Room,IMPORTANT,,,Registered / Specification Draft,None registered yet.,137,8,True,True,True,False,True
HDR/03_BUILDING/Rooms_Expanded/RM-0016_Thinking_Room.md,RM-0016 — Thinking Room,RM-0016,Building / Room,IMPORTANT,,,Registered / Specification Draft,None registered yet.,141,8,True,True,True,False,True
HDR/03_BUILDING/Rooms_Expanded/RM-0017_Execution_Room.md,RM-0017 — Execution Room,RM-0017,Building / Room,IMPORTANT,,,Registered / Specification Draft,None registered yet.,137,8,True,True,True,False,True
HDR/03_BUILDING/Rooms_Expanded/RM-0018_Debrief_Theater.md,RM-0018 — Debrief Theater,RM-0018,Building / Room,CORE,,,Registered / Specification Draft,None registered yet.,138,8,True,True,True,False,True
HDR/03_BUILDING/Rooms_Expanded/RM-0019_Mirror_Room.md,RM-0019 — Mirror Room,RM-0019,Building / Room,CORE,,,Registered / Specification Draft,None registered yet.,140,8,True,True,True,False,True
HDR/03_BUILDING/Rooms_Expanded/RM-0020_AAR_Room.md,RM-0020 — AAR Room,RM-0020,Building / Room,IMPORTANT,,,Registered / Specification Draft,None registered yet.,138,8,True,True,True,False,True
HDR/03_BUILDING/Rooms_Expanded/RM-0021_Internal_Affairs_Room.md,RM-0021 — Internal Affairs Room,RM-0021,Building / Room,IMPORTANT,,,Registered / Specification Draft,None registered yet.,138,8,True,True,True,False,True
HDR/03_BUILDING/Rooms_Expanded/RM-0022_Council_Chamber.md,RM-0022 — Council Chamber,RM-0022,Building / Room,IMPORTANT,,,Registered / Specification Draft,None registered yet.,137,8,True,True,True,False,True
HDR/03_BUILDING/Rooms_Expanded/RM-0023_Guardian_Wing.md,RM-0023 — Guardian Wing,RM-0023,Building / Room,IMPORTANT,,,Registered / Specification Draft,None registered yet.,138,8,True,True,True,False,True
HDR/03_BUILDING/Rooms_Expanded/RM-0024_Guardian_Room.md,RM-0024 — Guardian Room,RM-0024,Building / Room,IMPORTANT,,,Registered / Specification Draft,None registered yet.,143,8,True,True,True,False,True
HDR/03_BUILDING/Rooms_Expanded/RM-0025_Capital_Vault.md,RM-0025 — Capital Vault,RM-0025,Building / Room,CORE,,,Registered / Specification Draft,None registered yet.,140,8,True,True,True,False,True
HDR/03_BUILDING/Rooms_Expanded/RM-0026_Judgment_Reserve.md,RM-0026 — Judgment Reserve,RM-0026,Building / Room,IMPORTANT,,,Registered / Specification Draft,None registered yet.,136,8,True,True,True,False,True
HDR/03_BUILDING/Rooms_Expanded/RM-0027_Trust_Vault.md,RM-0027 — Trust Vault,RM-0027,Building / Room,IMPORTANT,,,Registered / Specification Draft,None registered yet.,138,8,True,True,True,False,True
HDR/03_BUILDING/Rooms_Expanded/RM-0028_Steward_s_Desk.md,RM-0028 — Steward’s Desk,RM-0028,Building / Room,IMPORTANT,,,Registered / Specification Draft,None registered yet.,139,8,True,True,True,False,True
HDR/03_BUILDING/Rooms_Expanded/RM-0029_Hall_of_Custodians.md,RM-0029 — Hall of Custodians,RM-0029,Building / Room,IMPORTANT,,,Registered / Specification Draft,None registered yet.,140,8,True,True,True,False,True
HDR/03_BUILDING/Rooms_Expanded/RM-0030_Hall_of_Restraint.md,RM-0030 — Hall of Restraint,RM-0030,Building / Room,IMPORTANT,,,Registered / Specification Draft,None registered yet.,139,8,True,True,True,False,True
HDR/03_BUILDING/Rooms_Expanded/RM-0031_Hall_of_Quiet_Victories.md,RM-0031 — Hall of Quiet Victories,RM-0031,Building / Room,IMPORTANT,,,Registered / Specification Draft,None registered yet.,142,8,True,True,True,False,True
HDR/03_BUILDING/Rooms_Expanded/RM-0032_Hall_of_Honor.md,RM-0032 — Hall of Honor,RM-0032,Building / Room,IMPORTANT,,,Registered / Specification Draft,None registered yet.,137,8,True,True,True,False,True
HDR/03_BUILDING/Rooms_Expanded/RM-0033_Hall_of_Fallen_Missions.md,RM-0033 — Hall of Fallen Missions,RM-0033,Building / Room,IMPORTANT,,,Registered / Specification Draft,None registered yet.,142,8,True,True,True,False,True
HDR/03_BUILDING/Rooms_Expanded/RM-0034_Operation_Cemetery.md,RM-0034 — Operation Cemetery,RM-0034,Building / Room,IMPORTANT,,,Registered / Specification Draft,None registered yet.,137,8,True,True,True,False,True
HDR/03_BUILDING/Rooms_Expanded/RM-0035_Fallen_Comrades_Room.md,RM-0035 — Fallen Comrades Room,RM-0035,Building / Room,IMPORTANT,,,Registered / Specification Draft,None registered yet.,139,8,True,True,True,False,True
HDR/03_BUILDING/Rooms_Expanded/RM-0036_Situation_Wall.md,RM-0036 — Situation Wall,RM-0036,Building / Room,IMPORTANT,,,Registered / Specification Draft,None registered yet.,138,8,True,True,True,False,True
HDR/03_BUILDING/Rooms_Expanded/RM-0037_Situation_Room.md,RM-0037 — Situation Room,RM-0037,Building / Room,IMPORTANT,,,Registered / Specification Draft,None registered yet.,138,8,True,True,True,False,True
HDR/03_BUILDING/Rooms_Expanded/RM-0038_Intelligence_Center.md,RM-0038 — Intelligence Center,RM-0038,Building / Room,IMPORTANT,,,Registered / Specification Draft,None registered yet.,137,8,True,True,True,False,True
HDR/03_BUILDING/Rooms_Expanded/RM-0039_Archives.md,RM-0039 — Archives,RM-0039,Building / Room,CORE,,,Registered / Specification Draft,None registered yet.,137,8,True,True,True,False,True
HDR/03_BUILDING/Rooms_Expanded/RM-0040_Quiet_Archive.md,RM-0040 — Quiet Archive,RM-0040,Building / Room,IMPORTANT,,,Registered / Specification Draft,None registered yet.,139,8,True,True,True,False,True
HDR/03_BUILDING/Rooms_Expanded/RM-0041_Historian_Office.md,RM-0041 — Historian Office,RM-0041,Building / Room,IMPORTANT,,,Registered / Specification Draft,None registered yet.,136,8,True,True,True,False,True
HDR/03_BUILDING/Rooms_Expanded/RM-0042_Academy.md,RM-0042 — Academy,RM-0042,Building / Room,IMPORTANT,,,Registered / Specification Draft,None registered yet.,135,8,True,True,True,False,True
HDR/03_BUILDING/Rooms_Expanded/RM-0043_Simulation_Chamber.md,RM-0043 — Simulation Chamber,RM-0043,Building / Room,IMPORTANT,,,Registered / Specification Draft,None registered yet.,138,8,True,True,True,False,True
HDR/03_BUILDING/Rooms_Expanded/RM-0044_Strategy_Chamber.md,RM-0044 — Strategy Chamber,RM-0044,Building / Room,IMPORTANT,,,Registered / Specification Draft,None registered yet.,137,8,True,True,True,False,True
HDR/03_BUILDING/Rooms_Expanded/RM-0045_Operations_Sandbox.md,RM-0045 — Operations Sandbox,RM-0045,Building / Room,IMPORTANT,,,Registered / Specification Draft,None registered yet.,137,8,True,True,True,False,True
HDR/03_BUILDING/Rooms_Expanded/RM-0046_Medical_Office.md,RM-0046 — Medical Office,RM-0046,Building / Room,IMPORTANT,,,Registered / Specification Draft,None registered yet.,135,8,True,True,True,False,True
HDR/03_BUILDING/Rooms_Expanded/RM-0047_Recovery_Room.md,RM-0047 — Recovery Room,RM-0047,Building / Room,IMPORTANT,,,Registered / Specification Draft,None registered yet.,137,8,True,True,True,False,True
HDR/03_BUILDING/Rooms_Expanded/RM-0048_Engineering_Department.md,RM-0048 — Engineering Department,RM-0048,Building / Room,IMPORTANT,,,Registered / Specification Draft,None registered yet.,136,8,True,True,True,False,True
HDR/03_BUILDING/Rooms_Expanded/RM-0049_Systems_Laboratory.md,RM-0049 — Systems Laboratory,RM-0049,Building / Room,IMPORTANT,,,Registered / Specification Draft,None registered yet.,136,8,True,True,True,False,True
HDR/03_BUILDING/Rooms_Expanded/RM-0050_Research_Division_Room.md,RM-0050 — Research Division Room,RM-0050,Building / Room,IMPORTANT,,,Registered / Specification Draft,None registered yet.,137,8,True,True,True,False,True
HDR/03_BUILDING/Rooms_Expanded/RM-0051_Vault_Constitution_Hall.md,RM-0051 — Vault / Constitution Hall,RM-0051,Building / Room,IMPORTANT,,,Registered / Specification Draft,None registered yet.,140,8,True,True,True,False,True
HDR/03_BUILDING/Rooms_Expanded/RM-0052_Founder_s_Office.md,RM-0052 — Founder’s Office,RM-0052,Building / Room,IMPORTANT,,,Registered / Specification Draft,None registered yet.,143,8,True,True,True,False,True
HDR/03_BUILDING/Rooms_Expanded/RM-0053_Observatory.md,RM-0053 — Observatory,RM-0053,Building / Room,IMPORTANT,,,Registered / Specification Draft,None registered yet.,137,8,True,True,True,False,True
HDR/03_BUILDING/Rooms_Expanded/RM-0054_Legacy_Vault.md,RM-0054 — Legacy Vault,RM-0054,Building / Room,IMPORTANT,,,Registered / Specification Draft,None registered yet.,135,8,True,True,True,False,True
HDR/03_BUILDING/Rooms_Expanded/RM-0055_Legacy_Wall.md,RM-0055 — Legacy Wall,RM-0055,Building / Room,IMPORTANT,,,Registered / Specification Draft,None registered yet.,135,8,True,True,True,False,True
HDR/03_BUILDING/Rooms_Expanded/RM-0056_Twenty_Year_Wall.md,RM-0056 — Twenty-Year Wall,RM-0056,Building / Room,IMPORTANT,,,Registered / Specification Draft,None registered yet.,140,8,True,True,True,False,True
HDR/03_BUILDING/Rooms_Expanded/RM-0057_Library.md,RM-0057 — Library,RM-0057,Building / Room,IMPORTANT,,,Registered / Specification Draft,None registered yet.,137,8,True,True,True,False,True
HDR/03_BUILDING/Rooms_Expanded/RM-0058_Doctrine_Chamber.md,RM-0058 — Doctrine Chamber,RM-0058,Building / Room,IMPORTANT,,,Registered / Specification Draft,None registered yet.,135,8,True,True,True,False,True
HDR/03_BUILDING/Rooms_Expanded/RM-0059_Doctrine_Cemetery.md,RM-0059 — Doctrine Cemetery,RM-0059,Building / Room,IMPORTANT,,,Registered / Specification Draft,None registered yet.,135,8,True,True,True,False,True
HDR/03_BUILDING/Rooms_Expanded/RM-0060_Myth_Library.md,RM-0060 — Myth Library,RM-0060,Building / Room,IMPORTANT,,,Registered / Specification Draft,None registered yet.,135,8,True,True,True,False,True
HDR/03_BUILDING/Rooms_Expanded/RM-0061_Trophy_Room.md,RM-0061 — Trophy Room,RM-0061,Building / Room,IMPORTANT,,,Registered / Specification Draft,None registered yet.,135,8,True,True,True,False,True
HDR/03_BUILDING/Rooms_Expanded/RM-0062_Hall_of_Fallen_Giants.md,RM-0062 — Hall of Fallen Giants,RM-0062,Building / Room,IMPORTANT,,,Registered / Specification Draft,None registered yet.,139,8,True,True,True,False,True
HDR/03_BUILDING/Rooms_Expanded/RM-0063_Hall_of_Future_Operators.md,RM-0063 — Hall of Future Operators,RM-0063,Building / Room,IMPORTANT,,,Registered / Specification Draft,None registered yet.,141,8,True,True,True,False,True
HDR/03_BUILDING/Rooms_Expanded/RM-0064_Founder_s_Wall.md,RM-0064 — Founder’s Wall,RM-0064,Building / Room,IMPORTANT,,,Registered / Specification Draft,None registered yet.,141,8,True,True,True,False,True
HDR/03_BUILDING/Rooms_Expanded/RM-0065_Eternal_Flame_Doctrine_Flame.md,RM-0065 — Eternal Flame / Doctrine Flame,RM-0065,Building / Room,IMPORTANT,,,Registered / Specification Draft,None registered yet.,140,8,True,True,True,False,True
HDR/03_BUILDING/Rooms_Expanded/RM-0066_Empty_Chair.md,RM-0066 — Empty Chair,RM-0066,Building / Room,IMPORTANT,,,Registered / Specification Draft,None registered yet.,136,8,True,True,True,False,True
HDR/03_BUILDING/Rooms_Expanded/RM-0067_Empty_Desk.md,RM-0067 — Empty Desk,RM-0067,Building / Room,IMPORTANT,,,Registered / Specification Draft,None registered yet.,135,8,True,True,True,False,True
HDR/03_BUILDING/Rooms_Expanded/RM-0068_Armory.md,RM-0068 — Armory,RM-0068,Building / Room,IMPORTANT,,,Registered / Specification Draft,None registered yet.,137,8,True,True,True,False,True
HDR/03_BUILDING/Rooms_Expanded/RM-0069_Ready_Room_Lockers.md,RM-0069 — Ready Room Lockers,RM-0069,Building / Room,IMPORTANT,,,Registered / Specification Draft,None registered yet.,142,8,True,True,True,False,True
HDR/03_BUILDING/Rooms_Expanded/RM-0070_Last_Door.md,RM-0070 — Last Door,RM-0070,Building / Room,IMPORTANT,,,Registered / Specification Draft,None registered yet.,136,8,True,True,True,False,True
HDR/03_BUILDING/Presence/PRES-0001_Presence_Engine.md,PRES-0001 — Presence Engine,PRES-0001,Building / Atmosphere,CORE,,,Registered,Dynamic Lighting; Audio; HQOS State,167,8,True,True,False,False,True
HDR/03_BUILDING/Presence/PRES-0002_Arrival_Psychology.md,PRES-0002 — Arrival Psychology,PRES-0002,Building / UX,CORE,,,Registered,Blast Door Entrance; Transition Corridor,164,8,True,True,False,False,True
HDR/03_BUILDING/Presence/PRES-0003_Transition_Zone.md,PRES-0003 — Transition Zone,PRES-0003,Building / Corridor,CORE,,,Registered,Blast Door Entrance,166,8,True,True,False,False,True
HDR/03_BUILDING/Presence/PRES-0004_Weight_of_the_Building.md,PRES-0004 — Weight of the Building,PRES-0004,Building / Environmental Design,IMPORTANT,,,Registered,Presence Engine,163,8,True,True,False,False,True
HDR/03_BUILDING/Presence/PRES-0005_First_Decision_Ritual.md,PRES-0005 — First Decision Ritual,PRES-0005,Operator / Ritual,IMPORTANT,,,Registered,Command Chair,161,8,True,True,False,False,True
HDR/03_BUILDING/Presence/PRES-0006_Slow_System_Pacing.md,PRES-0006 — Slow System Pacing,PRES-0006,Interface / Timing,CORE,,,Registered,Animation Timing; Silence,163,8,True,True,False,False,True
HDR/03_BUILDING/Presence/PRES-0007_Operational_Gravity.md,PRES-0007 — Operational Gravity,PRES-0007,Building / Behavior,IMPORTANT,,,Registered,Behavioral Gravity; Presence Engine,163,8,True,True,False,False,True
HDR/03_BUILDING/Presence/PRES-0008_Hallway_of_Campaign_Flags.md,PRES-0008 — Hallway of Campaign Flags,PRES-0008,Building / Legacy,IMPORTANT,,,Registered,Campaign System; Legacy Wall,166,8,True,True,False,False,True
HDR/03_BUILDING/Presence/PRES-0009_Precision_Command_Clock.md,PRES-0009 — Precision Command Clock,PRES-0009,Building / Time Symbol,IMPORTANT,,,Registered,Time Architecture,158,8,True,True,False,False,True
HDR/03_BUILDING/Presence/PRES-0010_Industrial_Sound_Palette.md,PRES-0010 — Industrial Sound Palette,PRES-0010,Interface / Audio,CORE,,,Registered,Sound Bible,161,8,True,True,False,False,True
HDR/03_BUILDING/Presence/PRES-0011_Command_Chair_Overhead_Light.md,PRES-0011 — Command Chair Overhead Light,PRES-0011,Building / Symbolism,IMPORTANT,,,Registered,Command Chair; Identity Drift,163,8,True,True,False,False,True
HDR/03_BUILDING/Presence/PRES-0012_Temperature_Profile_System.md,PRES-0012 — Temperature Profile System,PRES-0012,Building / Atmosphere,OPTIONAL,,,Registered,Room Profiles,161,8,True,True,False,False,True
HDR/03_BUILDING/Presence/PRES-0013_Archive_Sensory_Imagination.md,PRES-0013 — Archive Sensory Imagination,PRES-0013,Building / Storytelling,OPTIONAL,,,Registered,Archives,163,8,True,True,False,False,True
HDR/03_BUILDING/Presence/PRES-0014_Maintenance_Crew_Illusion.md,PRES-0014 — Maintenance Crew Illusion,PRES-0014,Building / Ambient Life,OPTIONAL,,,Registered,Engineer; Department Activity,163,8,True,True,False,False,True
HDR/03_BUILDING/Presence/PRES-0015_Dawn_Protocol.md,PRES-0015 — Dawn Protocol,PRES-0015,Building / Ritual,IMPORTANT,,,Registered,Boot Sequence; Lighting,160,8,True,True,False,False,True
HDR/03_BUILDING/Presence/PRES-0016_Night_Protocol.md,PRES-0016 — Night Protocol,PRES-0016,Building / Ritual,IMPORTANT,,,Registered,Shutdown; Night Operations,159,8,True,True,False,False,True
HDR/03_BUILDING/Presence/PRES-0017_Living_Crest_Evolution.md,PRES-0017 — Living Crest Evolution,PRES-0017,Legacy / Identity,IMPORTANT,,,Registered,Headquarters Crest; Legacy,160,8,True,True,False,False,True
HDR/03_BUILDING/Presence/PRES-0018_Founder_Question_Cards.md,PRES-0018 — Founder Question Cards,PRES-0018,Legacy / Founder,IMPORTANT,,,Registered,Founder; Founder Office,159,8,True,True,False,False,True
HDR/03_BUILDING/Presence/PRES-0019_Ceiling_Character_Inscription.md,PRES-0019 — Ceiling Character Inscription,PRES-0019,Building / Symbolism,IMPORTANT,,,Registered,Command Chair,163,8,True,True,False,False,True
HDR/02_INSTITUTION/Departments/Commander.md,Commander,,02_INSTITUTION,,,,,,47,3,True,False,False,False,False
HDR/02_INSTITUTION/Departments/Guardian.md,Guardian,,02_INSTITUTION,,,,,,47,3,True,False,False,False,False
HDR/02_INSTITUTION/Departments/Ghost.md,Ghost,,02_INSTITUTION,,,,,,45,3,True,False,False,False,False
HDR/02_INSTITUTION/Departments/Historian.md,Historian,,02_INSTITUTION,,,,,,40,3,True,False,False,False,False
HDR/02_INSTITUTION/Departments/Engineer.md,Engineer,,02_INSTITUTION,,,,,,40,3,True,False,False,False,False
HDR/02_INSTITUTION/Departments/Medical_Officer.md,Medical Officer,,02_INSTITUTION,,,,,,44,3,True,False,False,False,False
HDR/02_INSTITUTION/Departments/Internal_Affairs.md,Internal Affairs,,02_INSTITUTION,,,,,,44,3,True,False,False,False,False
HDR/02_INSTITUTION/Departments/Academy.md,Academy,,02_INSTITUTION,,,,,,38,3,True,False,False,False,False
HDR/02_INSTITUTION/Departments/Council.md,Council,,02_INSTITUTION,,,,,,50,3,True,False,False,False,False
HDR/02_INSTITUTION/Departments/Recognition_Office.md,Recognition Office,,02_INSTITUTION,,,,,,45,3,True,False,False,False,False
HDR/02_INSTITUTION/Objects/HQ-0001_Commander.md,HQ-0001 — Commander,HQ-0001,Institution / Department,CORE,,,Registered / Specification Draft,None registered yet.,140,8,True,True,True,False,True
HDR/02_INSTITUTION/Objects/HQ-0002_Guardian.md,HQ-0002 — Guardian,HQ-0002,Institution / Department,CORE,,,Registered / Specification Draft,None registered yet.,137,8,True,True,True,False,True
HDR/02_INSTITUTION/Objects/HQ-0003_Ghost.md,HQ-0003 — Ghost,HQ-0003,Institution / Department,CORE,,,Registered / Specification Draft,None registered yet.,141,8,True,True,True,False,True
HDR/02_INSTITUTION/Objects/HQ-0004_Historian.md,HQ-0004 — Historian,HQ-0004,Institution / Department,CORE,,,Registered / Specification Draft,None registered yet.,135,8,True,True,True,False,True
HDR/02_INSTITUTION/Objects/HQ-0005_Engineer.md,HQ-0005 — Engineer,HQ-0005,Institution / Department,CORE,,,Registered / Specification Draft,None registered yet.,137,8,True,True,True,False,True
HDR/02_INSTITUTION/Objects/HQ-0006_Medical_Officer.md,HQ-0006 — Medical Officer,HQ-0006,Institution / Department,CORE,,,Registered / Specification Draft,None registered yet.,138,8,True,True,True,False,True
HDR/02_INSTITUTION/Objects/HQ-0007_Internal_Affairs.md,HQ-0007 — Internal Affairs,HQ-0007,Institution / Department,CORE,,,Registered / Specification Draft,None registered yet.,138,8,True,True,True,False,True
HDR/02_INSTITUTION/Objects/HQ-0008_Academy.md,HQ-0008 — Academy,HQ-0008,Institution / Department,CORE,,,Registered / Specification Draft,None registered yet.,135,8,True,True,True,False,True
HDR/02_INSTITUTION/Objects/HQ-0009_Operations_Officer.md,HQ-0009 — Operations Officer,HQ-0009,Institution / Department,CORE,,,Registered / Specification Draft,None registered yet.,138,8,True,True,True,False,True
HDR/02_INSTITUTION/Objects/HQ-0010_Intelligence_Officer.md,HQ-0010 — Intelligence Officer,HQ-0010,Institution / Department,CORE,,,Registered / Specification Draft,None registered yet.,137,8,True,True,True,False,True
HDR/02_INSTITUTION/Objects/HQ-0011_Recognition_Office.md,HQ-0011 — Recognition Office,HQ-0011,Institution / Department,CORE,,,Registered / Specification Draft,None registered yet.,138,8,True,True,True,False,True
HDR/02_INSTITUTION/Objects/HQ-0012_Sentinel.md,HQ-0012 — Sentinel,HQ-0012,Institution / Department,CORE,,,Registered / Specification Draft,None registered yet.,137,8,True,True,True,False,True
HDR/02_INSTITUTION/Objects/HQ-0013_Complacency_Division.md,HQ-0013 — Complacency Division,HQ-0013,Institution / Department,IMPORTANT,,,Registered / Specification Draft,None registered yet.,139,8,True,True,True,False,True
HDR/02_INSTITUTION/Objects/HQ-0014_Quality_Assurance.md,HQ-0014 — Quality Assurance,HQ-0014,Institution / Department,IMPORTANT,,,Registered / Specification Draft,None registered yet.,136,8,True,True,True,False,True
HDR/02_INSTITUTION/Objects/HQ-0015_Ethics_Committee.md,HQ-0015 — Ethics Committee,HQ-0015,Institution / Department,IMPORTANT,,,Registered / Specification Draft,None registered yet.,135,8,True,True,True,False,True
HDR/02_INSTITUTION/Objects/HQ-0016_Research_Division.md,HQ-0016 — Research Division,HQ-0016,Institution / Department,IMPORTANT,,,Registered / Specification Draft,None registered yet.,138,8,True,True,True,False,True
HDR/02_INSTITUTION/Objects/HQ-0017_Red_Team.md,HQ-0017 — Red Team,HQ-0017,Institution / Department,IMPORTANT,,,Registered / Specification Draft,None registered yet.,136,8,True,True,True,False,True
HDR/02_INSTITUTION/Objects/HQ-0018_Blue_Team.md,HQ-0018 — Blue Team,HQ-0018,Institution / Department,IMPORTANT,,,Registered / Specification Draft,None registered yet.,135,8,True,True,True,False,True
HDR/02_INSTITUTION/Objects/HQ-0019_Founder.md,HQ-0019 — Founder,HQ-0019,Institution / Department,CORE,,,Registered / Specification Draft,None registered yet.,137,8,True,True,True,False,True
HDR/02_INSTITUTION/Objects/HQ-0020_Council.md,HQ-0020 — Council,HQ-0020,Institution / Department,CORE,,,Registered / Specification Draft,None registered yet.,133,8,True,True,True,False,True
HDR/01_CONSTITUTION/Culture/CULT-0001_Headquarters_Culture.md,CULT-0001 — Headquarters Culture,CULT-0001,Constitution / Culture,CORE,,,Registered,Constitution; Institution Principles,169,8,True,True,False,False,True
HDR/01_CONSTITUTION/Culture/CULT-0002_The_Headquarters_Way.md,CULT-0002 — The Headquarters Way,CULT-0002,Constitution / Culture,CORE,,,Registered,Headquarters Culture,166,8,True,True,False,False,True
HDR/01_CONSTITUTION/Culture/CULT-0003_Four_Pillars_of_Headquarters.md,CULT-0003 — Four Pillars of Headquarters,CULT-0003,Constitution / Principles,CORE,,,Registered,Headquarters Culture,157,8,True,True,False,False,True
HDR/01_CONSTITUTION/Culture/CULT-0004_Institutional_Vocabulary_System.md,CULT-0004 — Institutional Vocabulary System,CULT-0004,Constitution / Language,CORE,,,Registered,Glossary; Interface Language,166,8,True,True,False,False,True
HDR/01_CONSTITUTION/Culture/CULT-0005_Daily_Standard_Statement.md,CULT-0005 — Daily Standard Statement,CULT-0005,Constitution / Ritual Language,IMPORTANT,,,Registered,Commander; Boot Sequence,162,8,True,True,False,False,True
HDR/01_CONSTITUTION/Culture/CULT-0006_Department_Reputation_Relationship.md,CULT-0006 — Department Reputation Relationship,CULT-0006,Institution / Culture,IMPORTANT,,,Registered,Departments; Operator Model,165,8,True,True,False,False,True
HDR/01_CONSTITUTION/Culture/CULT-0007_Honor_System.md,CULT-0007 — Honor System,CULT-0007,Institution / Integrity,CORE,,,Registered,Internal Affairs; Archives,160,8,True,True,False,False,True
HDR/01_CONSTITUTION/Culture/CULT-0008_Institutional_Handshake.md,CULT-0008 — Institutional Handshake,CULT-0008,Institution / Ceremony,IMPORTANT,,,Registered,Guardian; Trust Engine,162,8,True,True,False,False,True
HDR/01_CONSTITUTION/Culture/CULT-0009_Hallway_Status_Displays.md,CULT-0009 — Hallway Status Displays,CULT-0009,Building / Ambient Life,IMPORTANT,,,Registered,Department Activity,163,8,True,True,False,False,True
HDR/01_CONSTITUTION/Culture/CULT-0010_No_Panic_Rule.md,CULT-0010 — No Panic Rule,CULT-0010,Constitution / Behavior,CORE,,,Registered,Commander Voice; Guardian,160,8,True,True,False,False,True
HDR/01_CONSTITUTION/Culture/CULT-0011_Commander_Never_Raises_Voice.md,CULT-0011 — Commander Never Raises Voice,CULT-0011,Constitution / AI Behavior,CORE,,,Registered,Commander Voice,161,8,True,True,False,False,True
HDR/01_CONSTITUTION/Culture/CULT-0012_Headquarters_Covenant.md,CULT-0012 — Headquarters Covenant,CULT-0012,Constitution / Promise,CORE,,,Registered,Constitution; Operator,161,8,True,True,False,False,True
HDR/01_CONSTITUTION/Culture/CULT-0013_Wall_of_Responsibility.md,CULT-0013 — Wall of Responsibility,CULT-0013,Building / Symbolism,IMPORTANT,,,Registered,Entrance Hall,160,8,True,True,False,False,True
HDR/01_CONSTITUTION/Culture/CULT-0014_Empty_Hall_Protocol.md,CULT-0014 — Empty Hall Protocol,CULT-0014,Building / Atmosphere,OPTIONAL,,,Registered,Night Operations; Sunday Maintenance,163,8,True,True,False,False,True
HDR/01_CONSTITUTION/Culture/CULT-0015_Return_After_Absence_Protocol.md,CULT-0015 — Return After Absence Protocol,CULT-0015,Institution / Trust,IMPORTANT,,,Registered,Trust Engine; Commander,169,8,True,True,False,False,True
HDR/01_CONSTITUTION/Culture/CULT-0016_Reserved_For_The_Next_Lesson_Desk.md,CULT-0016 — Reserved For The Next Lesson Desk,CULT-0016,Building / Symbolism,IMPORTANT,,,Registered,Continuous Improvement,163,8,True,True,False,False,True
HDR/00_PROJECT/Repository_Process/REPO-0001_Headquarters_Design_Repository.md,REPO-0001 — Headquarters Design Repository,REPO-0001,Project / Repository,CORE,,,Registered,Master Index,160,8,True,True,False,False,True
HDR/00_PROJECT/Repository_Process/REPO-0002_Headquarters_Knowledge_Base.md,REPO-0002 — Headquarters Knowledge Base,REPO-0002,Project / Repository,CORE,,,Registered,HDR,163,8,True,True,False,False,True
HDR/00_PROJECT/Repository_Process/REPO-0003_Atomic_Specification_Files.md,REPO-0003 — Atomic Specification Files,REPO-0003,Project / Repository,CORE,,,Registered,Master Index IDs,164,8,True,True,False,False,True
HDR/00_PROJECT/Repository_Process/REPO-0004_Document_Locking_Process.md,REPO-0004 — Document Locking Process,REPO-0004,Project / Governance,IMPORTANT,,,Registered,Version Control,160,8,True,True,False,False,True
HDR/00_PROJECT/Repository_Process/REPO-0005_Repository_Completion_Statistics.md,REPO-0005 — Repository Completion Statistics,REPO-0005,Project / Tracking,IMPORTANT,,,Registered,Master Index,157,8,True,True,False,False,True
