id,title,category,source_path,canonical_path,target_volume,status,priority,stability
PH0-0001,PH0-0001 — Decision Operating System Identity,Constitution,13_PHASE_RECOVERY/Phase_00_to_01/PH0-0001_Decision_Operating_System_Identity.md,01_CONSTITUTION/Principles/PH0-0001_Decision_Operating_System_Identity.md,01_CONSTITUTION,normalized,CORE,
PH0-0002,PH0-0002 — Chief Risk Officer Mission,Institution,13_PHASE_RECOVERY/Phase_00_to_01/PH0-0002_Chief_Risk_Officer_Mission.md,02_INSTITUTION/Departments/PH0-0002_Chief_Risk_Officer_Mission.md,02_INSTITUTION,normalized,CORE,
PH0-0003,PH0-0003 — TradingView After Authorization Principle,Operations,13_PHASE_RECOVERY/Phase_00_to_01/PH0-0003_TradingView_After_Authorization_Principle.md,01_CONSTITUTION/Principles/PH0-0003_TradingView_After_Authorization_Principle.md,01_CONSTITUTION,normalized,CORE,
PH0-0004,PH0-0004 — Operational Readiness Score,Behavior System,13_PHASE_RECOVERY/Phase_00_to_01/PH0-0004_Operational_Readiness_Score.md,04_OPERATOR/Behavioral_Systems/PH0-0004_Operational_Readiness_Score.md,04_OPERATOR,normalized,CORE,
PH0-0005,PH0-0005 — Mission Integrity Score,Behavior System,13_PHASE_RECOVERY/Phase_00_to_01/PH0-0005_Mission_Integrity_Score.md,04_OPERATOR/Behavioral_Systems/PH0-0005_Mission_Integrity_Score.md,04_OPERATOR,normalized,CORE,
PH0-0006,PH0-0006 — Threat Level System,Guardian,13_PHASE_RECOVERY/Phase_00_to_01/PH0-0006_Threat_Level_System.md,02_INSTITUTION/Departments/PH0-0006_Threat_Level_System.md,02_INSTITUTION,normalized,CORE,
PH0-0007,PH0-0007 — Execution XP,Behavior System,13_PHASE_RECOVERY/Phase_00_to_01/PH0-0007_Execution_XP.md,04_OPERATOR/Behavioral_Systems/PH0-0007_Execution_XP.md,04_OPERATOR,normalized,IMPORTANT,
PH0-0008,PH0-0008 — Account Killer Score,Guardian,13_PHASE_RECOVERY/Phase_00_to_01/PH0-0008_Account_Killer_Score.md,02_INSTITUTION/Departments/PH0-0008_Account_Killer_Score.md,02_INSTITUTION,normalized,CORE,
PH0-0009,PH0-0009 — Edge Quality Score,Authorization,13_PHASE_RECOVERY/Phase_00_to_01/PH0-0009_Edge_Quality_Score.md,05_OPERATIONS/Authorization/PH0-0009_Edge_Quality_Score.md,05_OPERATIONS,normalized,CORE,
PH0-0010,PH0-0010 — Outcome vs Execution Separation,Operations,13_PHASE_RECOVERY/Phase_00_to_01/PH0-0010_Outcome_vs_Execution_Separation.md,10_ENGINEERING/Architecture/PH0-0010_Outcome_vs_Execution_Separation.md,10_ENGINEERING,normalized,CORE,
PH0-0011,PH0-0011 — Mission State Machine,HQOS,13_PHASE_RECOVERY/Phase_00_to_01/PH0-0011_Mission_State_Machine.md,05_OPERATIONS/Mission_Lifecycle/PH0-0011_Mission_State_Machine.md,05_OPERATIONS,normalized,CORE,
PH0-0012,PH0-0012 — Mission History Not Trade History,Archives,13_PHASE_RECOVERY/Phase_00_to_01/PH0-0012_Mission_History_Not_Trade_History.md,05_OPERATIONS/Mission_Lifecycle/PH0-0012_Mission_History_Not_Trade_History.md,05_OPERATIONS,normalized,CORE,
PH0-0013,PH0-0013 — Operation Codename Generator,Experience,13_PHASE_RECOVERY/Phase_00_to_01/PH0-0013_Operation_Codename_Generator.md,10_ENGINEERING/Architecture/PH0-0013_Operation_Codename_Generator.md,10_ENGINEERING,normalized,IMPORTANT,
PH0-0014,PH0-0014 — Learning Loop Weekly Review,Academy,13_PHASE_RECOVERY/Phase_00_to_01/PH0-0014_Learning_Loop_Weekly_Review.md,11_ACADEMY/Training_Protocols/PH0-0014_Learning_Loop_Weekly_Review.md,11_ACADEMY,normalized,CORE,
PH2-0001,PH2-0001 — Cold Boot Sequence,Experience,13_PHASE_RECOVERY/Phase_01_to_02/Immersion/PH2-0001_Cold_Boot_Sequence.md,07_HQOS/Kernel/PH2-0001_Cold_Boot_Sequence.md,07_HQOS,normalized,CORE,
PH2-0002,PH2-0002 — Operator Identity File,Operator,13_PHASE_RECOVERY/Phase_01_to_02/Immersion/PH2-0002_Operator_Identity_File.md,04_OPERATOR/Identity/PH2-0002_Operator_Identity_File.md,04_OPERATOR,normalized,CORE,
PH2-0003,PH2-0003 — Theater System,Operations,13_PHASE_RECOVERY/Phase_01_to_02/Immersion/PH2-0003_Theater_System.md,10_ENGINEERING/Architecture/PH2-0003_Theater_System.md,10_ENGINEERING,normalized,IMPORTANT,
PH2-0004,PH2-0004 — Tactical Silence,Experience,13_PHASE_RECOVERY/Phase_01_to_02/Immersion/PH2-0004_Tactical_Silence.md,10_ENGINEERING/Architecture/PH2-0004_Tactical_Silence.md,10_ENGINEERING,normalized,CORE,
PH2-0005,PH2-0005 — Background State Changes,Environment,13_PHASE_RECOVERY/Phase_01_to_02/Immersion/PH2-0005_Background_State_Changes.md,10_ENGINEERING/Architecture/PH2-0005_Background_State_Changes.md,10_ENGINEERING,normalized,IMPORTANT,
PH2-0006,PH2-0006 — Room-Based Navigation,Building,13_PHASE_RECOVERY/Phase_01_to_02/Immersion/PH2-0006_Room-Based_Navigation.md,03_BUILDING/Rooms/PH2-0006_Room_Based_Navigation.md,03_BUILDING,normalized,CORE,
PH2-0007,PH2-0007 — Secure Door Transition,Environment,13_PHASE_RECOVERY/Phase_01_to_02/Immersion/PH2-0007_Secure_Door_Transition.md,03_BUILDING/Rooms/PH2-0007_Secure_Door_Transition.md,03_BUILDING,normalized,IMPORTANT,
PH2-0008,PH2-0008 — Commander Voice Profile,Audio/AI,13_PHASE_RECOVERY/Phase_01_to_02/Immersion/PH2-0008_Commander_Voice_Profile.md,02_INSTITUTION/Departments/PH2-0008_Commander_Voice_Profile.md,02_INSTITUTION,normalized,CORE,
PH2-0009,PH2-0009 — Operations Officer Voice Profile,Audio/AI,13_PHASE_RECOVERY/Phase_01_to_02/Immersion/PH2-0009_Operations_Officer_Voice_Profile.md,02_INSTITUTION/Departments/PH2-0009_Operations_Officer_Voice_Profile.md,02_INSTITUTION,normalized,IMPORTANT,
PH2-0010,PH2-0010 — Commander Message Rarity,AI,13_PHASE_RECOVERY/Phase_01_to_02/Immersion/PH2-0010_Commander_Message_Rarity.md,02_INSTITUTION/Departments/PH2-0010_Commander_Message_Rarity.md,02_INSTITUTION,normalized,CORE,
PH2-0011,PH2-0011 — Mirror Room,Room/Operator,13_PHASE_RECOVERY/Phase_01_to_02/Immersion/PH2-0011_Mirror_Room.md,03_BUILDING/Rooms/PH2-0011_Mirror_Room.md,03_BUILDING,normalized,CORE,
PH2-0012,PH2-0012 — Airlock Countdown,Ritual,13_PHASE_RECOVERY/Phase_01_to_02/Immersion/PH2-0012_Airlock_Countdown.md,06_INTELLIGENCE/Behavior_Analysis/PH2-0012_Airlock_Countdown.md,06_INTELLIGENCE,normalized,CORE,
PH2-0013,PH2-0013 — Daily Operator Oath,Ritual,13_PHASE_RECOVERY/Phase_01_to_02/Immersion/PH2-0013_Daily_Operator_Oath.md,04_OPERATOR/Behavioral_Systems/PH2-0013_Daily_Operator_Oath.md,04_OPERATOR,normalized,CORE,
PH2-0014,PH2-0014 — Mission Clock,Interface,13_PHASE_RECOVERY/Phase_01_to_02/Immersion/PH2-0014_Mission_Clock.md,05_OPERATIONS/Mission_Lifecycle/PH2-0014_Mission_Clock.md,05_OPERATIONS,normalized,IMPORTANT,
PH2-0015,PH2-0015 — Heartbeat Mode,Environment,13_PHASE_RECOVERY/Phase_01_to_02/Immersion/PH2-0015_Heartbeat_Mode.md,03_BUILDING/Environmental_Systems/PH2-0015_Heartbeat_Mode.md,03_BUILDING,normalized,IMPORTANT,
PH2-0016,PH2-0016 — Situation Wall,Room,13_PHASE_RECOVERY/Phase_01_to_02/Immersion/PH2-0016_Situation_Wall.md,03_BUILDING/Rooms/PH2-0016_Situation_Wall.md,03_BUILDING,normalized,CORE,
PH2-0017,PH2-0017 — Psychological Decompression,Ritual,13_PHASE_RECOVERY/Phase_01_to_02/Immersion/PH2-0017_Psychological_Decompression.md,10_ENGINEERING/Architecture/PH2-0017_Psychological_Decompression.md,10_ENGINEERING,normalized,IMPORTANT,
PH2-0018,PH2-0018 — Dynamic Headquarters Threat Atmosphere,Environment,13_PHASE_RECOVERY/Phase_01_to_02/Immersion/PH2-0018_Dynamic_Headquarters_Threat_Atmosphere.md,10_ENGINEERING/Architecture/PH2-0018_Dynamic_Headquarters_Threat_Atmosphere.md,10_ENGINEERING,normalized,CORE,
PH2-0019,PH2-0019 — Mission Patches,Recognition,13_PHASE_RECOVERY/Phase_01_to_02/Immersion/PH2-0019_Mission_Patches.md,05_OPERATIONS/Mission_Lifecycle/PH2-0019_Mission_Patches.md,05_OPERATIONS,normalized,IMPORTANT,
PH2-0020,PH2-0020 — Hall of Fallen Missions,Archive/Room,13_PHASE_RECOVERY/Phase_01_to_02/Immersion/PH2-0020_Hall_of_Fallen_Missions.md,03_BUILDING/Rooms/PH2-0020_Hall_of_Fallen_Missions.md,03_BUILDING,normalized,IMPORTANT,
PH2-0021,PH2-0021 — Eternal Rules Wall,Constitution/Room,13_PHASE_RECOVERY/Phase_01_to_02/Immersion/PH2-0021_Eternal_Rules_Wall.md,01_CONSTITUTION/Principles/PH2-0021_Eternal_Rules_Wall.md,01_CONSTITUTION,normalized,CORE,
PH2-0022,PH2-0022 — Founder Oath,Ritual,13_PHASE_RECOVERY/Phase_01_to_02/Immersion/PH2-0022_Founder_Oath.md,12_LEGACY/Founder/PH2-0022_Founder_Oath.md,12_LEGACY,normalized,FOUNDATIONAL,
PH2-0023,PH2-0023 — Commander Career Memory,AI/Archives,13_PHASE_RECOVERY/Phase_01_to_02/Immersion/PH2-0023_Commander_Career_Memory.md,02_INSTITUTION/Departments/PH2-0023_Commander_Career_Memory.md,02_INSTITUTION,normalized,CORE,
PH2-0024,PH2-0024 — Headquarters Remembers Line,Culture,13_PHASE_RECOVERY/Phase_01_to_02/Immersion/PH2-0024_Headquarters_Remembers_Line.md,01_CONSTITUTION/Culture/PH2-0024_Headquarters_Remembers_Line.md,01_CONSTITUTION,normalized,IMPORTANT,
PH2-0025,PH2-0025 — Founder Notes and Questions,Legacy,13_PHASE_RECOVERY/Phase_01_to_02/Immersion/PH2-0025_Founder_Notes_and_Questions.md,12_LEGACY/Founder/PH2-0025_Founder_Notes_and_Questions.md,12_LEGACY,normalized,IMPORTANT,
PH2-0026,PH2-0026 — No Market Prediction Law,Constitution,13_PHASE_RECOVERY/Phase_01_to_02/Immersion/PH2-0026_No_Market_Prediction_Law.md,01_CONSTITUTION/Principles/PH2-0026_No_Market_Prediction_Law.md,01_CONSTITUTION,normalized,FOUNDATIONAL,
PH1-0001,PH1-0001 — SOP-001 Mission Start Procedure,SOP,13_PHASE_RECOVERY/Phase_01_to_02/PH1-0001_SOP-001_Mission_Start_Procedure.md,05_OPERATIONS/Mission_Lifecycle/PH1-0001_SOP_001_Mission_Start_Procedure.md,05_OPERATIONS,normalized,CORE,
PH1-0002,PH1-0002 — SOP-002 Market Preparation Procedure,SOP,13_PHASE_RECOVERY/Phase_01_to_02/PH1-0002_SOP-002_Market_Preparation_Procedure.md,10_ENGINEERING/Architecture/PH1-0002_SOP_002_Market_Preparation_Procedure.md,10_ENGINEERING,normalized,CORE,
PH1-0003,PH1-0003 — SOP-003 Standby Procedure,SOP,13_PHASE_RECOVERY/Phase_01_to_02/PH1-0003_SOP-003_Standby_Procedure.md,10_ENGINEERING/Architecture/PH1-0003_SOP_003_Standby_Procedure.md,10_ENGINEERING,normalized,CORE,
PH1-0004,PH1-0004 — SOP-004 Mission Authorization,SOP,13_PHASE_RECOVERY/Phase_01_to_02/PH1-0004_SOP-004_Mission_Authorization.md,05_OPERATIONS/Authorization/PH1-0004_SOP_004_Mission_Authorization.md,05_OPERATIONS,normalized,CORE,
PH1-0005,PH1-0005 — SOP-005 Trade Management,SOP,13_PHASE_RECOVERY/Phase_01_to_02/PH1-0005_SOP-005_Trade_Management.md,10_ENGINEERING/Architecture/PH1-0005_SOP_005_Trade_Management.md,10_ENGINEERING,normalized,CORE,
PH1-0006,PH1-0006 — SOP-006 Losing Trade Procedure,SOP,13_PHASE_RECOVERY/Phase_01_to_02/PH1-0006_SOP-006_Losing_Trade_Procedure.md,10_ENGINEERING/Architecture/PH1-0006_SOP_006_Losing_Trade_Procedure.md,10_ENGINEERING,normalized,CORE,
PH1-0007,PH1-0007 — SOP-007 Winning Trade Procedure,SOP,13_PHASE_RECOVERY/Phase_01_to_02/PH1-0007_SOP-007_Winning_Trade_Procedure.md,10_ENGINEERING/Architecture/PH1-0007_SOP_007_Winning_Trade_Procedure.md,10_ENGINEERING,normalized,CORE,
PH1-0008,PH1-0008 — SOP-008 Profit Defense Procedure,SOP,13_PHASE_RECOVERY/Phase_01_to_02/PH1-0008_SOP-008_Profit_Defense_Procedure.md,10_ENGINEERING/Architecture/PH1-0008_SOP_008_Profit_Defense_Procedure.md,10_ENGINEERING,normalized,CORE,
PH1-0009,PH1-0009 — SOP-009 Damage Control Procedure,SOP,13_PHASE_RECOVERY/Phase_01_to_02/PH1-0009_SOP-009_Damage_Control_Procedure.md,10_ENGINEERING/Architecture/PH1-0009_SOP_009_Damage_Control_Procedure.md,10_ENGINEERING,normalized,CORE,
PH1-0010,PH1-0010 — SOP-010 Weekend Protocol,SOP,13_PHASE_RECOVERY/Phase_01_to_02/PH1-0010_SOP-010_Weekend_Protocol.md,10_ENGINEERING/Architecture/PH1-0010_SOP_010_Weekend_Protocol.md,10_ENGINEERING,normalized,CORE,
PH1-0011,PH1-0011 — SOP-011 Drawdown Recovery Procedure,SOP,13_PHASE_RECOVERY/Phase_01_to_02/PH1-0011_SOP-011_Drawdown_Recovery_Procedure.md,04_OPERATOR/Recovery/PH1-0011_SOP_011_Drawdown_Recovery_Procedure.md,04_OPERATOR,normalized,CORE,
PH1-0012,PH1-0012 — SOP-012 Winning Streak Protocol,SOP,13_PHASE_RECOVERY/Phase_01_to_02/PH1-0012_SOP-012_Winning_Streak_Protocol.md,10_ENGINEERING/Architecture/PH1-0012_SOP_012_Winning_Streak_Protocol.md,10_ENGINEERING,normalized,CORE,
PH1-0013,PH1-0013 — SOP-013 Re-entry Protocol,SOP,13_PHASE_RECOVERY/Phase_01_to_02/PH1-0013_SOP-013_Re-entry_Protocol.md,10_ENGINEERING/Architecture/PH1-0013_SOP_013_Re_entry_Protocol.md,10_ENGINEERING,normalized,CORE,
PH1-0014,PH1-0014 — SOP-014 Missed Trade Protocol,SOP,13_PHASE_RECOVERY/Phase_01_to_02/PH1-0014_SOP-014_Missed_Trade_Protocol.md,10_ENGINEERING/Architecture/PH1-0014_SOP_014_Missed_Trade_Protocol.md,10_ENGINEERING,normalized,CORE,
PH1-0015,PH1-0015 — SOP Versioning,Doctrine,13_PHASE_RECOVERY/Phase_01_to_02/PH1-0015_SOP_Versioning.md,08_ARCHIVES/Doctrine/PH1-0015_SOP_Versioning.md,08_ARCHIVES,normalized,CORE,
PH1-0016,PH1-0016 — Rule Provenance,Doctrine,13_PHASE_RECOVERY/Phase_01_to_02/PH1-0016_Rule_Provenance.md,08_ARCHIVES/Doctrine/PH1-0016_Rule_Provenance.md,08_ARCHIVES,normalized,CORE,
PH1-0017,PH1-0017 — Rule Book Living Operations Manual,Doctrine,13_PHASE_RECOVERY/Phase_01_to_02/PH1-0017_Rule_Book_Living_Operations_Manual.md,08_ARCHIVES/Doctrine/PH1-0017_Rule_Book_Living_Operations_Manual.md,08_ARCHIVES,normalized,CORE,
PH2-0001,PH2-0001 — Four Command Structure,Institution,13_PHASE_RECOVERY/Phase_02_to_03/PH2-0001_Four_Command_Structure.md,02_INSTITUTION/Departments/PH2-0001_Four_Command_Structure.md,02_INSTITUTION,normalized,CORE,
PH2-0002,PH2-0002 — Commander Strategic Role,Institution,13_PHASE_RECOVERY/Phase_02_to_03/PH2-0002_Commander_Strategic_Role.md,02_INSTITUTION/Departments/PH2-0002_Commander_Strategic_Role.md,02_INSTITUTION,normalized,CORE,
PH2-0003,PH2-0003 — Operations Officer Procedural Role,Institution,13_PHASE_RECOVERY/Phase_02_to_03/PH2-0003_Operations_Officer_Procedural_Role.md,02_INSTITUTION/Departments/PH2-0003_Operations_Officer_Procedural_Role.md,02_INSTITUTION,normalized,CORE,
PH2-0004,PH2-0004 — Intelligence Officer Pattern Role,Institution,13_PHASE_RECOVERY/Phase_02_to_03/PH2-0004_Intelligence_Officer_Pattern_Role.md,02_INSTITUTION/Departments/PH2-0004_Intelligence_Officer_Pattern_Role.md,02_INSTITUTION,normalized,IMPORTANT,
PH2-0005,PH2-0005 — Medical Officer Recovery Role,Institution,13_PHASE_RECOVERY/Phase_02_to_03/PH2-0005_Medical_Officer_Recovery_Role.md,02_INSTITUTION/Departments/PH2-0005_Medical_Officer_Recovery_Role.md,02_INSTITUTION,normalized,CORE,
PH2-0006,PH2-0006 — Historian Memory Role,Institution,13_PHASE_RECOVERY/Phase_02_to_03/PH2-0006_Historian_Memory_Role.md,02_INSTITUTION/Departments/PH2-0006_Historian_Memory_Role.md,02_INSTITUTION,normalized,CORE,
PH2-0007,PH2-0007 — Archives Structure,Archives,13_PHASE_RECOVERY/Phase_02_to_03/PH2-0007_Archives_Structure.md,08_ARCHIVES/Memory_Objects/PH2-0007_Archives_Structure.md,08_ARCHIVES,normalized,CORE,
PH2-0008,PH2-0008 — Dispatches Instead of Notifications,Interface,13_PHASE_RECOVERY/Phase_02_to_03/PH2-0008_Dispatches_Instead_of_Notifications.md,09_INTERFACE/Screens/PH2-0008_Dispatches_Instead_of_Notifications.md,09_INTERFACE,normalized,IMPORTANT,
PH2-0009,PH2-0009 — Mission Report,Operations,13_PHASE_RECOVERY/Phase_02_to_03/PH2-0009_Mission_Report.md,05_OPERATIONS/Mission_Lifecycle/PH2-0009_Mission_Report.md,05_OPERATIONS,normalized,CORE,
PH2-0010,PH2-0010 — Self-Aware Headquarters,Institution,13_PHASE_RECOVERY/Phase_02_to_03/PH2-0010_Self-Aware_Headquarters.md,02_INSTITUTION/Departments/PH2-0010_Self_Aware_Headquarters.md,02_INSTITUTION,normalized,IMPORTANT,
PH2-0011,PH2-0011 — Dynamic Doctrine Retirement,Doctrine,13_PHASE_RECOVERY/Phase_02_to_03/PH2-0011_Dynamic_Doctrine_Retirement.md,08_ARCHIVES/Doctrine/PH2-0011_Dynamic_Doctrine_Retirement.md,08_ARCHIVES,normalized,IMPORTANT,
PH2-0012,PH2-0012 — Preserve Professional Joe Mission,Constitution,13_PHASE_RECOVERY/Phase_02_to_03/PH2-0012_Preserve_Professional_Joe_Mission.md,01_CONSTITUTION/Principles/PH2-0012_Preserve_Professional_Joe_Mission.md,01_CONSTITUTION,normalized,FOUNDATIONAL,
PH2-0013,PH2-0013 — Headquarters Has Weight,Experience,13_PHASE_RECOVERY/Phase_02_to_03/PH2-0013_Headquarters_Has_Weight.md,10_ENGINEERING/Architecture/PH2-0013_Headquarters_Has_Weight.md,10_ENGINEERING,normalized,IMPORTANT,
PH2-0014,PH2-0014 — Headquarters Exists Without You,Experience,13_PHASE_RECOVERY/Phase_02_to_03/PH2-0014_Headquarters_Exists_Without_You.md,10_ENGINEERING/Architecture/PH2-0014_Headquarters_Exists_Without_You.md,10_ENGINEERING,normalized,IMPORTANT,
PH2-0015,PH2-0015 — Shift Change Ritual,Ceremony,13_PHASE_RECOVERY/Phase_02_to_03/PH2-0015_Shift_Change_Ritual.md,10_ENGINEERING/Architecture/PH2-0015_Shift_Change_Ritual.md,10_ENGINEERING,normalized,IMPORTANT,
PH2-0016,PH2-0016 — Watch Floor,Room,13_PHASE_RECOVERY/Phase_02_to_03/PH2-0016_Watch_Floor.md,03_BUILDING/Rooms/PH2-0016_Watch_Floor.md,03_BUILDING,normalized,IMPORTANT,
PH2-0017,PH2-0017 — Capital Deployment Language,Language,13_PHASE_RECOVERY/Phase_02_to_03/PH2-0017_Capital_Deployment_Language.md,05_OPERATIONS/Authorization/PH2-0017_Capital_Deployment_Language.md,05_OPERATIONS,normalized,CORE,
PH2-0018,PH2-0018 — Mission Capital Terminology,Language,13_PHASE_RECOVERY/Phase_02_to_03/PH2-0018_Mission_Capital_Terminology.md,05_OPERATIONS/Mission_Lifecycle/PH2-0018_Mission_Capital_Terminology.md,05_OPERATIONS,normalized,CORE,
PH2-0019,PH2-0019 — Situation Clock,Interface,13_PHASE_RECOVERY/Phase_02_to_03/PH2-0019_Situation_Clock.md,09_INTERFACE/Screens/PH2-0019_Situation_Clock.md,09_INTERFACE,normalized,IMPORTANT,
PH2-0020,PH2-0020 — Operator Presence Detection,Behavior,13_PHASE_RECOVERY/Phase_02_to_03/PH2-0020_Operator_Presence_Detection.md,04_OPERATOR/Behavioral_Systems/PH2-0020_Operator_Presence_Detection.md,04_OPERATOR,normalized,IMPORTANT,
PH2-0021,PH2-0021 — Environmental Psychology State,Experience,13_PHASE_RECOVERY/Phase_02_to_03/PH2-0021_Environmental_Psychology_State.md,03_BUILDING/Environmental_Systems/PH2-0021_Environmental_Psychology_State.md,03_BUILDING,normalized,IMPORTANT,
PH2-0022,PH2-0022 — Headquarters Never Panics,Constitution,13_PHASE_RECOVERY/Phase_02_to_03/PH2-0022_Headquarters_Never_Panics.md,01_CONSTITUTION/Principles/PH2-0022_Headquarters_Never_Panics.md,01_CONSTITUTION,normalized,FOUNDATIONAL,
PH2-0023,PH2-0023 — Tactical Corridor Doctrines,Experience,13_PHASE_RECOVERY/Phase_02_to_03/PH2-0023_Tactical_Corridor_Doctrines.md,03_BUILDING/Rooms/PH2-0023_Tactical_Corridor_Doctrines.md,03_BUILDING,normalized,IMPORTANT,
PH2-0024,PH2-0024 — No Good Luck Rule,Language,13_PHASE_RECOVERY/Phase_02_to_03/PH2-0024_No_Good_Luck_Rule.md,10_ENGINEERING/Architecture/PH2-0024_No_Good_Luck_Rule.md,10_ENGINEERING,normalized,FOUNDATIONAL,
PH2-0025,PH2-0025 — Cost of Breaking Doctrine Display,Interface,13_PHASE_RECOVERY/Phase_02_to_03/PH2-0025_Cost_of_Breaking_Doctrine_Display.md,08_ARCHIVES/Doctrine/PH2-0025_Cost_of_Breaking_Doctrine_Display.md,08_ARCHIVES,normalized,IMPORTANT,
PH2-0026,PH2-0026 — Operator Shadow,Experience,13_PHASE_RECOVERY/Phase_02_to_03/PH2-0026_Operator_Shadow.md,04_OPERATOR/Behavioral_Systems/PH2-0026_Operator_Shadow.md,04_OPERATOR,normalized,OPTIONAL,
PH2-0027,PH2-0027 — Morning Arrival Ritual,Ceremony,13_PHASE_RECOVERY/Phase_02_to_03/PH2-0027_Morning_Arrival_Ritual.md,10_ENGINEERING/Architecture/PH2-0027_Morning_Arrival_Ritual.md,10_ENGINEERING,normalized,CORE,
PH2-0028,PH2-0028 — Mission Readiness Report,Operations,13_PHASE_RECOVERY/Phase_02_to_03/PH2-0028_Mission_Readiness_Report.md,05_OPERATIONS/Mission_Lifecycle/PH2-0028_Mission_Readiness_Report.md,05_OPERATIONS,normalized,CORE,
PH2-0029,PH2-0029 — Deployment Ritual,Ceremony,13_PHASE_RECOVERY/Phase_02_to_03/PH2-0029_Deployment_Ritual.md,05_OPERATIONS/Authorization/PH2-0029_Deployment_Ritual.md,05_OPERATIONS,normalized,CORE,
PH2-0030,PH2-0030 — Unconscious Tactical Breathing,Experience,13_PHASE_RECOVERY/Phase_02_to_03/PH2-0030_Unconscious_Tactical_Breathing.md,03_BUILDING/Environmental_Systems/PH2-0030_Unconscious_Tactical_Breathing.md,03_BUILDING,normalized,IMPORTANT,
PH2-0031,PH2-0031 — Patience Acknowledgement,Behavior,13_PHASE_RECOVERY/Phase_02_to_03/PH2-0031_Patience_Acknowledgement.md,04_OPERATOR/Behavioral_Systems/PH2-0031_Patience_Acknowledgement.md,04_OPERATOR,normalized,CORE,
PH2-0032,PH2-0032 — Discipline Ledger,Operations,13_PHASE_RECOVERY/Phase_02_to_03/PH2-0032_Discipline_Ledger.md,10_ENGINEERING/Architecture/PH2-0032_Discipline_Ledger.md,10_ENGINEERING,normalized,IMPORTANT,
PH2-0033,PH2-0033 — Mission Temperature,Behavior,13_PHASE_RECOVERY/Phase_02_to_03/PH2-0033_Mission_Temperature.md,04_OPERATOR/Behavioral_Systems/PH2-0033_Mission_Temperature.md,04_OPERATOR,normalized,IMPORTANT,
PH2-0034,PH2-0034 — Ready Chair Identity Question,Identity,13_PHASE_RECOVERY/Phase_02_to_03/PH2-0034_Ready_Chair_Identity_Question.md,03_BUILDING/Symbolic_Objects/PH2-0034_Ready_Chair_Identity_Question.md,03_BUILDING,normalized,IMPORTANT,
PH2-0035,PH2-0035 — Future Operator,Identity,13_PHASE_RECOVERY/Phase_02_to_03/PH2-0035_Future_Operator.md,04_OPERATOR/Identity/PH2-0035_Future_Operator.md,04_OPERATOR,normalized,IMPORTANT,
PH2-0036,PH2-0036 — Legacy Scale,Legacy,13_PHASE_RECOVERY/Phase_02_to_03/PH2-0036_Legacy_Scale.md,12_LEGACY/Long_Term/PH2-0036_Legacy_Scale.md,12_LEGACY,normalized,IMPORTANT,
PH2-0037,PH2-0037 — Mission Seal,Archives,13_PHASE_RECOVERY/Phase_02_to_03/PH2-0037_Mission_Seal.md,05_OPERATIONS/Mission_Lifecycle/PH2-0037_Mission_Seal.md,05_OPERATIONS,normalized,IMPORTANT,
PH2-0038,PH2-0038 — Courage Documented,Recognition,13_PHASE_RECOVERY/Phase_02_to_03/PH2-0038_Courage_Documented.md,10_ENGINEERING/Architecture/PH2-0038_Courage_Documented.md,10_ENGINEERING,normalized,IMPORTANT,
PH2-0039,PH2-0039 — Uphold The Institution Question,Debrief,13_PHASE_RECOVERY/Phase_02_to_03/PH2-0039_Uphold_The_Institution_Question.md,02_INSTITUTION/Departments/PH2-0039_Uphold_The_Institution_Question.md,02_INSTITUTION,normalized,CORE,
PH2-0040,PH2-0040 — Founders Office Origin Plaque,Legacy,13_PHASE_RECOVERY/Phase_02_to_03/PH2-0040_Founders_Office_Origin_Plaque.md,03_BUILDING/Rooms/PH2-0040_Founders_Office_Origin_Plaque.md,03_BUILDING,normalized,IMPORTANT,
PH2-0041,PH2-0041 — Headquarters Preamble,Constitution,13_PHASE_RECOVERY/Phase_02_to_03/PH2-0041_Headquarters_Preamble.md,01_CONSTITUTION/Principles/PH2-0041_Headquarters_Preamble.md,01_CONSTITUTION,normalized,FOUNDATIONAL,
PH2-0042,PH2-0042 — Calm Reinforcement Messages,AI,13_PHASE_RECOVERY/Phase_02_to_03/PH2-0042_Calm_Reinforcement_Messages.md,06_INTELLIGENCE/Behavior_Analysis/PH2-0042_Calm_Reinforcement_Messages.md,06_INTELLIGENCE,normalized,IMPORTANT,
PH2-0043,PH2-0043 — Patience Meter Internal,Behavior,13_PHASE_RECOVERY/Phase_02_to_03/PH2-0043_Patience_Meter_Internal.md,04_OPERATOR/Behavioral_Systems/PH2-0043_Patience_Meter_Internal.md,04_OPERATOR,normalized,IMPORTANT,
PH2-0044,PH2-0044 — Pulse System,Environment,13_PHASE_RECOVERY/Phase_02_to_03/PH2-0044_Pulse_System.md,10_ENGINEERING/Architecture/PH2-0044_Pulse_System.md,10_ENGINEERING,normalized,IMPORTANT,
PH2-0045,PH2-0045 — Synchronization Moment,Experience,13_PHASE_RECOVERY/Phase_02_to_03/PH2-0045_Synchronization_Moment.md,10_ENGINEERING/Architecture/PH2-0045_Synchronization_Moment.md,10_ENGINEERING,normalized,IMPORTANT,
PH2-0046,PH2-0046 — Mission Friction,Operations,13_PHASE_RECOVERY/Phase_02_to_03/PH2-0046_Mission_Friction.md,05_OPERATIONS/Mission_Lifecycle/PH2-0046_Mission_Friction.md,05_OPERATIONS,normalized,CORE,
PH2-0047,PH2-0047 — Reverse Countdown Override,Operations,13_PHASE_RECOVERY/Phase_02_to_03/PH2-0047_Reverse_Countdown_Override.md,10_ENGINEERING/Architecture/PH2-0047_Reverse_Countdown_Override.md,10_ENGINEERING,normalized,CORE,
PH2-0048,PH2-0048 — Operational Tempo Detection,Behavior,13_PHASE_RECOVERY/Phase_02_to_03/PH2-0048_Operational_Tempo_Detection.md,04_OPERATOR/Behavioral_Systems/PH2-0048_Operational_Tempo_Detection.md,04_OPERATOR,normalized,CORE,
PH2-0049,PH2-0049 — Environmental Drift,Environment,13_PHASE_RECOVERY/Phase_02_to_03/PH2-0049_Environmental_Drift.md,03_BUILDING/Environmental_Systems/PH2-0049_Environmental_Drift.md,03_BUILDING,normalized,IMPORTANT,
PH2-0050,PH2-0050 — Welcome Home Return,Ceremony,13_PHASE_RECOVERY/Phase_02_to_03/PH2-0050_Welcome_Home_Return.md,10_ENGINEERING/Architecture/PH2-0050_Welcome_Home_Return.md,10_ENGINEERING,normalized,IMPORTANT,
PH2-0051,PH2-0051 — Mission Bell,Audio,13_PHASE_RECOVERY/Phase_02_to_03/PH2-0051_Mission_Bell.md,05_OPERATIONS/Ceremonies/PH2-0051_Mission_Bell.md,05_OPERATIONS,normalized,IMPORTANT,
PH2-0052,PH2-0052 — Quiet Victory Recognition,Recognition,13_PHASE_RECOVERY/Phase_02_to_03/PH2-0052_Quiet_Victory_Recognition.md,09_INTERFACE/Screens/PH2-0052_Quiet_Victory_Recognition.md,09_INTERFACE,normalized,IMPORTANT,
PH2-0053,PH2-0053 — Silence As Approval,Experience,13_PHASE_RECOVERY/Phase_02_to_03/PH2-0053_Silence_As_Approval.md,10_ENGINEERING/Architecture/PH2-0053_Silence_As_Approval.md,10_ENGINEERING,normalized,FOUNDATIONAL,
PH2-0054,PH2-0054 — Headquarters As Nervous System,Constitution,13_PHASE_RECOVERY/Phase_02_to_03/PH2-0054_Headquarters_As_Nervous_System.md,01_CONSTITUTION/Principles/PH2-0054_Headquarters_As_Nervous_System.md,01_CONSTITUTION,normalized,FOUNDATIONAL,
PH2-0055,PH2-0055 — Headquarters Established Splash,Interface,13_PHASE_RECOVERY/Phase_02_to_03/PH2-0055_Headquarters_Established_Splash.md,09_INTERFACE/Screens/PH2-0055_Headquarters_Established_Splash.md,09_INTERFACE,normalized,IMPORTANT,
PH2-0056,PH2-0056 — Founding Principles Wall,Building,13_PHASE_RECOVERY/Phase_02_to_03/PH2-0056_Founding_Principles_Wall.md,01_CONSTITUTION/Principles/PH2-0056_Founding_Principles_Wall.md,01_CONSTITUTION,normalized,IMPORTANT,
PH2-0057,PH2-0057 — Founding Story,Legacy,13_PHASE_RECOVERY/Phase_02_to_03/PH2-0057_Founding_Story.md,12_LEGACY/Long_Term/PH2-0057_Founding_Story.md,12_LEGACY,normalized,CORE,
PH2-0058,PH2-0058 — Founder Wall Lost Accounts,Legacy,13_PHASE_RECOVERY/Phase_02_to_03/PH2-0058_Founder_Wall_Lost_Accounts.md,12_LEGACY/Founder/PH2-0058_Founder_Wall_Lost_Accounts.md,12_LEGACY,normalized,IMPORTANT,
PH2-0059,PH2-0059 — Eternal Flame,Building,13_PHASE_RECOVERY/Phase_02_to_03/PH2-0059_Eternal_Flame.md,03_BUILDING/Symbolic_Objects/PH2-0059_Eternal_Flame.md,03_BUILDING,normalized,IMPORTANT,
PH2-0060,PH2-0060 — Founders Oath,Ceremony,13_PHASE_RECOVERY/Phase_02_to_03/PH2-0060_Founders_Oath.md,12_LEGACY/Founder/PH2-0060_Founders_Oath.md,12_LEGACY,normalized,CORE,
PH2-0061,PH2-0061 — Commander Never Says Goodbye,Language,13_PHASE_RECOVERY/Phase_02_to_03/PH2-0061_Commander_Never_Says_Goodbye.md,02_INSTITUTION/Departments/PH2-0061_Commander_Never_Says_Goodbye.md,02_INSTITUTION,normalized,IMPORTANT,
PH2-0062,PH2-0062 — Night Watch,Operations,13_PHASE_RECOVERY/Phase_02_to_03/PH2-0062_Night_Watch.md,10_ENGINEERING/Architecture/PH2-0062_Night_Watch.md,10_ENGINEERING,normalized,IMPORTANT,
PH2-0063,PH2-0063 — Doctrine Not Editable During Combat,Doctrine,13_PHASE_RECOVERY/Phase_02_to_03/PH2-0063_Doctrine_Not_Editable_During_Combat.md,08_ARCHIVES/Doctrine/PH2-0063_Doctrine_Not_Editable_During_Combat.md,08_ARCHIVES,normalized,CORE,
PH2-0064,PH2-0064 — Negotiation Detection,Behavior,13_PHASE_RECOVERY/Phase_02_to_03/PH2-0064_Negotiation_Detection.md,04_OPERATOR/Behavioral_Systems/PH2-0064_Negotiation_Detection.md,04_OPERATOR,normalized,CORE,
PH2-0065,PH2-0065 — Internal Tribunal,Institution,13_PHASE_RECOVERY/Phase_02_to_03/PH2-0065_Internal_Tribunal.md,02_INSTITUTION/Departments/PH2-0065_Internal_Tribunal.md,02_INSTITUTION,normalized,IMPORTANT,
PH2-0066,PH2-0066 — We Do Not Repeat Expensive Lessons,Doctrine,13_PHASE_RECOVERY/Phase_02_to_03/PH2-0066_We_Do_Not_Repeat_Expensive_Lessons.md,08_ARCHIVES/Doctrine/PH2-0066_We_Do_Not_Repeat_Expensive_Lessons.md,08_ARCHIVES,normalized,FOUNDATIONAL,
PH2-0067,PH2-0067 — Institutional Trust,Trust,13_PHASE_RECOVERY/Phase_02_to_03/PH2-0067_Institutional_Trust.md,02_INSTITUTION/Departments/PH2-0067_Institutional_Trust.md,02_INSTITUTION,normalized,CORE,
PH2-0068,PH2-0068 — Professionalism Standards Entrance,Culture,13_PHASE_RECOVERY/Phase_02_to_03/PH2-0068_Professionalism_Standards_Entrance.md,01_CONSTITUTION/Culture/PH2-0068_Professionalism_Standards_Entrance.md,01_CONSTITUTION,normalized,IMPORTANT,
PH2-0069,PH2-0069 — Entrance Hall Crest And Motto,Building,13_PHASE_RECOVERY/Phase_02_to_03/PH2-0069_Entrance_Hall_Crest_And_Motto.md,03_BUILDING/Symbolic_Objects/PH2-0069_Entrance_Hall_Crest_And_Motto.md,03_BUILDING,normalized,CORE,
PH2-0070,PH2-0070 — Headquarters Crest Quadrants,Brand,13_PHASE_RECOVERY/Phase_02_to_03/PH2-0070_Headquarters_Crest_Quadrants.md,10_ENGINEERING/Architecture/PH2-0070_Headquarters_Crest_Quadrants.md,10_ENGINEERING,normalized,IMPORTANT,
PH2-0071,PH2-0071 — Latin Motto Options,Brand,13_PHASE_RECOVERY/Phase_02_to_03/PH2-0071_Latin_Motto_Options.md,10_ENGINEERING/Architecture/PH2-0071_Latin_Motto_Options.md,10_ENGINEERING,normalized,OPTIONAL,
PH2-0072,PH2-0072 — Headquarters Standards,Culture,13_PHASE_RECOVERY/Phase_02_to_03/PH2-0072_Headquarters_Standards.md,01_CONSTITUTION/Culture/PH2-0072_Headquarters_Standards.md,01_CONSTITUTION,normalized,CORE,
PH2-0073,PH2-0073 — Headquarters Library,Archives,13_PHASE_RECOVERY/Phase_02_to_03/PH2-0073_Headquarters_Library.md,08_ARCHIVES/Memory_Objects/PH2-0073_Headquarters_Library.md,08_ARCHIVES,normalized,IMPORTANT,
PH2-0074,PH2-0074 — Doctrine Printer,Environment,13_PHASE_RECOVERY/Phase_02_to_03/PH2-0074_Doctrine_Printer.md,08_ARCHIVES/Doctrine/PH2-0074_Doctrine_Printer.md,08_ARCHIVES,normalized,IMPORTANT,
PH2-0075,PH2-0075 — Headquarters Seasons,Environment,13_PHASE_RECOVERY/Phase_02_to_03/PH2-0075_Headquarters_Seasons.md,10_ENGINEERING/Architecture/PH2-0075_Headquarters_Seasons.md,10_ENGINEERING,normalized,OPTIONAL,
PH2-0076,PH2-0076 — Observatory Strategic Room,Room,13_PHASE_RECOVERY/Phase_02_to_03/PH2-0076_Observatory_Strategic_Room.md,03_BUILDING/Rooms/PH2-0076_Observatory_Strategic_Room.md,03_BUILDING,normalized,IMPORTANT,
PH2-0077,PH2-0077 — Institutional Calendar,Operations,13_PHASE_RECOVERY/Phase_02_to_03/PH2-0077_Institutional_Calendar.md,02_INSTITUTION/Departments/PH2-0077_Institutional_Calendar.md,02_INSTITUTION,normalized,IMPORTANT,
PH2-0078,PH2-0078 — Empty Chair,Identity,13_PHASE_RECOVERY/Phase_02_to_03/PH2-0078_Empty_Chair.md,03_BUILDING/Symbolic_Objects/PH2-0078_Empty_Chair.md,03_BUILDING,normalized,IMPORTANT,
PH2-0079,PH2-0079 — Habit Retirement Ceremony,Ceremony,13_PHASE_RECOVERY/Phase_02_to_03/PH2-0079_Habit_Retirement_Ceremony.md,10_ENGINEERING/Architecture/PH2-0079_Habit_Retirement_Ceremony.md,10_ENGINEERING,normalized,IMPORTANT,
PH2-0080,PH2-0080 — Enemy Intelligence Board,Intelligence,13_PHASE_RECOVERY/Phase_02_to_03/PH2-0080_Enemy_Intelligence_Board.md,06_INTELLIGENCE/Behavior_Analysis/PH2-0080_Enemy_Intelligence_Board.md,06_INTELLIGENCE,normalized,CORE,
PH2-0081,PH2-0081 — Hall Of Quiet Victories,Room,13_PHASE_RECOVERY/Phase_02_to_03/PH2-0081_Hall_Of_Quiet_Victories.md,03_BUILDING/Rooms/PH2-0081_Hall_Of_Quiet_Victories.md,03_BUILDING,normalized,IMPORTANT,
PH2-0082,PH2-0082 — Environment As Discipline Carrier,Constitution,13_PHASE_RECOVERY/Phase_02_to_03/PH2-0082_Environment_As_Discipline_Carrier.md,01_CONSTITUTION/Principles/PH2-0082_Environment_As_Discipline_Carrier.md,01_CONSTITUTION,normalized,FOUNDATIONAL,
PH2-0083,PH2-0083 — Passive Observation,HQOS,13_PHASE_RECOVERY/Phase_02_to_03/PH2-0083_Passive_Observation.md,07_HQOS/Kernel/PH2-0083_Passive_Observation.md,07_HQOS,normalized,CORE,
PH2-0084,PH2-0084 — Operational Load,Medical,13_PHASE_RECOVERY/Phase_02_to_03/PH2-0084_Operational_Load.md,02_INSTITUTION/Departments/PH2-0084_Operational_Load.md,02_INSTITUTION,normalized,CORE,
PH2-0085,PH2-0085 — Cognitive Bandwidth,Medical,13_PHASE_RECOVERY/Phase_02_to_03/PH2-0085_Cognitive_Bandwidth.md,02_INSTITUTION/Departments/PH2-0085_Cognitive_Bandwidth.md,02_INSTITUTION,normalized,IMPORTANT,
PH2-0086,PH2-0086 — Recovery Window,Recovery,13_PHASE_RECOVERY/Phase_02_to_03/PH2-0086_Recovery_Window.md,04_OPERATOR/Recovery/PH2-0086_Recovery_Window.md,04_OPERATOR,normalized,IMPORTANT,
PH2-0087,PH2-0087 — Mission Fatigue,Medical,13_PHASE_RECOVERY/Phase_02_to_03/PH2-0087_Mission_Fatigue.md,02_INSTITUTION/Departments/PH2-0087_Mission_Fatigue.md,02_INSTITUTION,normalized,IMPORTANT,
PH2-0088,PH2-0088 — Shift Log,Operations,13_PHASE_RECOVERY/Phase_02_to_03/PH2-0088_Shift_Log.md,10_ENGINEERING/Architecture/PH2-0088_Shift_Log.md,10_ENGINEERING,normalized,IMPORTANT,
PH2-0089,PH2-0089 — Emergency Lighting,Environment,13_PHASE_RECOVERY/Phase_02_to_03/PH2-0089_Emergency_Lighting.md,03_BUILDING/Environmental_Systems/PH2-0089_Emergency_Lighting.md,03_BUILDING,normalized,IMPORTANT,
PH2-0090,PH2-0090 — Situation Report,Operations,13_PHASE_RECOVERY/Phase_02_to_03/PH2-0090_Situation_Report.md,10_ENGINEERING/Architecture/PH2-0090_Situation_Report.md,10_ENGINEERING,normalized,IMPORTANT,
PH2-0091,PH2-0091 — Observation Is Not Inactivity,Culture,13_PHASE_RECOVERY/Phase_02_to_03/PH2-0091_Observation_Is_Not_Inactivity.md,01_CONSTITUTION/Culture/PH2-0091_Observation_Is_Not_Inactivity.md,01_CONSTITUTION,normalized,CORE,
PH2-0092,PH2-0092 — War Room Glass Wall,Environment,13_PHASE_RECOVERY/Phase_02_to_03/PH2-0092_War_Room_Glass_Wall.md,03_BUILDING/Rooms/PH2-0092_War_Room_Glass_Wall.md,03_BUILDING,normalized,OPTIONAL,
PH2-0093,PH2-0093 — Tactical Journal,Archives,13_PHASE_RECOVERY/Phase_02_to_03/PH2-0093_Tactical_Journal.md,08_ARCHIVES/Memory_Objects/PH2-0093_Tactical_Journal.md,08_ARCHIVES,normalized,IMPORTANT,
PH2-0094,PH2-0094 — Living Constitution,Doctrine,13_PHASE_RECOVERY/Phase_02_to_03/PH2-0094_Living_Constitution.md,01_CONSTITUTION/Principles/PH2-0094_Living_Constitution.md,01_CONSTITUTION,normalized,CORE,
PH2-0095,PH2-0095 — Operations Flag,Environment,13_PHASE_RECOVERY/Phase_02_to_03/PH2-0095_Operations_Flag.md,10_ENGINEERING/Architecture/PH2-0095_Operations_Flag.md,10_ENGINEERING,normalized,IMPORTANT,
PH2-0096,PH2-0096 — Return To Civilian Life Door,Ceremony,13_PHASE_RECOVERY/Phase_02_to_03/PH2-0096_Return_To_Civilian_Life_Door.md,03_BUILDING/Ceremonies/PH2-0096_Return_To_Civilian_Life_Door.md,03_BUILDING,normalized,IMPORTANT,
PH2-0097,PH2-0097 — Conditions For Discipline Axiom,Constitution,13_PHASE_RECOVERY/Phase_02_to_03/PH2-0097_Conditions_For_Discipline_Axiom.md,01_CONSTITUTION/Principles/PH2-0097_Conditions_For_Discipline_Axiom.md,01_CONSTITUTION,normalized,FOUNDATIONAL,
PH2-0098,PH2-0098 — Account Three Design Test,Engineering,13_PHASE_RECOVERY/Phase_02_to_03/PH2-0098_Account_Three_Design_Test.md,02_INSTITUTION/Departments/PH2-0098_Account_Three_Design_Test.md,02_INSTITUTION,normalized,IMPORTANT,
PH2-0099,PH2-0099 — Opening Of Doors Tradition,Ceremony,13_PHASE_RECOVERY/Phase_02_to_03/PH2-0099_Opening_Of_Doors_Tradition.md,03_BUILDING/Ceremonies/PH2-0099_Opening_Of_Doors_Tradition.md,03_BUILDING,normalized,CORE,
PH2-0100,PH2-0100 — Take Command Tradition,Ceremony,13_PHASE_RECOVERY/Phase_02_to_03/PH2-0100_Take_Command_Tradition.md,10_ENGINEERING/Architecture/PH2-0100_Take_Command_Tradition.md,10_ENGINEERING,normalized,CORE,
PH2-0101,PH2-0101 — Lights Activation Order,Environment,13_PHASE_RECOVERY/Phase_02_to_03/PH2-0101_Lights_Activation_Order.md,10_ENGINEERING/Architecture/PH2-0101_Lights_Activation_Order.md,10_ENGINEERING,normalized,IMPORTANT,
PH2-0102,PH2-0102 — Commanders Clock,Interface,13_PHASE_RECOVERY/Phase_02_to_03/PH2-0102_Commanders_Clock.md,02_INSTITUTION/Departments/PH2-0102_Commanders_Clock.md,02_INSTITUTION,normalized,IMPORTANT,
PH2-0103,PH2-0103 — Armory,Room,13_PHASE_RECOVERY/Phase_02_to_03/PH2-0103_Armory.md,03_BUILDING/Rooms/PH2-0103_Armory.md,03_BUILDING,normalized,IMPORTANT,
PH2-0104,PH2-0104 — Equipment Check,Operations,13_PHASE_RECOVERY/Phase_02_to_03/PH2-0104_Equipment_Check.md,09_INTERFACE/Screens/PH2-0104_Equipment_Check.md,09_INTERFACE,normalized,CORE,
PH2-0105,PH2-0105 — Institutional Weather,Environment,13_PHASE_RECOVERY/Phase_02_to_03/PH2-0105_Institutional_Weather.md,02_INSTITUTION/Departments/PH2-0105_Institutional_Weather.md,02_INSTITUTION,normalized,OPTIONAL,
PH2-0106,PH2-0106 — Headquarters Integrity,Institution,13_PHASE_RECOVERY/Phase_02_to_03/PH2-0106_Headquarters_Integrity.md,02_INSTITUTION/Departments/PH2-0106_Headquarters_Integrity.md,02_INSTITUTION,normalized,CORE,
PH2-0107,PH2-0107 — Intelligence Wall,Intelligence,13_PHASE_RECOVERY/Phase_02_to_03/PH2-0107_Intelligence_Wall.md,06_INTELLIGENCE/Behavior_Analysis/PH2-0107_Intelligence_Wall.md,06_INTELLIGENCE,normalized,CORE,
PH2-0108,PH2-0108 — Mission Archive Room,Archives,13_PHASE_RECOVERY/Phase_02_to_03/PH2-0108_Mission_Archive_Room.md,03_BUILDING/Rooms/PH2-0108_Mission_Archive_Room.md,03_BUILDING,normalized,IMPORTANT,
PH2-0109,PH2-0109 — Engineering Department,Institution,13_PHASE_RECOVERY/Phase_02_to_03/PH2-0109_Engineering_Department.md,02_INSTITUTION/Departments/PH2-0109_Engineering_Department.md,02_INSTITUTION,normalized,IMPORTANT,
PH2-0110,PH2-0110 — Research Division,Institution,13_PHASE_RECOVERY/Phase_02_to_03/PH2-0110_Research_Division.md,02_INSTITUTION/Departments/PH2-0110_Research_Division.md,02_INSTITUTION,normalized,IMPORTANT,
PH2-0111,PH2-0111 — Red Team,Intelligence,13_PHASE_RECOVERY/Phase_02_to_03/PH2-0111_Red_Team.md,06_INTELLIGENCE/Behavior_Analysis/PH2-0111_Red_Team.md,06_INTELLIGENCE,normalized,IMPORTANT,
PH2-0112,PH2-0112 — Blue Team,Institution,13_PHASE_RECOVERY/Phase_02_to_03/PH2-0112_Blue_Team.md,02_INSTITUTION/Departments/PH2-0112_Blue_Team.md,02_INSTITUTION,normalized,IMPORTANT,
PH2-0113,PH2-0113 — Mission Simulation,Academy,13_PHASE_RECOVERY/Phase_02_to_03/PH2-0113_Mission_Simulation.md,05_OPERATIONS/Mission_Lifecycle/PH2-0113_Mission_Simulation.md,05_OPERATIONS,normalized,IMPORTANT,
PH2-0114,PH2-0114 — Debrief Theater,Room,13_PHASE_RECOVERY/Phase_02_to_03/PH2-0114_Debrief_Theater.md,03_BUILDING/Rooms/PH2-0114_Debrief_Theater.md,03_BUILDING,normalized,CORE,
PH2-0115,PH2-0115 — Ordinary Decisions Automatic Lesson,Academy,13_PHASE_RECOVERY/Phase_02_to_03/PH2-0115_Ordinary_Decisions_Automatic_Lesson.md,08_ARCHIVES/Memory_Objects/PH2-0115_Ordinary_Decisions_Automatic_Lesson.md,08_ARCHIVES,normalized,FOUNDATIONAL,
PH2-0116,PH2-0116 — Confidence Versus Trust Wall,Trust,13_PHASE_RECOVERY/Phase_02_to_03/PH2-0116_Confidence_Versus_Trust_Wall.md,04_OPERATOR/Trust/PH2-0116_Confidence_Versus_Trust_Wall.md,04_OPERATOR,normalized,CORE,
PH2-0117,PH2-0117 — Trust Vault,Trust,13_PHASE_RECOVERY/Phase_02_to_03/PH2-0117_Trust_Vault.md,03_BUILDING/Rooms/PH2-0117_Trust_Vault.md,03_BUILDING,normalized,IMPORTANT,
PH2-0118,PH2-0118 — Bargaining Language Detection,Behavior,13_PHASE_RECOVERY/Phase_02_to_03/PH2-0118_Bargaining_Language_Detection.md,04_OPERATOR/Behavioral_Systems/PH2-0118_Bargaining_Language_Detection.md,04_OPERATOR,normalized,CORE,
PH2-0119,PH2-0119 — Decision DNA,Behavior,13_PHASE_RECOVERY/Phase_02_to_03/PH2-0119_Decision_DNA.md,04_OPERATOR/Behavioral_Systems/PH2-0119_Decision_DNA.md,04_OPERATOR,normalized,CORE,
PH2-0120,PH2-0120 — Identity Drift Curve,Behavior,13_PHASE_RECOVERY/Phase_02_to_03/PH2-0120_Identity_Drift_Curve.md,04_OPERATOR/Identity/PH2-0120_Identity_Drift_Curve.md,04_OPERATOR,normalized,CORE,
PH2-0121,PH2-0121 — Anchor Sentence,Constitution,13_PHASE_RECOVERY/Phase_02_to_03/PH2-0121_Anchor_Sentence.md,01_CONSTITUTION/Principles/PH2-0121_Anchor_Sentence.md,01_CONSTITUTION,normalized,IMPORTANT,
PH2-0122,PH2-0122 — Personal Battlefield,Behavior,13_PHASE_RECOVERY/Phase_02_to_03/PH2-0122_Personal_Battlefield.md,04_OPERATOR/Behavioral_Systems/PH2-0122_Personal_Battlefield.md,04_OPERATOR,normalized,CORE,
PH2-0123,PH2-0123 — Tactical Mirror,Interface,13_PHASE_RECOVERY/Phase_02_to_03/PH2-0123_Tactical_Mirror.md,09_INTERFACE/Screens/PH2-0123_Tactical_Mirror.md,09_INTERFACE,normalized,IMPORTANT,
PH2-0124,PH2-0124 — Identity Engine Roles,Identity,13_PHASE_RECOVERY/Phase_02_to_03/PH2-0124_Identity_Engine_Roles.md,04_OPERATOR/Identity/PH2-0124_Identity_Engine_Roles.md,04_OPERATOR,normalized,CORE,
PH2-0125,PH2-0125 — Guardian Mode,Guardian,13_PHASE_RECOVERY/Phase_02_to_03/PH2-0125_Guardian_Mode.md,02_INSTITUTION/Departments/PH2-0125_Guardian_Mode.md,02_INSTITUTION,normalized,CORE,
PH2-0126,PH2-0126 — Guardian Statistics,Guardian,13_PHASE_RECOVERY/Phase_02_to_03/PH2-0126_Guardian_Statistics.md,02_INSTITUTION/Departments/PH2-0126_Guardian_Statistics.md,02_INSTITUTION,normalized,IMPORTANT,
PH2-0127,PH2-0127 — Safe/Vault Capital Visualization,Guardian,13_PHASE_RECOVERY/Phase_02_to_03/PH2-0127_Safe_Vault_Capital_Visualization.md,02_INSTITUTION/Departments/PH2-0127_Safe_Vault_Capital_Visualization.md,02_INSTITUTION,normalized,IMPORTANT,
PH2-0128,PH2-0128 — Success Protocol,Guardian,13_PHASE_RECOVERY/Phase_02_to_03/PH2-0128_Success_Protocol.md,02_INSTITUTION/Protocols/PH2-0128_Success_Protocol.md,02_INSTITUTION,normalized,CORE,
PH2-0129,PH2-0129 — Operation Sunset,Ceremony,13_PHASE_RECOVERY/Phase_02_to_03/PH2-0129_Operation_Sunset.md,05_OPERATIONS/Ceremonies/PH2-0129_Operation_Sunset.md,05_OPERATIONS,normalized,IMPORTANT,
PH2-0130,PH2-0130 — Doctrine 014 Winning Creates Responsibility,Doctrine,13_PHASE_RECOVERY/Phase_02_to_03/PH2-0130_Doctrine_014_Winning_Creates_Responsibility.md,08_ARCHIVES/Doctrine/PH2-0130_Doctrine_014_Winning_Creates_Responsibility.md,08_ARCHIVES,normalized,CORE,
PH2-0131,PH2-0131 — Training Headquarters Versus Guardian Headquarters,Institution,13_PHASE_RECOVERY/Phase_02_to_03/PH2-0131_Training_Headquarters_Versus_Guardian_Headquarters.md,02_INSTITUTION/Departments/PH2-0131_Training_Headquarters_Versus_Guardian_Headquarters.md,02_INSTITUTION,normalized,CORE,
PH2-0132,PH2-0132 — Entrusted Capital Principle,Stewardship,13_PHASE_RECOVERY/Phase_02_to_03/PH2-0132_Entrusted_Capital_Principle.md,01_CONSTITUTION/Principles/PH2-0132_Entrusted_Capital_Principle.md,01_CONSTITUTION,normalized,CORE,
PH2-0133,PH2-0133 — Vault Opening Ritual,Ceremony,13_PHASE_RECOVERY/Phase_02_to_03/PH2-0133_Vault_Opening_Ritual.md,03_BUILDING/Ceremonies/PH2-0133_Vault_Opening_Ritual.md,03_BUILDING,normalized,IMPORTANT,
PH2-0134,PH2-0134 — Guardian Language Set,Language,13_PHASE_RECOVERY/Phase_02_to_03/PH2-0134_Guardian_Language_Set.md,02_INSTITUTION/Departments/PH2-0134_Guardian_Language_Set.md,02_INSTITUTION,normalized,CORE,
PH2-0135,PH2-0135 — Guardian Lighting And Seal,Environment,13_PHASE_RECOVERY/Phase_02_to_03/PH2-0135_Guardian_Lighting_And_Seal.md,02_INSTITUTION/Departments/PH2-0135_Guardian_Lighting_And_Seal.md,02_INSTITUTION,normalized,IMPORTANT,
PH2-0136,PH2-0136 — Capital Status Not PnL Hero,Interface,13_PHASE_RECOVERY/Phase_02_to_03/PH2-0136_Capital_Status_Not_PnL_Hero.md,09_INTERFACE/Screens/PH2-0136_Capital_Status_Not_PnL_Hero.md,09_INTERFACE,normalized,CORE,
PH2-0137,PH2-0137 — Guardian Historical Risk Memory,Guardian,13_PHASE_RECOVERY/Phase_02_to_03/PH2-0137_Guardian_Historical_Risk_Memory.md,02_INSTITUTION/Departments/PH2-0137_Guardian_Historical_Risk_Memory.md,02_INSTITUTION,normalized,CORE,
PH2-0138,PH2-0138 — Guardian Shadow,Environment,13_PHASE_RECOVERY/Phase_02_to_03/PH2-0138_Guardian_Shadow.md,02_INSTITUTION/Departments/PH2-0138_Guardian_Shadow.md,02_INSTITUTION,normalized,OPTIONAL,
PH2-0139,PH2-0139 — Sentinel,Institution,13_PHASE_RECOVERY/Phase_02_to_03/PH2-0139_Sentinel.md,02_INSTITUTION/Departments/PH2-0139_Sentinel.md,02_INSTITUTION,normalized,CORE,
PH2-0140,PH2-0140 — Guardian Lock,Guardian,13_PHASE_RECOVERY/Phase_02_to_03/PH2-0140_Guardian_Lock.md,02_INSTITUTION/Departments/PH2-0140_Guardian_Lock.md,02_INSTITUTION,normalized,CORE,
PH2-0141,PH2-0141 — Guardian Unlock Procedure,Guardian,13_PHASE_RECOVERY/Phase_02_to_03/PH2-0141_Guardian_Unlock_Procedure.md,02_INSTITUTION/Departments/PH2-0141_Guardian_Unlock_Procedure.md,02_INSTITUTION,normalized,CORE,
PH2-0142,PH2-0142 — Guardian Integrity,Guardian,13_PHASE_RECOVERY/Phase_02_to_03/PH2-0142_Guardian_Integrity.md,02_INSTITUTION/Departments/PH2-0142_Guardian_Integrity.md,02_INSTITUTION,normalized,CORE,
PH2-0143,PH2-0143 — Guardian Bell,Audio,13_PHASE_RECOVERY/Phase_02_to_03/PH2-0143_Guardian_Bell.md,02_INSTITUTION/Departments/PH2-0143_Guardian_Bell.md,02_INSTITUTION,normalized,IMPORTANT,
PH2-0144,PH2-0144 — Guardian Room,Room,13_PHASE_RECOVERY/Phase_02_to_03/PH2-0144_Guardian_Room.md,02_INSTITUTION/Departments/PH2-0144_Guardian_Room.md,02_INSTITUTION,normalized,IMPORTANT,
PH2-0145,PH2-0145 — Legacy Protocol,Legacy,13_PHASE_RECOVERY/Phase_02_to_03/PH2-0145_Legacy_Protocol.md,12_LEGACY/Long_Term/PH2-0145_Legacy_Protocol.md,12_LEGACY,normalized,IMPORTANT,
PH2-0146,PH2-0146 — Career Projection,Legacy,13_PHASE_RECOVERY/Phase_02_to_03/PH2-0146_Career_Projection.md,12_LEGACY/Long_Term/PH2-0146_Career_Projection.md,12_LEGACY,normalized,IMPORTANT,
PH2-0147,PH2-0147 — Votes For Identity,Identity,13_PHASE_RECOVERY/Phase_02_to_03/PH2-0147_Votes_For_Identity.md,04_OPERATOR/Identity/PH2-0147_Votes_For_Identity.md,04_OPERATOR,normalized,FOUNDATIONAL,
PH2-0148,PH2-0148 — Internal Affairs Integrity Protection,Internal Affairs,13_PHASE_RECOVERY/Phase_02_to_03/PH2-0148_Internal_Affairs_Integrity_Protection.md,02_INSTITUTION/Departments/PH2-0148_Internal_Affairs_Integrity_Protection.md,02_INSTITUTION,normalized,CORE,
PH3-0001,PH3-0001 — Design Constitution,Constitution,13_PHASE_RECOVERY/Phase_02_to_03/PH3-0001_Design_Constitution.md,01_CONSTITUTION/Principles/PH3-0001_Design_Constitution.md,01_CONSTITUTION,normalized,CORE,
PH3-0002,PH3-0002 — Expensive Not Luxurious,Design,13_PHASE_RECOVERY/Phase_02_to_03/PH3-0002_Expensive_Not_Luxurious.md,10_ENGINEERING/Architecture/PH3-0002_Expensive_Not_Luxurious.md,10_ENGINEERING,normalized,IMPORTANT,
PH3-0003,PH3-0003 — Information Hierarchy,Interface,13_PHASE_RECOVERY/Phase_02_to_03/PH3-0003_Information_Hierarchy.md,09_INTERFACE/Screens/PH3-0003_Information_Hierarchy.md,09_INTERFACE,normalized,CORE,
PH3-0004,PH3-0004 — One Objective Per Screen,Interface,13_PHASE_RECOVERY/Phase_02_to_03/PH3-0004_One_Objective_Per_Screen.md,09_INTERFACE/Screens/PH3-0004_One_Objective_Per_Screen.md,09_INTERFACE,normalized,CORE,
PH3-0005,PH3-0005 — Motion Has Meaning,Animation,13_PHASE_RECOVERY/Phase_02_to_03/PH3-0005_Motion_Has_Meaning.md,09_INTERFACE/Motion/PH3-0005_Motion_Has_Meaning.md,09_INTERFACE,normalized,CORE,
PH3-0006,PH3-0006 — Color Earns Existence,Design,13_PHASE_RECOVERY/Phase_02_to_03/PH3-0006_Color_Earns_Existence.md,09_INTERFACE/Lighting/PH3-0006_Color_Earns_Existence.md,09_INTERFACE,normalized,CORE,
PH3-0007,PH3-0007 — Sound Has Purpose,Audio,13_PHASE_RECOVERY/Phase_02_to_03/PH3-0007_Sound_Has_Purpose.md,09_INTERFACE/Audio/PH3-0007_Sound_Has_Purpose.md,09_INTERFACE,normalized,CORE,
PH3-0008,PH3-0008 — Attention Respect Law,Interface,13_PHASE_RECOVERY/Phase_02_to_03/PH3-0008_Attention_Respect_Law.md,09_INTERFACE/Screens/PH3-0008_Attention_Respect_Law.md,09_INTERFACE,normalized,FOUNDATIONAL,
PH3-0009,PH3-0009 — Headquarters Language Dictionary,Language,13_PHASE_RECOVERY/Phase_02_to_03/PH3-0009_Headquarters_Language_Dictionary.md,10_ENGINEERING/Architecture/PH3-0009_Headquarters_Language_Dictionary.md,10_ENGINEERING,normalized,CORE,
PH3-0010,PH3-0010 — Typography Direction,Design,13_PHASE_RECOVERY/Phase_02_to_03/PH3-0010_Typography_Direction.md,09_INTERFACE/Screens/PH3-0010_Typography_Direction.md,09_INTERFACE,normalized,IMPORTANT,
PH3-0011,PH3-0011 — Room Soundtracks,Audio,13_PHASE_RECOVERY/Phase_02_to_03/PH3-0011_Room_Soundtracks.md,03_BUILDING/Environmental_Systems/PH3-0011_Room_Soundtracks.md,03_BUILDING,normalized,IMPORTANT,
PH3-0012,PH3-0012 — Lighting Engine,Environment,13_PHASE_RECOVERY/Phase_02_to_03/PH3-0012_Lighting_Engine.md,03_BUILDING/Environmental_Systems/PH3-0012_Lighting_Engine.md,03_BUILDING,normalized,CORE,
PH3-0013,PH3-0013 — Chair As Control Symbol,Identity,13_PHASE_RECOVERY/Phase_02_to_03/PH3-0013_Chair_As_Control_Symbol.md,03_BUILDING/Symbolic_Objects/PH3-0013_Chair_As_Control_Symbol.md,03_BUILDING,normalized,CORE,
PH3-0014,PH3-0014 — Dynamic Opening Room,HQOS,13_PHASE_RECOVERY/Phase_02_to_03/PH3-0014_Dynamic_Opening_Room.md,03_BUILDING/Rooms/PH3-0014_Dynamic_Opening_Room.md,03_BUILDING,normalized,IMPORTANT,
PH3-0015,PH3-0015 — Central Holographic Table,Interface,13_PHASE_RECOVERY/Phase_02_to_03/PH3-0015_Central_Holographic_Table.md,09_INTERFACE/Screens/PH3-0015_Central_Holographic_Table.md,09_INTERFACE,normalized,CORE,
PH3-0016,PH3-0016 — Commander No Avatar,AI,13_PHASE_RECOVERY/Phase_02_to_03/PH3-0016_Commander_No_Avatar.md,02_INSTITUTION/Departments/PH3-0016_Commander_No_Avatar.md,02_INSTITUTION,normalized,FOUNDATIONAL,
PH3-0017,PH3-0017 — Headquarters Heartbeat,Environment,13_PHASE_RECOVERY/Phase_02_to_03/PH3-0017_Headquarters_Heartbeat.md,03_BUILDING/Environmental_Systems/PH3-0017_Headquarters_Heartbeat.md,03_BUILDING,normalized,IMPORTANT,
PH3-0018,PH3-0018 — Fictional Institution Real Behavioral Value,Constitution,13_PHASE_RECOVERY/Phase_02_to_03/PH3-0018_Fictional_Institution_Real_Behavioral_Value.md,01_CONSTITUTION/Principles/PH3-0018_Fictional_Institution_Real_Behavioral_Value.md,01_CONSTITUTION,normalized,FOUNDATIONAL,
PH3-0019,PH3-0019 — Project Naming Evolution,Legacy,13_PHASE_RECOVERY/Phase_02_to_03/PH3-0019_Project_Naming_Evolution.md,12_LEGACY/Evolution/PH3-0019_Project_Naming_Evolution.md,12_LEGACY,normalized,OPTIONAL,
PH4-0001,PH4-0001 — Design Constitution,Constitution,13_PHASE_RECOVERY/Phase_03_to_04/PH4-0001_Design_Constitution.md,01_CONSTITUTION/Principles/PH4-0001_Design_Constitution.md,01_CONSTITUTION,normalized,FOUNDATIONAL,Immutable
PH4-0002,PH4-0002 — Expensive Minimalism,Interface,13_PHASE_RECOVERY/Phase_03_to_04/PH4-0002_Expensive_Minimalism.md,09_INTERFACE/Screens/PH4-0002_Expensive_Minimalism.md,09_INTERFACE,normalized,CORE,Stable
PH4-0003,PH4-0003 — Silence Priority Principle,Constitution,13_PHASE_RECOVERY/Phase_03_to_04/PH4-0003_Silence_Priority_Principle.md,01_CONSTITUTION/Principles/PH4-0003_Silence_Priority_Principle.md,01_CONSTITUTION,normalized,FOUNDATIONAL,Immutable
PH4-0004,PH4-0004 — Information Hierarchy Law,Interface,13_PHASE_RECOVERY/Phase_03_to_04/PH4-0004_Information_Hierarchy_Law.md,09_INTERFACE/Screens/PH4-0004_Information_Hierarchy_Law.md,09_INTERFACE,normalized,CORE,Stable
PH4-0005,PH4-0005 — One Objective Per Screen,Interface,13_PHASE_RECOVERY/Phase_03_to_04/PH4-0005_One_Objective_Per_Screen.md,09_INTERFACE/Screens/PH4-0005_One_Objective_Per_Screen.md,09_INTERFACE,normalized,CORE,Stable
PH4-0006,PH4-0006 — Motion Has Meaning,Animation,13_PHASE_RECOVERY/Phase_03_to_04/PH4-0006_Motion_Has_Meaning.md,09_INTERFACE/Motion/PH4-0006_Motion_Has_Meaning.md,09_INTERFACE,normalized,CORE,Stable
PH4-0007,PH4-0007 — Color Meaning System,Interface,13_PHASE_RECOVERY/Phase_03_to_04/PH4-0007_Color_Meaning_System.md,09_INTERFACE/Lighting/PH4-0007_Color_Meaning_System.md,09_INTERFACE,normalized,CORE,Stable
PH4-0008,PH4-0008 — Sound Purpose System,Audio,13_PHASE_RECOVERY/Phase_03_to_04/PH4-0008_Sound_Purpose_System.md,09_INTERFACE/Audio/PH4-0008_Sound_Purpose_System.md,09_INTERFACE,normalized,CORE,Stable
PH4-0009,PH4-0009 — Attention Respect Law,Constitution,13_PHASE_RECOVERY/Phase_03_to_04/PH4-0009_Attention_Respect_Law.md,01_CONSTITUTION/Principles/PH4-0009_Attention_Respect_Law.md,01_CONSTITUTION,normalized,FOUNDATIONAL,Immutable
PH4-0010,PH4-0010 — Headquarters Terminology Replacement,Culture,13_PHASE_RECOVERY/Phase_03_to_04/PH4-0010_Headquarters_Terminology_Replacement.md,01_CONSTITUTION/Culture/PH4-0010_Headquarters_Terminology_Replacement.md,01_CONSTITUTION,normalized,CORE,Stable
PH4-0011,PH4-0011 — Mission Control Typography,Interface,13_PHASE_RECOVERY/Phase_03_to_04/PH4-0011_Mission_Control_Typography.md,05_OPERATIONS/Mission_Lifecycle/PH4-0011_Mission_Control_Typography.md,05_OPERATIONS,normalized,IMPORTANT,Evolving
PH4-0012,PH4-0012 — Room Soundtracks,Audio,13_PHASE_RECOVERY/Phase_03_to_04/PH4-0012_Room_Soundtracks.md,03_BUILDING/Environmental_Systems/PH4-0012_Room_Soundtracks.md,03_BUILDING,normalized,IMPORTANT,Evolving
PH4-0013,PH4-0013 — Lighting Engine,Environment,13_PHASE_RECOVERY/Phase_03_to_04/PH4-0013_Lighting_Engine.md,03_BUILDING/Environmental_Systems/PH4-0013_Lighting_Engine.md,03_BUILDING,normalized,CORE,Stable
PH4-0014,PH4-0014 — Command Chair Control Symbol,Identity,13_PHASE_RECOVERY/Phase_03_to_04/PH4-0014_Command_Chair_Control_Symbol.md,03_BUILDING/Symbolic_Objects/PH4-0014_Command_Chair_Control_Symbol.md,03_BUILDING,normalized,CORE,Stable
PH4-0015,PH4-0015 — Dynamic Initial Room Selection,HQOS,13_PHASE_RECOVERY/Phase_03_to_04/PH4-0015_Dynamic_Initial_Room_Selection.md,03_BUILDING/Rooms/PH4-0015_Dynamic_Initial_Room_Selection.md,03_BUILDING,normalized,IMPORTANT,Evolving
PH4-0016,PH4-0016 — Central Holographic Table Function,Interface,13_PHASE_RECOVERY/Phase_03_to_04/PH4-0016_Central_Holographic_Table_Function.md,09_INTERFACE/Screens/PH4-0016_Central_Holographic_Table_Function.md,09_INTERFACE,normalized,CORE,Stable
PH4-0017,PH4-0017 — No Commander Avatar Rule,AI,13_PHASE_RECOVERY/Phase_03_to_04/PH4-0017_No_Commander_Avatar_Rule.md,02_INSTITUTION/Departments/PH4-0017_No_Commander_Avatar_Rule.md,02_INSTITUTION,normalized,FOUNDATIONAL,Immutable
PH4-0018,PH4-0018 — Institutional Heartbeat,Environment,13_PHASE_RECOVERY/Phase_03_to_04/PH4-0018_Institutional_Heartbeat.md,02_INSTITUTION/Departments/PH4-0018_Institutional_Heartbeat.md,02_INSTITUTION,normalized,IMPORTANT,Evolving
PH4-0019,PH4-0019 — Fictional Institution Real Psychology,Constitution,13_PHASE_RECOVERY/Phase_03_to_04/PH4-0019_Fictional_Institution_Real_Psychology.md,01_CONSTITUTION/Principles/PH4-0019_Fictional_Institution_Real_Psychology.md,01_CONSTITUTION,normalized,FOUNDATIONAL,Immutable
PH4-0020,PH4-0020 — Headquarters Naming Evolution,Legacy,13_PHASE_RECOVERY/Phase_03_to_04/PH4-0020_Headquarters_Naming_Evolution.md,12_LEGACY/Evolution/PH4-0020_Headquarters_Naming_Evolution.md,12_LEGACY,normalized,OPTIONAL,Evolving
PH4-0021,PH4-0021 — Internal Affairs Department,Institution,13_PHASE_RECOVERY/Phase_03_to_04/PH4-0021_Internal_Affairs_Department.md,02_INSTITUTION/Departments/PH4-0021_Internal_Affairs_Department.md,02_INSTITUTION,normalized,CORE,Stable
PH4-0022,PH4-0022 — Internal Affairs Room,Room,13_PHASE_RECOVERY/Phase_03_to_04/PH4-0022_Internal_Affairs_Room.md,02_INSTITUTION/Departments/PH4-0022_Internal_Affairs_Room.md,02_INSTITUTION,normalized,IMPORTANT,Evolving
PH4-0023,PH4-0023 — Statement Inconsistency Detection,AI,13_PHASE_RECOVERY/Phase_03_to_04/PH4-0023_Statement_Inconsistency_Detection.md,06_INTELLIGENCE/Behavior_Analysis/PH4-0023_Statement_Inconsistency_Detection.md,06_INTELLIGENCE,normalized,CORE,Stable
PH4-0024,PH4-0024 — Report Reliability Score,Archives,13_PHASE_RECOVERY/Phase_03_to_04/PH4-0024_Report_Reliability_Score.md,08_ARCHIVES/Memory_Objects/PH4-0024_Report_Reliability_Score.md,08_ARCHIVES,normalized,IMPORTANT,Evolving
PH4-0025,PH4-0025 — Operation Cover-Up Case File,Archives,13_PHASE_RECOVERY/Phase_03_to_04/PH4-0025_Operation_Cover_Up_Case_File.md,08_ARCHIVES/Memory_Objects/PH4-0025_Operation_Cover_Up_Case_File.md,08_ARCHIVES,normalized,IMPORTANT,Evolving
PH4-0026,PH4-0026 — Evidence Wall,Interface,13_PHASE_RECOVERY/Phase_03_to_04/PH4-0026_Evidence_Wall.md,09_INTERFACE/Screens/PH4-0026_Evidence_Wall.md,09_INTERFACE,normalized,IMPORTANT,Evolving
PH4-0027,PH4-0027 — Institutional Witness System,AI,13_PHASE_RECOVERY/Phase_03_to_04/PH4-0027_Institutional_Witness_System.md,02_INSTITUTION/Departments/PH4-0027_Institutional_Witness_System.md,02_INSTITUTION,normalized,IMPORTANT,Evolving
PH4-0028,PH4-0028 — No Accusation Rule,Culture,13_PHASE_RECOVERY/Phase_03_to_04/PH4-0028_No_Accusation_Rule.md,01_CONSTITUTION/Culture/PH4-0028_No_Accusation_Rule.md,01_CONSTITUTION,normalized,FOUNDATIONAL,Immutable
PH4-0029,PH4-0029 — Lucky Win Investigation,Intelligence,13_PHASE_RECOVERY/Phase_03_to_04/PH4-0029_Lucky_Win_Investigation.md,06_INTELLIGENCE/Behavior_Analysis/PH4-0029_Lucky_Win_Investigation.md,06_INTELLIGENCE,normalized,CORE,Stable
PH4-0030,PH4-0030 — Outcome Not Supported By Doctrine Classification,Operations,13_PHASE_RECOVERY/Phase_03_to_04/PH4-0030_Outcome_Not_Supported_By_Doctrine_Classification.md,08_ARCHIVES/Doctrine/PH4-0030_Outcome_Not_Supported_By_Doctrine_Classification.md,08_ARCHIVES,normalized,IMPORTANT,Evolving
PH4-0031,PH4-0031 — Quality Assurance Department,Institution,13_PHASE_RECOVERY/Phase_03_to_04/PH4-0031_Quality_Assurance_Department.md,02_INSTITUTION/Departments/PH4-0031_Quality_Assurance_Department.md,02_INSTITUTION,normalized,IMPORTANT,Evolving
PH4-0032,PH4-0032 — Institution Admits Mistakes,Trust,13_PHASE_RECOVERY/Phase_03_to_04/PH4-0032_Institution_Admits_Mistakes.md,02_INSTITUTION/Departments/PH4-0032_Institution_Admits_Mistakes.md,02_INSTITUTION,normalized,FOUNDATIONAL,Immutable
PH4-0033,PH4-0033 — Ethics Committee,Institution,13_PHASE_RECOVERY/Phase_03_to_04/PH4-0033_Ethics_Committee.md,02_INSTITUTION/Departments/PH4-0033_Ethics_Committee.md,02_INSTITUTION,normalized,IMPORTANT,Evolving
PH4-0034,PH4-0034 — Constitutional Court,Institution,13_PHASE_RECOVERY/Phase_03_to_04/PH4-0034_Constitutional_Court.md,01_CONSTITUTION/Principles/PH4-0034_Constitutional_Court.md,01_CONSTITUTION,normalized,IMPORTANT,Evolving
PH4-0035,PH4-0035 — Doctrine Does Not Negotiate With Emotion,Doctrine,13_PHASE_RECOVERY/Phase_03_to_04/PH4-0035_Doctrine_Does_Not_Negotiate_With_Emotion.md,08_ARCHIVES/Doctrine/PH4-0035_Doctrine_Does_Not_Negotiate_With_Emotion.md,08_ARCHIVES,normalized,CORE,Stable
PH4-0036,PH4-0036 — Engineering Philosophy,Engineering,13_PHASE_RECOVERY/Phase_03_to_04/PH4-0036_Engineering_Philosophy.md,02_INSTITUTION/Departments/PH4-0036_Engineering_Philosophy.md,02_INSTITUTION,normalized,FOUNDATIONAL,Immutable
PH4-0037,PH4-0037 — Friction Is A Feature,Engineering,13_PHASE_RECOVERY/Phase_03_to_04/PH4-0037_Friction_Is_A_Feature.md,02_INSTITUTION/Departments/PH4-0037_Friction_Is_A_Feature.md,02_INSTITUTION,normalized,CORE,Stable
PH4-0038,PH4-0038 — Every Screen Lowers Cortisol,Interface,13_PHASE_RECOVERY/Phase_03_to_04/PH4-0038_Every_Screen_Lowers_Cortisol.md,09_INTERFACE/Screens/PH4-0038_Every_Screen_Lowers_Cortisol.md,09_INTERFACE,normalized,CORE,Stable
PH4-0039,PH4-0039 — Operator Is Never Rushed,Constitution,13_PHASE_RECOVERY/Phase_03_to_04/PH4-0039_Operator_Is_Never_Rushed.md,01_CONSTITUTION/Principles/PH4-0039_Operator_Is_Never_Rushed.md,01_CONSTITUTION,normalized,FOUNDATIONAL,Immutable
PH4-0040,PH4-0040 — Rule Of One Thought,Interface,13_PHASE_RECOVERY/Phase_03_to_04/PH4-0040_Rule_Of_One_Thought.md,09_INTERFACE/Screens/PH4-0040_Rule_Of_One_Thought.md,09_INTERFACE,normalized,CORE,Stable
PH4-0041,PH4-0041 — Commander Three Responsibilities,AI,13_PHASE_RECOVERY/Phase_03_to_04/PH4-0041_Commander_Three_Responsibilities.md,02_INSTITUTION/Departments/PH4-0041_Commander_Three_Responsibilities.md,02_INSTITUTION,normalized,FOUNDATIONAL,Immutable
PH4-0042,PH4-0042 — Ninety Five Percent Silence Rule,AI,13_PHASE_RECOVERY/Phase_03_to_04/PH4-0042_Ninety_Five_Percent_Silence_Rule.md,06_INTELLIGENCE/Behavior_Analysis/PH4-0042_Ninety_Five_Percent_Silence_Rule.md,06_INTELLIGENCE,normalized,IMPORTANT,Evolving
PH4-0043,PH4-0043 — AI Feels Experienced Not Intelligent,AI,13_PHASE_RECOVERY/Phase_03_to_04/PH4-0043_AI_Feels_Experienced_Not_Intelligent.md,06_INTELLIGENCE/Behavior_Analysis/PH4-0043_AI_Feels_Experienced_Not_Intelligent.md,06_INTELLIGENCE,normalized,CORE,Stable
PH4-0044,PH4-0044 — Institutional Language Ban List,Culture,13_PHASE_RECOVERY/Phase_03_to_04/PH4-0044_Institutional_Language_Ban_List.md,01_CONSTITUTION/Culture/PH4-0044_Institutional_Language_Ban_List.md,01_CONSTITUTION,normalized,IMPORTANT,Evolving
PH4-0045,PH4-0045 — No Flattery Rule,AI,13_PHASE_RECOVERY/Phase_03_to_04/PH4-0045_No_Flattery_Rule.md,06_INTELLIGENCE/Behavior_Analysis/PH4-0045_No_Flattery_Rule.md,06_INTELLIGENCE,normalized,FOUNDATIONAL,Immutable
PH4-0046,PH4-0046 — Discipline Reserve,Operator,13_PHASE_RECOVERY/Phase_03_to_04/PH4-0046_Discipline_Reserve.md,04_OPERATOR/Behavioral_Systems/PH4-0046_Discipline_Reserve.md,04_OPERATOR,normalized,CORE,Stable
PH4-0047,PH4-0047 — Mission Recorder,Archives,13_PHASE_RECOVERY/Phase_03_to_04/PH4-0047_Mission_Recorder.md,05_OPERATIONS/Mission_Lifecycle/PH4-0047_Mission_Recorder.md,05_OPERATIONS,normalized,CORE,Stable
PH4-0048,PH4-0048 — Archive Vault,Archives,13_PHASE_RECOVERY/Phase_03_to_04/PH4-0048_Archive_Vault.md,03_BUILDING/Rooms/PH4-0048_Archive_Vault.md,03_BUILDING,normalized,CORE,Stable
PH4-0049,PH4-0049 — Maintenance Days,Operations,13_PHASE_RECOVERY/Phase_03_to_04/PH4-0049_Maintenance_Days.md,06_INTELLIGENCE/Behavior_Analysis/PH4-0049_Maintenance_Days.md,06_INTELLIGENCE,normalized,IMPORTANT,Evolving
PH4-0050,PH4-0050 — Headquarters Health,Engineering,13_PHASE_RECOVERY/Phase_03_to_04/PH4-0050_Headquarters_Health.md,02_INSTITUTION/Departments/PH4-0050_Headquarters_Health.md,02_INSTITUTION,normalized,IMPORTANT,Evolving
PH4-0051,PH4-0051 — Living Campaign Map,Interface,13_PHASE_RECOVERY/Phase_03_to_04/PH4-0051_Living_Campaign_Map.md,05_OPERATIONS/Campaigns/PH4-0051_Living_Campaign_Map.md,05_OPERATIONS,normalized,IMPORTANT,Evolving
PH4-0052,PH4-0052 — Founder Engineering Creed,Legacy,13_PHASE_RECOVERY/Phase_03_to_04/PH4-0052_Founder_Engineering_Creed.md,02_INSTITUTION/Departments/PH4-0052_Founder_Engineering_Creed.md,02_INSTITUTION,normalized,FOUNDATIONAL,Immutable
PH4-0053,PH4-0053 — Behavioral Engine,System,13_PHASE_RECOVERY/Phase_03_to_04/PH4-0053_Behavioral_Engine.md,04_OPERATOR/Behavioral_Systems/PH4-0053_Behavioral_Engine.md,04_OPERATOR,normalized,CORE,Stable
PH4-0054,PH4-0054 — Command Chair Engine,System,13_PHASE_RECOVERY/Phase_03_to_04/PH4-0054_Command_Chair_Engine.md,03_BUILDING/Symbolic_Objects/PH4-0054_Command_Chair_Engine.md,03_BUILDING,normalized,CORE,Stable
PH4-0055,PH4-0055 — Behavioral Fingerprints,System,13_PHASE_RECOVERY/Phase_03_to_04/PH4-0055_Behavioral_Fingerprints.md,04_OPERATOR/Behavioral_Systems/PH4-0055_Behavioral_Fingerprints.md,04_OPERATOR,normalized,CORE,Stable
PH4-0056,PH4-0056 — Identity Drift Algorithm,System,13_PHASE_RECOVERY/Phase_03_to_04/PH4-0056_Identity_Drift_Algorithm.md,04_OPERATOR/Identity/PH4-0056_Identity_Drift_Algorithm.md,04_OPERATOR,normalized,CORE,Stable
PH4-0057,PH4-0057 — Identity Drift Vector Model,System,13_PHASE_RECOVERY/Phase_03_to_04/PH4-0057_Identity_Drift_Vector_Model.md,04_OPERATOR/Identity/PH4-0057_Identity_Drift_Vector_Model.md,04_OPERATOR,normalized,IMPORTANT,Evolving
PH4-0058,PH4-0058 — Ghost Baseline Calibration,AI,13_PHASE_RECOVERY/Phase_03_to_04/PH4-0058_Ghost_Baseline_Calibration.md,06_INTELLIGENCE/Ghost/PH4-0058_Ghost_Baseline_Calibration.md,06_INTELLIGENCE,normalized,CORE,Stable
PH4-0059,PH4-0059 — Evidence Threshold For Interventions,AI,13_PHASE_RECOVERY/Phase_03_to_04/PH4-0059_Evidence_Threshold_For_Interventions.md,06_INTELLIGENCE/Behavior_Analysis/PH4-0059_Evidence_Threshold_For_Interventions.md,06_INTELLIGENCE,normalized,CORE,Stable
PH4-0060,PH4-0060 — Commander Detects Not Predicts,AI,13_PHASE_RECOVERY/Phase_03_to_04/PH4-0060_Commander_Detects_Not_Predicts.md,02_INSTITUTION/Departments/PH4-0060_Commander_Detects_Not_Predicts.md,02_INSTITUTION,normalized,FOUNDATIONAL,Immutable
PH4-0061,PH4-0061 — Decision Graph,System,13_PHASE_RECOVERY/Phase_03_to_04/PH4-0061_Decision_Graph.md,06_INTELLIGENCE/Behavior_Analysis/PH4-0061_Decision_Graph.md,06_INTELLIGENCE,normalized,IMPORTANT,Evolving
PH4-0062,PH4-0062 — Behavioral Gravity,System,13_PHASE_RECOVERY/Phase_03_to_04/PH4-0062_Behavioral_Gravity.md,04_OPERATOR/Behavioral_Systems/PH4-0062_Behavioral_Gravity.md,04_OPERATOR,normalized,IMPORTANT,Evolving
PH4-0063,PH4-0063 — Career Brain,System,13_PHASE_RECOVERY/Phase_03_to_04/PH4-0063_Career_Brain.md,06_INTELLIGENCE/Behavior_Analysis/PH4-0063_Career_Brain.md,06_INTELLIGENCE,normalized,IMPORTANT,Evolving
PH4-0064,PH4-0064 — Mission Similarity Search,AI,13_PHASE_RECOVERY/Phase_03_to_04/PH4-0064_Mission_Similarity_Search.md,05_OPERATIONS/Mission_Lifecycle/PH4-0064_Mission_Similarity_Search.md,05_OPERATIONS,normalized,CORE,Stable
PH4-0065,PH4-0065 — Future Identity Simulator,AI,13_PHASE_RECOVERY/Phase_03_to_04/PH4-0065_Future_Identity_Simulator.md,04_OPERATOR/Identity/PH4-0065_Future_Identity_Simulator.md,04_OPERATOR,normalized,IMPORTANT,Evolving
PH4-0066,PH4-0066 — Legacy Engine,System,13_PHASE_RECOVERY/Phase_03_to_04/PH4-0066_Legacy_Engine.md,12_LEGACY/Long_Term/PH4-0066_Legacy_Engine.md,12_LEGACY,normalized,IMPORTANT,Evolving
PH4-0067,PH4-0067 — Institution Reputation,System,13_PHASE_RECOVERY/Phase_03_to_04/PH4-0067_Institution_Reputation.md,02_INSTITUTION/Departments/PH4-0067_Institution_Reputation.md,02_INSTITUTION,normalized,IMPORTANT,Evolving
PH4-0068,PH4-0068 — Behavioral Black Box,Archives,13_PHASE_RECOVERY/Phase_03_to_04/PH4-0068_Behavioral_Black_Box.md,04_OPERATOR/Behavioral_Systems/PH4-0068_Behavioral_Black_Box.md,04_OPERATOR,normalized,CORE,Stable
PH4-0069,PH4-0069 — Accident Chain Reconstruction,Archives,13_PHASE_RECOVERY/Phase_03_to_04/PH4-0069_Accident_Chain_Reconstruction.md,06_INTELLIGENCE/Behavior_Analysis/PH4-0069_Accident_Chain_Reconstruction.md,06_INTELLIGENCE,normalized,CORE,Stable
PH4-0070,PH4-0070 — Precursor Library,AI,13_PHASE_RECOVERY/Phase_03_to_04/PH4-0070_Precursor_Library.md,06_INTELLIGENCE/Pattern_Recognition/PH4-0070_Precursor_Library.md,06_INTELLIGENCE,normalized,CORE,Stable
PH4-0071,PH4-0071 — Mission Timeline,Interface,13_PHASE_RECOVERY/Phase_03_to_04/PH4-0071_Mission_Timeline.md,05_OPERATIONS/Mission_Lifecycle/PH4-0071_Mission_Timeline.md,05_OPERATIONS,normalized,CORE,Stable
PH4-0072,PH4-0072 — Chain Of Failure,Archives,13_PHASE_RECOVERY/Phase_03_to_04/PH4-0072_Chain_Of_Failure.md,06_INTELLIGENCE/Behavior_Analysis/PH4-0072_Chain_Of_Failure.md,06_INTELLIGENCE,normalized,CORE,Stable
PH4-0073,PH4-0073 — Chain Of Excellence,Archives,13_PHASE_RECOVERY/Phase_03_to_04/PH4-0073_Chain_Of_Excellence.md,06_INTELLIGENCE/Behavior_Analysis/PH4-0073_Chain_Of_Excellence.md,06_INTELLIGENCE,normalized,IMPORTANT,Evolving
PH4-0074,PH4-0074 — Butterfly Effect Engine,AI,13_PHASE_RECOVERY/Phase_03_to_04/PH4-0074_Butterfly_Effect_Engine.md,06_INTELLIGENCE/Behavior_Analysis/PH4-0074_Butterfly_Effect_Engine.md,06_INTELLIGENCE,normalized,IMPORTANT,Evolving
PH4-0075,PH4-0075 — Point Of No Return Detection,AI,13_PHASE_RECOVERY/Phase_03_to_04/PH4-0075_Point_Of_No_Return_Detection.md,06_INTELLIGENCE/Behavior_Analysis/PH4-0075_Point_Of_No_Return_Detection.md,06_INTELLIGENCE,normalized,IMPORTANT,Evolving
PH4-0076,PH4-0076 — Intervention Ladder,AI,13_PHASE_RECOVERY/Phase_03_to_04/PH4-0076_Intervention_Ladder.md,06_INTELLIGENCE/Behavior_Analysis/PH4-0076_Intervention_Ladder.md,06_INTELLIGENCE,normalized,CORE,Stable
PH4-0077,PH4-0077 — Mission Pulse,Interface,13_PHASE_RECOVERY/Phase_03_to_04/PH4-0077_Mission_Pulse.md,05_OPERATIONS/Mission_Lifecycle/PH4-0077_Mission_Pulse.md,05_OPERATIONS,normalized,IMPORTANT,Evolving
PH4-0078,PH4-0078 — Mission DNA,Archives,13_PHASE_RECOVERY/Phase_03_to_04/PH4-0078_Mission_DNA.md,05_OPERATIONS/Mission_Lifecycle/PH4-0078_Mission_DNA.md,05_OPERATIONS,normalized,IMPORTANT,Evolving
PH4-0079,PH4-0079 — Hall Of Decisions,Room,13_PHASE_RECOVERY/Phase_03_to_04/PH4-0079_Hall_Of_Decisions.md,03_BUILDING/Rooms/PH4-0079_Hall_Of_Decisions.md,03_BUILDING,normalized,OPTIONAL,Evolving
PH4-0080,PH4-0080 — Behavioral Cascade Detection,System,13_PHASE_RECOVERY/Phase_03_to_04/PH4-0080_Behavioral_Cascade_Detection.md,04_OPERATOR/Behavioral_Systems/PH4-0080_Behavioral_Cascade_Detection.md,04_OPERATOR,normalized,CORE,Stable
PH5-0001,PH5-0001 — Behavioral Engine,Intelligence,13_PHASE_RECOVERY/Phase_04_to_05/PH5-0001_Behavioral_Engine.md,04_OPERATOR/Behavioral_Systems/PH5-0001_Behavioral_Engine.md,04_OPERATOR,normalized,CORE,Stable
PH5-0002,PH5-0002 — Command Chair Engine,Operator,13_PHASE_RECOVERY/Phase_04_to_05/PH5-0002_Command_Chair_Engine.md,03_BUILDING/Symbolic_Objects/PH5-0002_Command_Chair_Engine.md,03_BUILDING,normalized,CORE,Stable
PH5-0003,PH5-0003 — Command Stability Model,Operator,13_PHASE_RECOVERY/Phase_04_to_05/PH5-0003_Command_Stability_Model.md,04_OPERATOR/Behavioral_Systems/PH5-0003_Command_Stability_Model.md,04_OPERATOR,normalized,CORE,Stable
PH5-0004,PH5-0004 — Behavioral Fingerprints,Intelligence,13_PHASE_RECOVERY/Phase_04_to_05/PH5-0004_Behavioral_Fingerprints.md,04_OPERATOR/Behavioral_Systems/PH5-0004_Behavioral_Fingerprints.md,04_OPERATOR,normalized,CORE,Stable
PH5-0005,PH5-0005 — Identity Drift Engine,Operator,13_PHASE_RECOVERY/Phase_04_to_05/PH5-0005_Identity_Drift_Engine.md,04_OPERATOR/Identity/PH5-0005_Identity_Drift_Engine.md,04_OPERATOR,normalized,CORE,Stable
PH5-0006,PH5-0006 — Identity Drift Compass Space,Operator,13_PHASE_RECOVERY/Phase_04_to_05/PH5-0006_Identity_Drift_Compass_Space.md,04_OPERATOR/Identity/PH5-0006_Identity_Drift_Compass_Space.md,04_OPERATOR,normalized,IMPORTANT,Evolving
PH5-0007,PH5-0007 — Ghost Baseline Calibration,Intelligence,13_PHASE_RECOVERY/Phase_04_to_05/PH5-0007_Ghost_Baseline_Calibration.md,06_INTELLIGENCE/Ghost/PH5-0007_Ghost_Baseline_Calibration.md,06_INTELLIGENCE,normalized,CORE,Stable
PH5-0008,PH5-0008 — Commander Evidence Threshold,Institution,13_PHASE_RECOVERY/Phase_04_to_05/PH5-0008_Commander_Evidence_Threshold.md,02_INSTITUTION/Departments/PH5-0008_Commander_Evidence_Threshold.md,02_INSTITUTION,normalized,CORE,Stable
PH5-0009,PH5-0009 — Commander Detects Never Predicts,Constitution,13_PHASE_RECOVERY/Phase_04_to_05/PH5-0009_Commander_Detects_Never_Predicts.md,01_CONSTITUTION/Principles/PH5-0009_Commander_Detects_Never_Predicts.md,01_CONSTITUTION,normalized,FOUNDATIONAL,Immutable
PH5-0010,PH5-0010 — Decision Graph,Operations,13_PHASE_RECOVERY/Phase_04_to_05/PH5-0010_Decision_Graph.md,06_INTELLIGENCE/Behavior_Analysis/PH5-0010_Decision_Graph.md,06_INTELLIGENCE,normalized,CORE,Stable
PH5-0011,PH5-0011 — Behavioral Gravity,Operator,13_PHASE_RECOVERY/Phase_04_to_05/PH5-0011_Behavioral_Gravity.md,04_OPERATOR/Behavioral_Systems/PH5-0011_Behavioral_Gravity.md,04_OPERATOR,normalized,IMPORTANT,Evolving
PH5-0012,PH5-0012 — Career Brain,Archives,13_PHASE_RECOVERY/Phase_04_to_05/PH5-0012_Career_Brain.md,06_INTELLIGENCE/Behavior_Analysis/PH5-0012_Career_Brain.md,06_INTELLIGENCE,normalized,CORE,Stable
PH5-0013,PH5-0013 — Mission Similarity Search,Intelligence,13_PHASE_RECOVERY/Phase_04_to_05/PH5-0013_Mission_Similarity_Search.md,05_OPERATIONS/Mission_Lifecycle/PH5-0013_Mission_Similarity_Search.md,05_OPERATIONS,normalized,CORE,Stable
PH5-0014,PH5-0014 — Future Identity Simulator,Intelligence,13_PHASE_RECOVERY/Phase_04_to_05/PH5-0014_Future_Identity_Simulator.md,04_OPERATOR/Identity/PH5-0014_Future_Identity_Simulator.md,04_OPERATOR,normalized,IMPORTANT,Evolving
PH5-0015,PH5-0015 — Legacy Engine,Legacy,13_PHASE_RECOVERY/Phase_04_to_05/PH5-0015_Legacy_Engine.md,12_LEGACY/Long_Term/PH5-0015_Legacy_Engine.md,12_LEGACY,normalized,CORE,Stable
PH5-0016,PH5-0016 — Behavioral Black Box,Archives,13_PHASE_RECOVERY/Phase_04_to_05/PH5-0016_Behavioral_Black_Box.md,04_OPERATOR/Behavioral_Systems/PH5-0016_Behavioral_Black_Box.md,04_OPERATOR,normalized,CORE,Stable
PH5-0017,PH5-0017 — Black Box Final Sixty Minutes,Archives,13_PHASE_RECOVERY/Phase_04_to_05/PH5-0017_Black_Box_Final_Sixty_Minutes.md,06_INTELLIGENCE/Black_Box/PH5-0017_Black_Box_Final_Sixty_Minutes.md,06_INTELLIGENCE,normalized,CORE,Stable
PH5-0018,PH5-0018 — Mission Timeline,Operations,13_PHASE_RECOVERY/Phase_04_to_05/PH5-0018_Mission_Timeline.md,05_OPERATIONS/Mission_Lifecycle/PH5-0018_Mission_Timeline.md,05_OPERATIONS,normalized,CORE,Stable
PH5-0019,PH5-0019 — Invisible Timeline,Archives,13_PHASE_RECOVERY/Phase_04_to_05/PH5-0019_Invisible_Timeline.md,08_ARCHIVES/Memory_Objects/PH5-0019_Invisible_Timeline.md,08_ARCHIVES,normalized,CORE,Stable
PH5-0020,PH5-0020 — Chain of Failure,Archives,13_PHASE_RECOVERY/Phase_04_to_05/PH5-0020_Chain_of_Failure.md,06_INTELLIGENCE/Behavior_Analysis/PH5-0020_Chain_of_Failure.md,06_INTELLIGENCE,normalized,CORE,Stable
PH5-0021,PH5-0021 — Chain of Excellence,Archives,13_PHASE_RECOVERY/Phase_04_to_05/PH5-0021_Chain_of_Excellence.md,06_INTELLIGENCE/Behavior_Analysis/PH5-0021_Chain_of_Excellence.md,06_INTELLIGENCE,normalized,IMPORTANT,Evolving
PH5-0022,PH5-0022 — Butterfly Effect Engine,Intelligence,13_PHASE_RECOVERY/Phase_04_to_05/PH5-0022_Butterfly_Effect_Engine.md,06_INTELLIGENCE/Behavior_Analysis/PH5-0022_Butterfly_Effect_Engine.md,06_INTELLIGENCE,normalized,IMPORTANT,Evolving
PH5-0023,PH5-0023 — Mission Forks,Operations,13_PHASE_RECOVERY/Phase_04_to_05/PH5-0023_Mission_Forks.md,05_OPERATIONS/Mission_Lifecycle/PH5-0023_Mission_Forks.md,05_OPERATIONS,normalized,IMPORTANT,Evolving
PH5-0024,PH5-0024 — Point of No Return Detector,Guardian,13_PHASE_RECOVERY/Phase_04_to_05/PH5-0024_Point_of_No_Return_Detector.md,02_INSTITUTION/Departments/PH5-0024_Point_of_No_Return_Detector.md,02_INSTITUTION,normalized,CORE,Stable
PH5-0025,PH5-0025 — Intervention Ladder,Guardian,13_PHASE_RECOVERY/Phase_04_to_05/PH5-0025_Intervention_Ladder.md,02_INSTITUTION/Departments/PH5-0025_Intervention_Ladder.md,02_INSTITUTION,normalized,CORE,Stable
PH5-0026,PH5-0026 — Mission Pulse,Operator,13_PHASE_RECOVERY/Phase_04_to_05/PH5-0026_Mission_Pulse.md,04_OPERATOR/Behavioral_Systems/PH5-0026_Mission_Pulse.md,04_OPERATOR,normalized,IMPORTANT,Evolving
PH5-0027,PH5-0027 — Mission DNA,Archives,13_PHASE_RECOVERY/Phase_04_to_05/PH5-0027_Mission_DNA.md,05_OPERATIONS/Mission_Lifecycle/PH5-0027_Mission_DNA.md,05_OPERATIONS,normalized,IMPORTANT,Evolving
PH5-0028,PH5-0028 — Hall of Decisions,Building,13_PHASE_RECOVERY/Phase_04_to_05/PH5-0028_Hall_of_Decisions.md,03_BUILDING/Rooms/PH5-0028_Hall_of_Decisions.md,03_BUILDING,normalized,IMPORTANT,Evolving
PH5-0029,PH5-0029 — Institutional Memory Engine,Archives,13_PHASE_RECOVERY/Phase_04_to_05/PH5-0029_Institutional_Memory_Engine.md,02_INSTITUTION/Departments/PH5-0029_Institutional_Memory_Engine.md,02_INSTITUTION,normalized,CORE,Stable
PH5-0030,PH5-0030 — Legacy Tree,Legacy,13_PHASE_RECOVERY/Phase_04_to_05/PH5-0030_Legacy_Tree.md,12_LEGACY/Long_Term/PH5-0030_Legacy_Tree.md,12_LEGACY,normalized,IMPORTANT,Evolving
PH5-0031,PH5-0031 — Behavioral Cascade Engine,Intelligence,13_PHASE_RECOVERY/Phase_04_to_05/PH5-0031_Behavioral_Cascade_Engine.md,04_OPERATOR/Behavioral_Systems/PH5-0031_Behavioral_Cascade_Engine.md,04_OPERATOR,normalized,CORE,Stable
PH5-0032,PH5-0032 — Precursor Library,Intelligence,13_PHASE_RECOVERY/Phase_04_to_05/PH5-0032_Precursor_Library.md,06_INTELLIGENCE/Pattern_Recognition/PH5-0032_Precursor_Library.md,06_INTELLIGENCE,normalized,CORE,Stable
PH5-0033,PH5-0033 — Project Chimera,Intelligence,13_PHASE_RECOVERY/Phase_04_to_05/PH5-0033_Project_Chimera.md,06_INTELLIGENCE/Behavior_Analysis/PH5-0033_Project_Chimera.md,06_INTELLIGENCE,normalized,IMPORTANT,Evolving
PH5-0034,PH5-0034 — Behavioral Weather Forecast,Operator,13_PHASE_RECOVERY/Phase_04_to_05/PH5-0034_Behavioral_Weather_Forecast.md,03_BUILDING/Environmental_Systems/PH5-0034_Behavioral_Weather_Forecast.md,03_BUILDING,normalized,IMPORTANT,Evolving
PH5-0035,PH5-0035 — Emotional Pressure System,Medical,13_PHASE_RECOVERY/Phase_04_to_05/PH5-0035_Emotional_Pressure_System.md,02_INSTITUTION/Departments/PH5-0035_Emotional_Pressure_System.md,02_INSTITUTION,normalized,IMPORTANT,Evolving
PH5-0036,PH5-0036 — Mission Momentum Engine,Operations,13_PHASE_RECOVERY/Phase_04_to_05/PH5-0036_Mission_Momentum_Engine.md,05_OPERATIONS/Mission_Lifecycle/PH5-0036_Mission_Momentum_Engine.md,05_OPERATIONS,normalized,IMPORTANT,Evolving
PH5-0037,PH5-0037 — Cascade Predictor,Guardian,13_PHASE_RECOVERY/Phase_04_to_05/PH5-0037_Cascade_Predictor.md,02_INSTITUTION/Departments/PH5-0037_Cascade_Predictor.md,02_INSTITUTION,normalized,CORE,Stable
PH5-0038,PH5-0038 — Operation Echoes,Historian,13_PHASE_RECOVERY/Phase_04_to_05/PH5-0038_Operation_Echoes.md,02_INSTITUTION/Departments/PH5-0038_Operation_Echoes.md,02_INSTITUTION,normalized,IMPORTANT,Evolving
PH5-0039,PH5-0039 — Ghost Evolution Engine,Intelligence,13_PHASE_RECOVERY/Phase_04_to_05/PH5-0039_Ghost_Evolution_Engine.md,06_INTELLIGENCE/Ghost/PH5-0039_Ghost_Evolution_Engine.md,06_INTELLIGENCE,normalized,CORE,Stable
PH5-0040,PH5-0040 — Ghost Comparison,Interface,13_PHASE_RECOVERY/Phase_04_to_05/PH5-0040_Ghost_Comparison.md,06_INTELLIGENCE/Ghost/PH5-0040_Ghost_Comparison.md,06_INTELLIGENCE,normalized,CORE,Stable
PH5-0041,PH5-0041 — Legacy Projection Room,Building,13_PHASE_RECOVERY/Phase_04_to_05/PH5-0041_Legacy_Projection_Room.md,03_BUILDING/Rooms/PH5-0041_Legacy_Projection_Room.md,03_BUILDING,normalized,IMPORTANT,Evolving
PH5-0042,PH5-0042 — Guardian Protocol Level II,Guardian,13_PHASE_RECOVERY/Phase_04_to_05/PH5-0042_Guardian_Protocol_Level_II.md,02_INSTITUTION/Protocols/PH5-0042_Guardian_Protocol_Level_II.md,02_INSTITUTION,normalized,IMPORTANT,Evolving
PH5-0043,PH5-0043 — Dangerous Phrase Library,Internal Affairs,13_PHASE_RECOVERY/Phase_04_to_05/PH5-0043_Dangerous_Phrase_Library.md,02_INSTITUTION/Departments/PH5-0043_Dangerous_Phrase_Library.md,02_INSTITUTION,normalized,CORE,Stable
PH5-0044,PH5-0044 — Recovery Signature,Medical,13_PHASE_RECOVERY/Phase_04_to_05/PH5-0044_Recovery_Signature.md,02_INSTITUTION/Departments/PH5-0044_Recovery_Signature.md,02_INSTITUTION,normalized,IMPORTANT,Evolving
PH5-0045,PH5-0045 — Strategy Chamber,Building,13_PHASE_RECOVERY/Phase_04_to_05/PH5-0045_Strategy_Chamber.md,03_BUILDING/Rooms/PH5-0045_Strategy_Chamber.md,03_BUILDING,normalized,IMPORTANT,Evolving
PH5-0046,PH5-0046 — AI Purpose Principle,Constitution,13_PHASE_RECOVERY/Phase_04_to_05/PH5-0046_AI_Purpose_Principle.md,01_CONSTITUTION/Principles/PH5-0046_AI_Purpose_Principle.md,01_CONSTITUTION,normalized,FOUNDATIONAL,Immutable
PH5-0047,PH5-0047 — Decision Integrity Engine,Intelligence,13_PHASE_RECOVERY/Phase_04_to_05/PH5-0047_Decision_Integrity_Engine.md,06_INTELLIGENCE/Behavior_Analysis/PH5-0047_Decision_Integrity_Engine.md,06_INTELLIGENCE,normalized,CORE,Stable
PH5-0048,PH5-0048 — Decision Weighting,Intelligence,13_PHASE_RECOVERY/Phase_04_to_05/PH5-0048_Decision_Weighting.md,06_INTELLIGENCE/Behavior_Analysis/PH5-0048_Decision_Weighting.md,06_INTELLIGENCE,normalized,CORE,Stable
PH5-0049,PH5-0049 — Critical Decision Tree,Debrief,13_PHASE_RECOVERY/Phase_04_to_05/PH5-0049_Critical_Decision_Tree.md,05_OPERATIONS/Debrief/PH5-0049_Critical_Decision_Tree.md,05_OPERATIONS,normalized,IMPORTANT,Evolving
PH5-0050,PH5-0050 — Butterfly Room,Building,13_PHASE_RECOVERY/Phase_04_to_05/PH5-0050_Butterfly_Room.md,03_BUILDING/Rooms/PH5-0050_Butterfly_Room.md,03_BUILDING,normalized,IMPORTANT,Evolving
PH5-0051,PH5-0051 — Decision Debt,Operator,13_PHASE_RECOVERY/Phase_04_to_05/PH5-0051_Decision_Debt.md,04_OPERATOR/Behavioral_Systems/PH5-0051_Decision_Debt.md,04_OPERATOR,normalized,IMPORTANT,Evolving
PH5-0052,PH5-0052 — Discipline Interest,Operator,13_PHASE_RECOVERY/Phase_04_to_05/PH5-0052_Discipline_Interest.md,04_OPERATOR/Behavioral_Systems/PH5-0052_Discipline_Interest.md,04_OPERATOR,normalized,IMPORTANT,Evolving
PH5-0053,PH5-0053 — Tactical Compass,Interface,13_PHASE_RECOVERY/Phase_04_to_05/PH5-0053_Tactical_Compass.md,04_OPERATOR/Behavioral_Systems/PH5-0053_Tactical_Compass.md,04_OPERATOR,normalized,CORE,Stable
PH5-0054,PH5-0054 — Headquarters Balance,Operator,13_PHASE_RECOVERY/Phase_04_to_05/PH5-0054_Headquarters_Balance.md,04_OPERATOR/Behavioral_Systems/PH5-0054_Headquarters_Balance.md,04_OPERATOR,normalized,IMPORTANT,Evolving
PH5-0055,PH5-0055 — Decision Pressure Map,Intelligence,13_PHASE_RECOVERY/Phase_04_to_05/PH5-0055_Decision_Pressure_Map.md,06_INTELLIGENCE/Behavior_Analysis/PH5-0055_Decision_Pressure_Map.md,06_INTELLIGENCE,normalized,IMPORTANT,Evolving
PH5-0056,PH5-0056 — Operations Sandbox,Academy,13_PHASE_RECOVERY/Phase_04_to_05/PH5-0056_Operations_Sandbox.md,11_ACADEMY/Training_Protocols/PH5-0056_Operations_Sandbox.md,11_ACADEMY,normalized,IMPORTANT,Evolving
PH5-0057,PH5-0057 — Guardian Protocol Level III,Guardian,13_PHASE_RECOVERY/Phase_04_to_05/PH5-0057_Guardian_Protocol_Level_III.md,02_INSTITUTION/Protocols/PH5-0057_Guardian_Protocol_Level_III.md,02_INSTITUTION,normalized,IMPORTANT,Evolving
PH5-0058,PH5-0058 — Golden Week Protocol,Guardian,13_PHASE_RECOVERY/Phase_04_to_05/PH5-0058_Golden_Week_Protocol.md,02_INSTITUTION/Protocols/PH5-0058_Golden_Week_Protocol.md,02_INSTITUTION,normalized,CORE,Stable
PH5-0059,PH5-0059 — Operator Seasons,Operations,13_PHASE_RECOVERY/Phase_04_to_05/PH5-0059_Operator_Seasons.md,04_OPERATOR/Behavioral_Systems/PH5-0059_Operator_Seasons.md,04_OPERATOR,normalized,IMPORTANT,Evolving
PH5-0060,PH5-0060 — Mission Forecast Room,Building,13_PHASE_RECOVERY/Phase_04_to_05/PH5-0060_Mission_Forecast_Room.md,03_BUILDING/Rooms/PH5-0060_Mission_Forecast_Room.md,03_BUILDING,normalized,IMPORTANT,Evolving
PH5-0061,PH5-0061 — Career Constitution,Legacy,13_PHASE_RECOVERY/Phase_04_to_05/PH5-0061_Career_Constitution.md,01_CONSTITUTION/Principles/PH5-0061_Career_Constitution.md,01_CONSTITUTION,normalized,IMPORTANT,Evolving
PH5-0062,PH5-0062 — Operator Compass,Interface,13_PHASE_RECOVERY/Phase_04_to_05/PH5-0062_Operator_Compass.md,04_OPERATOR/Behavioral_Systems/PH5-0062_Operator_Compass.md,04_OPERATOR,normalized,CORE,Stable
PH5-0063,PH5-0063 — Behavioral Gyroscope,Interface,13_PHASE_RECOVERY/Phase_04_to_05/PH5-0063_Behavioral_Gyroscope.md,04_OPERATOR/Behavioral_Systems/PH5-0063_Behavioral_Gyroscope.md,04_OPERATOR,normalized,IMPORTANT,Evolving
PH5-0064,PH5-0064 — Artificial Horizon,Interface,13_PHASE_RECOVERY/Phase_04_to_05/PH5-0064_Artificial_Horizon.md,04_OPERATOR/Behavioral_Systems/PH5-0064_Artificial_Horizon.md,04_OPERATOR,normalized,CORE,Stable
PH5-0065,PH5-0065 — Psychological Wind Indicator,Interface,13_PHASE_RECOVERY/Phase_04_to_05/PH5-0065_Psychological_Wind_Indicator.md,09_INTERFACE/Screens/PH5-0065_Psychological_Wind_Indicator.md,09_INTERFACE,normalized,IMPORTANT,Evolving
PH5-0066,PH5-0066 — Gravity Room,Building,13_PHASE_RECOVERY/Phase_04_to_05/PH5-0066_Gravity_Room.md,03_BUILDING/Rooms/PH5-0066_Gravity_Room.md,03_BUILDING,normalized,IMPORTANT,Evolving
PH5-0067,PH5-0067 — Technical Recorder,Archives,13_PHASE_RECOVERY/Phase_04_to_05/PH5-0067_Technical_Recorder.md,08_ARCHIVES/Memory_Objects/PH5-0067_Technical_Recorder.md,08_ARCHIVES,normalized,IMPORTANT,Evolving
PH5-0068,PH5-0068 — Behavioral Recorder,Archives,13_PHASE_RECOVERY/Phase_04_to_05/PH5-0068_Behavioral_Recorder.md,04_OPERATOR/Behavioral_Systems/PH5-0068_Behavioral_Recorder.md,04_OPERATOR,normalized,CORE,Stable
PH5-0069,PH5-0069 — Five Engines Architecture,HQOS,13_PHASE_RECOVERY/Phase_04_to_05/PH5-0069_Five_Engines_Architecture.md,07_HQOS/Kernel/PH5-0069_Five_Engines_Architecture.md,07_HQOS,normalized,CORE,Stable
PH5-0070,PH5-0070 — General Staff Model,Institution,13_PHASE_RECOVERY/Phase_04_to_05/PH5-0070_General_Staff_Model.md,02_INSTITUTION/Departments/PH5-0070_General_Staff_Model.md,02_INSTITUTION,normalized,CORE,Stable
PH5-0071,PH5-0071 — Medical Officer Recovery Prompt,Medical,13_PHASE_RECOVERY/Phase_04_to_05/PH5-0071_Medical_Officer_Recovery_Prompt.md,02_INSTITUTION/Departments/PH5-0071_Medical_Officer_Recovery_Prompt.md,02_INSTITUTION,normalized,IMPORTANT,Evolving
PH5-0072,PH5-0072 — Engineer Sunday Maintenance,Engineering,13_PHASE_RECOVERY/Phase_04_to_05/PH5-0072_Engineer_Sunday_Maintenance.md,02_INSTITUTION/Departments/PH5-0072_Engineer_Sunday_Maintenance.md,02_INSTITUTION,normalized,IMPORTANT,Evolving
PH5-0073,PH5-0073 — Intelligence Officer Three Observations,Intelligence,13_PHASE_RECOVERY/Phase_04_to_05/PH5-0073_Intelligence_Officer_Three_Observations.md,03_BUILDING/Rooms/PH5-0073_Intelligence_Officer_Three_Observations.md,03_BUILDING,normalized,IMPORTANT,Evolving
PH5-0074,PH5-0074 — Operations Officer Procedural Voice,Operations,13_PHASE_RECOVERY/Phase_04_to_05/PH5-0074_Operations_Officer_Procedural_Voice.md,02_INSTITUTION/Departments/PH5-0074_Operations_Officer_Procedural_Voice.md,02_INSTITUTION,normalized,CORE,Stable
PH5-0075,PH5-0075 — Shift Changes,HQOS,13_PHASE_RECOVERY/Phase_04_to_05/PH5-0075_Shift_Changes.md,07_HQOS/Kernel/PH5-0075_Shift_Changes.md,07_HQOS,normalized,IMPORTANT,Evolving
PH5-0076,PH5-0076 — Campaign Table,Building,13_PHASE_RECOVERY/Phase_04_to_05/PH5-0076_Campaign_Table.md,03_BUILDING/Rooms/PH5-0076_Campaign_Table.md,03_BUILDING,normalized,CORE,Stable
PH5-0077,PH5-0077 — Decision Radius,Interface,13_PHASE_RECOVERY/Phase_04_to_05/PH5-0077_Decision_Radius.md,09_INTERFACE/Screens/PH5-0077_Decision_Radius.md,09_INTERFACE,normalized,IMPORTANT,Evolving
PH5-0078,PH5-0078 — Legacy Wall,Legacy,13_PHASE_RECOVERY/Phase_04_to_05/PH5-0078_Legacy_Wall.md,12_LEGACY/Long_Term/PH5-0078_Legacy_Wall.md,12_LEGACY,normalized,IMPORTANT,Evolving
PH5-0079,PH5-0079 — Command Chair Floor Inscription,Building,13_PHASE_RECOVERY/Phase_04_to_05/PH5-0079_Command_Chair_Floor_Inscription.md,03_BUILDING/Symbolic_Objects/PH5-0079_Command_Chair_Floor_Inscription.md,03_BUILDING,normalized,IMPORTANT,Evolving
PH5-0080,PH5-0080 — Professional Operating Environment Principle,Constitution,13_PHASE_RECOVERY/Phase_04_to_05/PH5-0080_Professional_Operating_Environment_Principle.md,01_CONSTITUTION/Principles/PH5-0080_Professional_Operating_Environment_Principle.md,01_CONSTITUTION,normalized,FOUNDATIONAL,Immutable
PH5-0081,PH5-0081 — Mission Control Comparison Principle,Constitution,13_PHASE_RECOVERY/Phase_04_to_05/PH5-0081_Mission_Control_Comparison_Principle.md,01_CONSTITUTION/Principles/PH5-0081_Mission_Control_Comparison_Principle.md,01_CONSTITUTION,normalized,IMPORTANT,Evolving
PH5-0082,PH5-0082 — Identity Stability Metric,Operator,13_PHASE_RECOVERY/Phase_04_to_05/PH5-0082_Identity_Stability_Metric.md,04_OPERATOR/Identity/PH5-0082_Identity_Stability_Metric.md,04_OPERATOR,normalized,CORE,Stable
PH5-0083,PH5-0083 — Professional Alignment Score,Operator,13_PHASE_RECOVERY/Phase_04_to_05/PH5-0083_Professional_Alignment_Score.md,04_OPERATOR/Behavioral_Systems/PH5-0083_Professional_Alignment_Score.md,04_OPERATOR,normalized,CORE,Stable
PH5-0084,PH5-0084 — Behavior Match Confidence,Intelligence,13_PHASE_RECOVERY/Phase_04_to_05/PH5-0084_Behavior_Match_Confidence.md,04_OPERATOR/Behavioral_Systems/PH5-0084_Behavior_Match_Confidence.md,04_OPERATOR,normalized,CORE,Stable
PH5-0085,PH5-0085 — Intervention Confidence Scoring,Intelligence,13_PHASE_RECOVERY/Phase_04_to_05/PH5-0085_Intervention_Confidence_Scoring.md,06_INTELLIGENCE/Behavior_Analysis/PH5-0085_Intervention_Confidence_Scoring.md,06_INTELLIGENCE,normalized,CORE,Stable
PH5-0086,PH5-0086 — Mission Reconstruction View,Debrief,13_PHASE_RECOVERY/Phase_04_to_05/PH5-0086_Mission_Reconstruction_View.md,05_OPERATIONS/Debrief/PH5-0086_Mission_Reconstruction_View.md,05_OPERATIONS,normalized,CORE,Stable
PH5-0087,PH5-0087 — Alternative Timeline View,Debrief,13_PHASE_RECOVERY/Phase_04_to_05/PH5-0087_Alternative_Timeline_View.md,05_OPERATIONS/Debrief/PH5-0087_Alternative_Timeline_View.md,05_OPERATIONS,normalized,IMPORTANT,Evolving
PH5-0088,PH5-0088 — Decision Quality vs Execution Score,Debrief,13_PHASE_RECOVERY/Phase_04_to_05/PH5-0088_Decision_Quality_vs_Execution_Score.md,05_OPERATIONS/Debrief/PH5-0088_Decision_Quality_vs_Execution_Score.md,05_OPERATIONS,normalized,CORE,Stable
PH5-0089,PH5-0089 — Outcome Separation Rule,Constitution,13_PHASE_RECOVERY/Phase_04_to_05/PH5-0089_Outcome_Separation_Rule.md,01_CONSTITUTION/Principles/PH5-0089_Outcome_Separation_Rule.md,01_CONSTITUTION,normalized,FOUNDATIONAL,Immutable
PH5-0090,PH5-0090 — Precursor Sequence Alert,Guardian,13_PHASE_RECOVERY/Phase_04_to_05/PH5-0090_Precursor_Sequence_Alert.md,02_INSTITUTION/Departments/PH5-0090_Precursor_Sequence_Alert.md,02_INSTITUTION,normalized,CORE,Stable
PH6-0001,PH6-0001 — Doctrine Engine,Intelligence,13_PHASE_RECOVERY/Phase_05_to_06/PH6-0001_Doctrine_Engine.md,06_INTELLIGENCE/Behavior_Analysis/PH6-0001_Doctrine_Engine.md,06_INTELLIGENCE,normalized,CORE,Stable
PH6-0002,PH6-0002 — Doctrine Levels,Doctrine,13_PHASE_RECOVERY/Phase_05_to_06/PH6-0002_Doctrine_Levels.md,08_ARCHIVES/Doctrine/PH6-0002_Doctrine_Levels.md,08_ARCHIVES,normalized,CORE,Stable
PH6-0003,PH6-0003 — Evidence Collection Started State,Doctrine,13_PHASE_RECOVERY/Phase_05_to_06/PH6-0003_Evidence_Collection_Started_State.md,08_ARCHIVES/Doctrine/PH6-0003_Evidence_Collection_Started_State.md,08_ARCHIVES,normalized,IMPORTANT,Stable
PH6-0004,PH6-0004 — Doctrine Printer Ceremony,Experience,13_PHASE_RECOVERY/Phase_05_to_06/PH6-0004_Doctrine_Printer_Ceremony.md,08_ARCHIVES/Doctrine/PH6-0004_Doctrine_Printer_Ceremony.md,08_ARCHIVES,normalized,IMPORTANT,Stable
PH6-0005,PH6-0005 — Doctrine Chamber,Building,13_PHASE_RECOVERY/Phase_05_to_06/PH6-0005_Doctrine_Chamber.md,03_BUILDING/Rooms/PH6-0005_Doctrine_Chamber.md,03_BUILDING,normalized,IMPORTANT,Stable
PH6-0006,PH6-0006 — Rule Graveyard,Archives,13_PHASE_RECOVERY/Phase_05_to_06/PH6-0006_Rule_Graveyard.md,08_ARCHIVES/Doctrine/PH6-0006_Rule_Graveyard.md,08_ARCHIVES,normalized,IMPORTANT,Stable
PH6-0007,PH6-0007 — Doctrine Wars,Research,13_PHASE_RECOVERY/Phase_05_to_06/PH6-0007_Doctrine_Wars.md,08_ARCHIVES/Doctrine/PH6-0007_Doctrine_Wars.md,08_ARCHIVES,normalized,IMPORTANT,Stable
PH6-0008,PH6-0008 — Exceptional Authorization,Operations,13_PHASE_RECOVERY/Phase_05_to_06/PH6-0008_Exceptional_Authorization.md,05_OPERATIONS/Authorization/PH6-0008_Exceptional_Authorization.md,05_OPERATIONS,normalized,CORE,Stable
PH6-0009,PH6-0009 — False Rule Detection,Intelligence,13_PHASE_RECOVERY/Phase_05_to_06/PH6-0009_False_Rule_Detection.md,06_INTELLIGENCE/Behavior_Analysis/PH6-0009_False_Rule_Detection.md,06_INTELLIGENCE,normalized,IMPORTANT,Stable
PH6-0010,PH6-0010 — Myth Library,Archives,13_PHASE_RECOVERY/Phase_05_to_06/PH6-0010_Myth_Library.md,08_ARCHIVES/Memory_Objects/PH6-0010_Myth_Library.md,08_ARCHIVES,normalized,IMPORTANT,Stable
PH6-0011,PH6-0011 — Doctrine Confidence,Doctrine,13_PHASE_RECOVERY/Phase_05_to_06/PH6-0011_Doctrine_Confidence.md,08_ARCHIVES/Doctrine/PH6-0011_Doctrine_Confidence.md,08_ARCHIVES,normalized,CORE,Stable
PH6-0012,PH6-0012 — Living SOP,Operations,13_PHASE_RECOVERY/Phase_05_to_06/PH6-0012_Living_SOP.md,10_ENGINEERING/Architecture/PH6-0012_Living_SOP.md,10_ENGINEERING,normalized,CORE,Stable
PH6-0013,PH6-0013 — Operational Doctrine Trees,Doctrine,13_PHASE_RECOVERY/Phase_05_to_06/PH6-0013_Operational_Doctrine_Trees.md,08_ARCHIVES/Doctrine/PH6-0013_Operational_Doctrine_Trees.md,08_ARCHIVES,normalized,IMPORTANT,Stable
PH6-0014,PH6-0014 — Personal Laws of Nature,Intelligence,13_PHASE_RECOVERY/Phase_05_to_06/PH6-0014_Personal_Laws_of_Nature.md,06_INTELLIGENCE/Behavior_Analysis/PH6-0014_Personal_Laws_of_Nature.md,06_INTELLIGENCE,normalized,IMPORTANT,Stable
PH6-0015,PH6-0015 — Complacency Division,Institution,13_PHASE_RECOVERY/Phase_05_to_06/PH6-0015_Complacency_Division.md,02_INSTITUTION/Departments/PH6-0015_Complacency_Division.md,02_INSTITUTION,normalized,CORE,Stable
PH6-0016,PH6-0016 — Success Monitoring,Guardian,13_PHASE_RECOVERY/Phase_05_to_06/PH6-0016_Success_Monitoring.md,02_INSTITUTION/Departments/PH6-0016_Success_Monitoring.md,02_INSTITUTION,normalized,CORE,Stable
PH6-0017,PH6-0017 — Success Drift,Behavior,13_PHASE_RECOVERY/Phase_05_to_06/PH6-0017_Success_Drift.md,04_OPERATOR/Behavioral_Systems/PH6-0017_Success_Drift.md,04_OPERATOR,normalized,CORE,Stable
PH6-0018,PH6-0018 — Confidence Ceiling,Behavior,13_PHASE_RECOVERY/Phase_05_to_06/PH6-0018_Confidence_Ceiling.md,04_OPERATOR/Behavioral_Systems/PH6-0018_Confidence_Ceiling.md,04_OPERATOR,normalized,IMPORTANT,Stable
PH6-0019,PH6-0019 — Professional Paradox,Constitution,13_PHASE_RECOVERY/Phase_05_to_06/PH6-0019_Professional_Paradox.md,01_CONSTITUTION/Principles/PH6-0019_Professional_Paradox.md,01_CONSTITUTION,normalized,IMPORTANT,Stable
PH6-0020,PH6-0020 — Guardian Phase II Humility Protection,Guardian,13_PHASE_RECOVERY/Phase_05_to_06/PH6-0020_Guardian_Phase_II_Humility_Protection.md,02_INSTITUTION/Departments/PH6-0020_Guardian_Phase_II_Humility_Protection.md,02_INSTITUTION,normalized,CORE,Stable
PH6-0021,PH6-0021 — Trophy Room of Evidence,Building,13_PHASE_RECOVERY/Phase_05_to_06/PH6-0021_Trophy_Room_of_Evidence.md,03_BUILDING/Rooms/PH6-0021_Trophy_Room_of_Evidence.md,03_BUILDING,normalized,IMPORTANT,Stable
PH6-0022,PH6-0022 — Hall of Fallen Giants,Building,13_PHASE_RECOVERY/Phase_05_to_06/PH6-0022_Hall_of_Fallen_Giants.md,03_BUILDING/Rooms/PH6-0022_Hall_of_Fallen_Giants.md,03_BUILDING,normalized,IMPORTANT,Stable
PH6-0023,PH6-0023 — Success With Warning Classification,Archives,13_PHASE_RECOVERY/Phase_05_to_06/PH6-0023_Success_With_Warning_Classification.md,08_ARCHIVES/Memory_Objects/PH6-0023_Success_With_Warning_Classification.md,08_ARCHIVES,normalized,IMPORTANT,Stable
PH6-0024,PH6-0024 — Decay Engine,Behavior,13_PHASE_RECOVERY/Phase_05_to_06/PH6-0024_Decay_Engine.md,04_OPERATOR/Behavioral_Systems/PH6-0024_Decay_Engine.md,04_OPERATOR,normalized,CORE,Stable
PH6-0025,PH6-0025 — Skill Maintenance,Academy,13_PHASE_RECOVERY/Phase_05_to_06/PH6-0025_Skill_Maintenance.md,06_INTELLIGENCE/Behavior_Analysis/PH6-0025_Skill_Maintenance.md,06_INTELLIGENCE,normalized,IMPORTANT,Stable
PH6-0026,PH6-0026 — Identity Insurance Policy,Operator,13_PHASE_RECOVERY/Phase_05_to_06/PH6-0026_Identity_Insurance_Policy.md,04_OPERATOR/Identity/PH6-0026_Identity_Insurance_Policy.md,04_OPERATOR,normalized,IMPORTANT,Stable
PH6-0027,PH6-0027 — Hall of Future Operators,Building,13_PHASE_RECOVERY/Phase_05_to_06/PH6-0027_Hall_of_Future_Operators.md,03_BUILDING/Rooms/PH6-0027_Hall_of_Future_Operators.md,03_BUILDING,normalized,IMPORTANT,Stable
PH6-0028,PH6-0028 — Annual Review Council,Operations,13_PHASE_RECOVERY/Phase_05_to_06/PH6-0028_Annual_Review_Council.md,02_INSTITUTION/Council/PH6-0028_Annual_Review_Council.md,02_INSTITUTION,normalized,IMPORTANT,Stable
PH6-0029,PH6-0029 — Legacy Archive,Archives,13_PHASE_RECOVERY/Phase_05_to_06/PH6-0029_Legacy_Archive.md,08_ARCHIVES/Legacy/PH6-0029_Legacy_Archive.md,08_ARCHIVES,normalized,IMPORTANT,Stable
PH6-0030,PH6-0030 — Headquarters Axiom Vote For Future,Constitution,13_PHASE_RECOVERY/Phase_05_to_06/PH6-0030_Headquarters_Axiom_Vote_For_Future.md,01_CONSTITUTION/Principles/PH6-0030_Headquarters_Axiom_Vote_For_Future.md,01_CONSTITUTION,normalized,IMPORTANT,Stable
PH6-0031,PH6-0031 — Professional Identity Management,Operator,13_PHASE_RECOVERY/Phase_05_to_06/PH6-0031_Professional_Identity_Management.md,04_OPERATOR/Identity/PH6-0031_Professional_Identity_Management.md,04_OPERATOR,normalized,CORE,Stable
PH6-0032,PH6-0032 — Headquarters Manifesto,Constitution,13_PHASE_RECOVERY/Phase_05_to_06/PH6-0032_Headquarters_Manifesto.md,01_CONSTITUTION/Principles/PH6-0032_Headquarters_Manifesto.md,01_CONSTITUTION,normalized,CORE,Stable
PH6-0033,PH6-0033 — No Manipulation Law,Constitution,13_PHASE_RECOVERY/Phase_05_to_06/PH6-0033_No_Manipulation_Law.md,01_CONSTITUTION/Principles/PH6-0033_No_Manipulation_Law.md,01_CONSTITUTION,normalized,CORE,Stable
PH6-0034,PH6-0034 — No Shame Law,Constitution,13_PHASE_RECOVERY/Phase_05_to_06/PH6-0034_No_Shame_Law.md,01_CONSTITUTION/Principles/PH6-0034_No_Shame_Law.md,01_CONSTITUTION,normalized,CORE,Stable
PH6-0035,PH6-0035 — Respect The Operator Law,Constitution,13_PHASE_RECOVERY/Phase_05_to_06/PH6-0035_Respect_The_Operator_Law.md,01_CONSTITUTION/Principles/PH6-0035_Respect_The_Operator_Law.md,01_CONSTITUTION,normalized,CORE,Stable
PH6-0036,PH6-0036 — No Money Celebration Law,Constitution,13_PHASE_RECOVERY/Phase_05_to_06/PH6-0036_No_Money_Celebration_Law.md,01_CONSTITUTION/Principles/PH6-0036_No_Money_Celebration_Law.md,01_CONSTITUTION,normalized,CORE,Stable
PH6-0037,PH6-0037 — Institutional Health,Engineering,13_PHASE_RECOVERY/Phase_05_to_06/PH6-0037_Institutional_Health.md,02_INSTITUTION/Departments/PH6-0037_Institutional_Health.md,02_INSTITUTION,normalized,IMPORTANT,Stable
PH6-0038,PH6-0038 — Engineering Oath,Engineering,13_PHASE_RECOVERY/Phase_05_to_06/PH6-0038_Engineering_Oath.md,02_INSTITUTION/Departments/PH6-0038_Engineering_Oath.md,02_INSTITUTION,normalized,CORE,Stable
PH6-0039,PH6-0039 — Headquarters Minimalism,Interface,13_PHASE_RECOVERY/Phase_05_to_06/PH6-0039_Headquarters_Minimalism.md,09_INTERFACE/Screens/PH6-0039_Headquarters_Minimalism.md,09_INTERFACE,normalized,CORE,Stable
PH6-0040,PH6-0040 — Three Second Screen Rule,Interface,13_PHASE_RECOVERY/Phase_05_to_06/PH6-0040_Three_Second_Screen_Rule.md,09_INTERFACE/Screens/PH6-0040_Three_Second_Screen_Rule.md,09_INTERFACE,normalized,IMPORTANT,Stable
PH6-0041,PH6-0041 — No Decoration Rule,Interface,13_PHASE_RECOVERY/Phase_05_to_06/PH6-0041_No_Decoration_Rule.md,09_INTERFACE/Screens/PH6-0041_No_Decoration_Rule.md,09_INTERFACE,normalized,CORE,Stable
PH6-0042,PH6-0042 — Architectural Review Board,Engineering,13_PHASE_RECOVERY/Phase_05_to_06/PH6-0042_Architectural_Review_Board.md,02_INSTITUTION/Departments/PH6-0042_Architectural_Review_Board.md,02_INSTITUTION,normalized,IMPORTANT,Stable
PH6-0043,PH6-0043 — Founder Test,Legacy,13_PHASE_RECOVERY/Phase_05_to_06/PH6-0043_Founder_Test.md,10_ENGINEERING/Testing/PH6-0043_Founder_Test.md,10_ENGINEERING,normalized,CORE,Stable
PH6-0044,PH6-0044 — Archive of Removed Features,Archives,13_PHASE_RECOVERY/Phase_05_to_06/PH6-0044_Archive_of_Removed_Features.md,08_ARCHIVES/Memory_Objects/PH6-0044_Archive_of_Removed_Features.md,08_ARCHIVES,normalized,IMPORTANT,Stable
PH6-0045,PH6-0045 — Longevity Optimization,Engineering,13_PHASE_RECOVERY/Phase_05_to_06/PH6-0045_Longevity_Optimization.md,02_INSTITUTION/Departments/PH6-0045_Longevity_Optimization.md,02_INSTITUTION,normalized,CORE,Stable
PH6-0046,PH6-0046 — Command Chair Test,Engineering,13_PHASE_RECOVERY/Phase_05_to_06/PH6-0046_Command_Chair_Test.md,02_INSTITUTION/Departments/PH6-0046_Command_Chair_Test.md,02_INSTITUTION,normalized,CORE,Stable
PH6-0047,PH6-0047 — Chain of Command,Institution,13_PHASE_RECOVERY/Phase_05_to_06/PH6-0047_Chain_of_Command.md,02_INSTITUTION/Departments/PH6-0047_Chain_of_Command.md,02_INSTITUTION,normalized,CORE,Stable
PH6-0048,PH6-0048 — Command Authority Detection,Operator,13_PHASE_RECOVERY/Phase_05_to_06/PH6-0048_Command_Authority_Detection.md,04_OPERATOR/Behavioral_Systems/PH6-0048_Command_Authority_Detection.md,04_OPERATOR,normalized,CORE,Stable
PH6-0049,PH6-0049 — Acting Commander States,Operator,13_PHASE_RECOVERY/Phase_05_to_06/PH6-0049_Acting_Commander_States.md,02_INSTITUTION/Departments/PH6-0049_Acting_Commander_States.md,02_INSTITUTION,normalized,IMPORTANT,Stable
PH6-0050,PH6-0050 — Emergency Succession,Guardian,13_PHASE_RECOVERY/Phase_05_to_06/PH6-0050_Emergency_Succession.md,02_INSTITUTION/Departments/PH6-0050_Emergency_Succession.md,02_INSTITUTION,normalized,CORE,Stable
PH6-0051,PH6-0051 — Command Transfer Ceremony,Experience,13_PHASE_RECOVERY/Phase_05_to_06/PH6-0051_Command_Transfer_Ceremony.md,10_ENGINEERING/Architecture/PH6-0051_Command_Transfer_Ceremony.md,10_ENGINEERING,normalized,IMPORTANT,Stable
PH6-0052,PH6-0052 — Rules of Engagement,Operations,13_PHASE_RECOVERY/Phase_05_to_06/PH6-0052_Rules_of_Engagement.md,10_ENGINEERING/Architecture/PH6-0052_Rules_of_Engagement.md,10_ENGINEERING,normalized,CORE,Stable
PH6-0053,PH6-0053 — Authority Levels,HQOS,13_PHASE_RECOVERY/Phase_05_to_06/PH6-0053_Authority_Levels.md,07_HQOS/Kernel/PH6-0053_Authority_Levels.md,07_HQOS,normalized,IMPORTANT,Stable
PH6-0054,PH6-0054 — Operations Journal,Archives,13_PHASE_RECOVERY/Phase_05_to_06/PH6-0054_Operations_Journal.md,08_ARCHIVES/Memory_Objects/PH6-0054_Operations_Journal.md,08_ARCHIVES,normalized,IMPORTANT,Stable
PH6-0055,PH6-0055 — Situation Room,Building,13_PHASE_RECOVERY/Phase_05_to_06/PH6-0055_Situation_Room.md,03_BUILDING/Rooms/PH6-0055_Situation_Room.md,03_BUILDING,normalized,IMPORTANT,Stable
PH6-0056,PH6-0056 — Command Ledger,Archives,13_PHASE_RECOVERY/Phase_05_to_06/PH6-0056_Command_Ledger.md,08_ARCHIVES/Memory_Objects/PH6-0056_Command_Ledger.md,08_ARCHIVES,normalized,CORE,Stable
PH6-0057,PH6-0057 — Operational Readiness Conditions,Operations,13_PHASE_RECOVERY/Phase_05_to_06/PH6-0057_Operational_Readiness_Conditions.md,10_ENGINEERING/Architecture/PH6-0057_Operational_Readiness_Conditions.md,10_ENGINEERING,normalized,CORE,Stable
PH6-0058,PH6-0058 — Permission To Deploy,Operations,13_PHASE_RECOVERY/Phase_05_to_06/PH6-0058_Permission_To_Deploy.md,05_OPERATIONS/Mission_Lifecycle/PH6-0058_Permission_To_Deploy.md,05_OPERATIONS,normalized,CORE,Stable
PH6-0059,PH6-0059 — Chair Never Lies Symbol,Interface,13_PHASE_RECOVERY/Phase_05_to_06/PH6-0059_Chair_Never_Lies_Symbol.md,03_BUILDING/Symbolic_Objects/PH6-0059_Chair_Never_Lies_Symbol.md,03_BUILDING,normalized,IMPORTANT,Stable
PH6-0060,PH6-0060 — Operator Passport,Operator,13_PHASE_RECOVERY/Phase_05_to_06/PH6-0060_Operator_Passport.md,04_OPERATOR/Behavioral_Systems/PH6-0060_Operator_Passport.md,04_OPERATOR,normalized,IMPORTANT,Stable
PH6-0061,PH6-0061 — Monday Flag Raising Ceremony,Experience,13_PHASE_RECOVERY/Phase_05_to_06/PH6-0061_Monday_Flag_Raising_Ceremony.md,06_INTELLIGENCE/Behavior_Analysis/PH6-0061_Monday_Flag_Raising_Ceremony.md,06_INTELLIGENCE,normalized,IMPORTANT,Stable
PH6-0062,PH6-0062 — Last Resort Protocol,Guardian,13_PHASE_RECOVERY/Phase_05_to_06/PH6-0062_Last_Resort_Protocol.md,02_INSTITUTION/Protocols/PH6-0062_Last_Resort_Protocol.md,02_INSTITUTION,normalized,CORE,Stable
PH6-0063,PH6-0063 — Principle of Command,Constitution,13_PHASE_RECOVERY/Phase_05_to_06/PH6-0063_Principle_of_Command.md,01_CONSTITUTION/Principles/PH6-0063_Principle_of_Command.md,01_CONSTITUTION,normalized,CORE,Stable
PH6-0064,PH6-0064 — Daily Command Chair Question,Debrief,13_PHASE_RECOVERY/Phase_05_to_06/PH6-0064_Daily_Command_Chair_Question.md,03_BUILDING/Symbolic_Objects/PH6-0064_Daily_Command_Chair_Question.md,03_BUILDING,normalized,IMPORTANT,Stable
PH6-0065,PH6-0065 — Headquarters Exists When Market Closed,Operations,13_PHASE_RECOVERY/Phase_05_to_06/PH6-0065_Headquarters_Exists_When_Market_Closed.md,10_ENGINEERING/Architecture/PH6-0065_Headquarters_Exists_When_Market_Closed.md,10_ENGINEERING,normalized,CORE,Stable
PH6-0066,PH6-0066 — Operations Calendar,Operations,13_PHASE_RECOVERY/Phase_05_to_06/PH6-0066_Operations_Calendar.md,10_ENGINEERING/Architecture/PH6-0066_Operations_Calendar.md,10_ENGINEERING,normalized,IMPORTANT,Stable
PH6-0067,PH6-0067 — Ambient Department Activity,Building,13_PHASE_RECOVERY/Phase_05_to_06/PH6-0067_Ambient_Department_Activity.md,02_INSTITUTION/Departments/PH6-0067_Ambient_Department_Activity.md,02_INSTITUTION,normalized,OPTIONAL,Stable
PH6-0068,PH6-0068 — Founders Office Locked Door,Legacy,13_PHASE_RECOVERY/Phase_05_to_06/PH6-0068_Founders_Office_Locked_Door.md,03_BUILDING/Rooms/PH6-0068_Founders_Office_Locked_Door.md,03_BUILDING,normalized,IMPORTANT,Stable
PH6-0069,PH6-0069 — Silence As Approval,Experience,13_PHASE_RECOVERY/Phase_05_to_06/PH6-0069_Silence_As_Approval.md,10_ENGINEERING/Architecture/PH6-0069_Silence_As_Approval.md,10_ENGINEERING,normalized,CORE,Stable
PH6-0070,PH6-0070 — Observation Protocol,Operations,13_PHASE_RECOVERY/Phase_05_to_06/PH6-0070_Observation_Protocol.md,10_ENGINEERING/Architecture/PH6-0070_Observation_Protocol.md,10_ENGINEERING,normalized,CORE,Stable
PH6-0071,PH6-0071 — Invisible Victories Recognition,Recognition,13_PHASE_RECOVERY/Phase_05_to_06/PH6-0071_Invisible_Victories_Recognition.md,10_ENGINEERING/Architecture/PH6-0071_Invisible_Victories_Recognition.md,10_ENGINEERING,normalized,CORE,Stable
PH6-0072,PH6-0072 — Doctrine Flame,Building,13_PHASE_RECOVERY/Phase_05_to_06/PH6-0072_Doctrine_Flame.md,03_BUILDING/Symbolic_Objects/PH6-0072_Doctrine_Flame.md,03_BUILDING,normalized,IMPORTANT,Stable
PH6-0073,PH6-0073 — Legacy Transfer,Legacy,13_PHASE_RECOVERY/Phase_05_to_06/PH6-0073_Legacy_Transfer.md,12_LEGACY/Long_Term/PH6-0073_Legacy_Transfer.md,12_LEGACY,normalized,OPTIONAL,Stable
PH6-0074,PH6-0074 — Institutional Memory Core,Archives,13_PHASE_RECOVERY/Phase_05_to_06/PH6-0074_Institutional_Memory_Core.md,02_INSTITUTION/Departments/PH6-0074_Institutional_Memory_Core.md,02_INSTITUTION,normalized,CORE,Stable
PH6-0075,PH6-0075 — Five Mission Artifacts,Archives,13_PHASE_RECOVERY/Phase_05_to_06/PH6-0075_Five_Mission_Artifacts.md,05_OPERATIONS/Mission_Lifecycle/PH6-0075_Five_Mission_Artifacts.md,05_OPERATIONS,normalized,CORE,Stable
PH6-0076,PH6-0076 — Memory Pyramid,Archives,13_PHASE_RECOVERY/Phase_05_to_06/PH6-0076_Memory_Pyramid.md,08_ARCHIVES/Memory_Objects/PH6-0076_Memory_Pyramid.md,08_ARCHIVES,normalized,IMPORTANT,Stable
PH6-0077,PH6-0077 — Campaign Books,Archives,13_PHASE_RECOVERY/Phase_05_to_06/PH6-0077_Campaign_Books.md,05_OPERATIONS/Campaigns/PH6-0077_Campaign_Books.md,05_OPERATIONS,normalized,IMPORTANT,Stable
PH6-0078,PH6-0078 — Memory Importance Rating,Archives,13_PHASE_RECOVERY/Phase_05_to_06/PH6-0078_Memory_Importance_Rating.md,08_ARCHIVES/Memory_Objects/PH6-0078_Memory_Importance_Rating.md,08_ARCHIVES,normalized,IMPORTANT,Stable
PH6-0079,PH6-0079 — Memory Graph,Archives,13_PHASE_RECOVERY/Phase_05_to_06/PH6-0079_Memory_Graph.md,08_ARCHIVES/Memory_Objects/PH6-0079_Memory_Graph.md,08_ARCHIVES,normalized,CORE,Stable
PH6-0080,PH6-0080 — Historical Events,Archives,13_PHASE_RECOVERY/Phase_05_to_06/PH6-0080_Historical_Events.md,07_HQOS/Event_Bus/PH6-0080_Historical_Events.md,07_HQOS,normalized,IMPORTANT,Stable
PH6-0081,PH6-0081 — Idea Family Trees,Archives,13_PHASE_RECOVERY/Phase_05_to_06/PH6-0081_Idea_Family_Trees.md,08_ARCHIVES/Memory_Objects/PH6-0081_Idea_Family_Trees.md,08_ARCHIVES,normalized,IMPORTANT,Stable
PH6-0082,PH6-0082 — Saved Missions Ledger,Guardian,13_PHASE_RECOVERY/Phase_05_to_06/PH6-0082_Saved_Missions_Ledger.md,02_INSTITUTION/Departments/PH6-0082_Saved_Missions_Ledger.md,02_INSTITUTION,normalized,IMPORTANT,Stable
PH6-0083,PH6-0083 — Hall of Recovery,Building,13_PHASE_RECOVERY/Phase_05_to_06/PH6-0083_Hall_of_Recovery.md,03_BUILDING/Rooms/PH6-0083_Hall_of_Recovery.md,03_BUILDING,normalized,IMPORTANT,Stable
PH6-0084,PH6-0084 — Historian Perspective Messages,AI,13_PHASE_RECOVERY/Phase_05_to_06/PH6-0084_Historian_Perspective_Messages.md,02_INSTITUTION/Departments/PH6-0084_Historian_Perspective_Messages.md,02_INSTITUTION,normalized,IMPORTANT,Stable
PH6-0085,PH6-0085 — Living Museum,Archives,13_PHASE_RECOVERY/Phase_05_to_06/PH6-0085_Living_Museum.md,08_ARCHIVES/Memory_Objects/PH6-0085_Living_Museum.md,08_ARCHIVES,normalized,IMPORTANT,Stable
PH6-0086,PH6-0086 — Capsule Ceremony,Legacy,13_PHASE_RECOVERY/Phase_05_to_06/PH6-0086_Capsule_Ceremony.md,12_LEGACY/Long_Term/PH6-0086_Capsule_Ceremony.md,12_LEGACY,normalized,OPTIONAL,Stable
PH6-0087,PH6-0087 — Institutional Memory Principle,Constitution,13_PHASE_RECOVERY/Phase_05_to_06/PH6-0087_Institutional_Memory_Principle.md,01_CONSTITUTION/Principles/PH6-0087_Institutional_Memory_Principle.md,01_CONSTITUTION,normalized,CORE,Stable
PH6-0088,PH6-0088 — Campaign Versioning,Engineering,13_PHASE_RECOVERY/Phase_05_to_06/PH6-0088_Campaign_Versioning.md,02_INSTITUTION/Departments/PH6-0088_Campaign_Versioning.md,02_INSTITUTION,normalized,IMPORTANT,Stable
PH6-0089,PH6-0089 — Time Architecture,Operations,13_PHASE_RECOVERY/Phase_05_to_06/PH6-0089_Time_Architecture.md,10_ENGINEERING/Architecture/PH6-0089_Time_Architecture.md,10_ENGINEERING,normalized,CORE,Stable
PH6-0090,PH6-0090 — Three Clocks,Interface,13_PHASE_RECOVERY/Phase_05_to_06/PH6-0090_Three_Clocks.md,09_INTERFACE/Screens/PH6-0090_Three_Clocks.md,09_INTERFACE,normalized,IMPORTANT,Stable
PH6-0091,PH6-0091 — Long War Perspective,Psychology,13_PHASE_RECOVERY/Phase_05_to_06/PH6-0091_Long_War_Perspective.md,10_ENGINEERING/Architecture/PH6-0091_Long_War_Perspective.md,10_ENGINEERING,normalized,CORE,Stable
PH6-0092,PH6-0092 — Operator Seasons,Operations,13_PHASE_RECOVERY/Phase_05_to_06/PH6-0092_Operator_Seasons.md,04_OPERATOR/Behavioral_Systems/PH6-0092_Operator_Seasons.md,04_OPERATOR,normalized,IMPORTANT,Stable
PH6-0093,PH6-0093 — Strategic Patience,Psychology,13_PHASE_RECOVERY/Phase_05_to_06/PH6-0093_Strategic_Patience.md,10_ENGINEERING/Architecture/PH6-0093_Strategic_Patience.md,10_ENGINEERING,normalized,IMPORTANT,Stable
PH6-0094,PH6-0094 — Campaign Room,Building,13_PHASE_RECOVERY/Phase_05_to_06/PH6-0094_Campaign_Room.md,03_BUILDING/Rooms/PH6-0094_Campaign_Room.md,03_BUILDING,normalized,IMPORTANT,Stable
PH6-0095,PH6-0095 — Mission Drift Detection,Behavior,13_PHASE_RECOVERY/Phase_05_to_06/PH6-0095_Mission_Drift_Detection.md,04_OPERATOR/Behavioral_Systems/PH6-0095_Mission_Drift_Detection.md,04_OPERATOR,normalized,CORE,Stable
PH6-0096,PH6-0096 — Future Archive Shelves,Building,13_PHASE_RECOVERY/Phase_05_to_06/PH6-0096_Future_Archive_Shelves.md,03_BUILDING/Rooms/PH6-0096_Future_Archive_Shelves.md,03_BUILDING,normalized,OPTIONAL,Stable
PH6-0097,PH6-0097 — Institutional Maturity Model,Legacy,13_PHASE_RECOVERY/Phase_05_to_06/PH6-0097_Institutional_Maturity_Model.md,02_INSTITUTION/Departments/PH6-0097_Institutional_Maturity_Model.md,02_INSTITUTION,normalized,IMPORTANT,Stable
PH6-0098,PH6-0098 — Archives Terminology,Archives,13_PHASE_RECOVERY/Phase_05_to_06/PH6-0098_Archives_Terminology.md,08_ARCHIVES/Memory_Objects/PH6-0098_Archives_Terminology.md,08_ARCHIVES,normalized,CORE,Stable
PH6-0099,PH6-0099 — Memory Capital Principle,Constitution,13_PHASE_RECOVERY/Phase_05_to_06/PH6-0099_Memory_Capital_Principle.md,01_CONSTITUTION/Principles/PH6-0099_Memory_Capital_Principle.md,01_CONSTITUTION,normalized,IMPORTANT,Stable
PH6-0100,PH6-0100 — Headquarters Evolution Law,Legacy,13_PHASE_RECOVERY/Phase_05_to_06/PH6-0100_Headquarters_Evolution_Law.md,12_LEGACY/Evolution/PH6-0100_Headquarters_Evolution_Law.md,12_LEGACY,normalized,CORE,Stable
REC-0684,REC-0684 — Graduation Test,Academy,13_PHASE_RECOVERY/Phase_06_to_07x/Academy/REC-0684_Graduation_Test.md,10_ENGINEERING/Testing/REC-0684_Graduation_Test.md,10_ENGINEERING,normalized,P2,
REC-0803,REC-0803 — Simulation Without Broker,Academy,13_PHASE_RECOVERY/Phase_06_to_07x/Academy/REC-0803_Simulation_Without_Broker.md,11_ACADEMY/Simulations/REC-0803_Simulation_Without_Broker.md,11_ACADEMY,normalized,P1,
REC-0806,REC-0806 — Research Division Isolation,Academy,13_PHASE_RECOVERY/Phase_06_to_07x/Academy/REC-0806_Research_Division_Isolation.md,11_ACADEMY/Training_Protocols/REC-0806_Research_Division_Isolation.md,11_ACADEMY,normalized,P1,
REC-0784,REC-0784 — Hydraulic Door Transition,Animation / Sound,13_PHASE_RECOVERY/Phase_06_to_07x/Animation_Sound/REC-0784_Hydraulic_Door_Transition.md,03_BUILDING/Environmental_Systems/REC-0784_Hydraulic_Door_Transition.md,03_BUILDING,normalized,P1,
REC-0785,REC-0785 — Mechanical Archive Stamp,Animation / Sound,13_PHASE_RECOVERY/Phase_06_to_07x/Animation_Sound/REC-0785_Mechanical_Archive_Stamp.md,08_ARCHIVES/Memory_Objects/REC-0785_Mechanical_Archive_Stamp.md,08_ARCHIVES,normalized,P1,
REC-0798,REC-0798 — SQLite Archive Doctrine,Archives,13_PHASE_RECOVERY/Phase_06_to_07x/Archives/REC-0798_SQLite_Archive_Doctrine.md,08_ARCHIVES/Doctrine/REC-0798_SQLite_Archive_Doctrine.md,08_ARCHIVES,normalized,P0,
REC-0630,REC-0630 — Institutional Memory Core,Archives / Time,13_PHASE_RECOVERY/Phase_06_to_07x/Archives_Time/REC-0630_Institutional_Memory_Core.md,02_INSTITUTION/Departments/REC-0630_Institutional_Memory_Core.md,02_INSTITUTION,normalized,P0,
REC-0631,REC-0631 — Five Mission Artifacts,Archives / Time,13_PHASE_RECOVERY/Phase_06_to_07x/Archives_Time/REC-0631_Five_Mission_Artifacts.md,05_OPERATIONS/Mission_Lifecycle/REC-0631_Five_Mission_Artifacts.md,05_OPERATIONS,normalized,P0,
REC-0632,REC-0632 — Memory Pyramid,Archives / Time,13_PHASE_RECOVERY/Phase_06_to_07x/Archives_Time/REC-0632_Memory_Pyramid.md,08_ARCHIVES/Memory_Objects/REC-0632_Memory_Pyramid.md,08_ARCHIVES,normalized,P0,
REC-0633,REC-0633 — Campaign Books,Archives / Time,13_PHASE_RECOVERY/Phase_06_to_07x/Archives_Time/REC-0633_Campaign_Books.md,05_OPERATIONS/Campaigns/REC-0633_Campaign_Books.md,05_OPERATIONS,normalized,P1,
REC-0634,REC-0634 — Memory Graph,Archives / Time,13_PHASE_RECOVERY/Phase_06_to_07x/Archives_Time/REC-0634_Memory_Graph.md,08_ARCHIVES/Memory_Objects/REC-0634_Memory_Graph.md,08_ARCHIVES,normalized,P1,
REC-0635,REC-0635 — Saved Missions Ledger,Archives / Time,13_PHASE_RECOVERY/Phase_06_to_07x/Archives_Time/REC-0635_Saved_Missions_Ledger.md,05_OPERATIONS/Mission_Lifecycle/REC-0635_Saved_Missions_Ledger.md,05_OPERATIONS,normalized,P1,
REC-0636,REC-0636 — Time Capsule Ceremony,Archives / Time,13_PHASE_RECOVERY/Phase_06_to_07x/Archives_Time/REC-0636_Time_Capsule_Ceremony.md,08_ARCHIVES/Legacy/REC-0636_Time_Capsule_Ceremony.md,08_ARCHIVES,normalized,P2,
REC-0637,REC-0637 — Memory Confidence,Archives / Time,13_PHASE_RECOVERY/Phase_06_to_07x/Archives_Time/REC-0637_Memory_Confidence.md,08_ARCHIVES/Memory_Objects/REC-0637_Memory_Confidence.md,08_ARCHIVES,normalized,P0,
REC-0640,REC-0640 — Time Architecture,Archives / Time,13_PHASE_RECOVERY/Phase_06_to_07x/Archives_Time/REC-0640_Time_Architecture.md,08_ARCHIVES/Memory_Objects/REC-0640_Time_Architecture.md,08_ARCHIVES,normalized,P0,
REC-0641,REC-0641 — Three Clocks,Archives / Time,13_PHASE_RECOVERY/Phase_06_to_07x/Archives_Time/REC-0641_Three_Clocks.md,08_ARCHIVES/Memory_Objects/REC-0641_Three_Clocks.md,08_ARCHIVES,normalized,P1,
REC-0642,REC-0642 — Career Status Campaign Interrupted Career Continues,Archives / Time,13_PHASE_RECOVERY/Phase_06_to_07x/Archives_Time/REC-0642_Career_Status_Campaign_Interrupted_Career_Continues.md,05_OPERATIONS/Campaigns/REC-0642_Career_Status_Campaign_Interrupted_Career_Continues.md,05_OPERATIONS,normalized,P1,
REC-0643,REC-0643 — Operator Seasons,Archives / Time,13_PHASE_RECOVERY/Phase_06_to_07x/Archives_Time/REC-0643_Operator_Seasons.md,04_OPERATOR/Behavioral_Systems/REC-0643_Operator_Seasons.md,04_OPERATOR,normalized,P1,
REC-0644,REC-0644 — Strategic Patience,Archives / Time,13_PHASE_RECOVERY/Phase_06_to_07x/Archives_Time/REC-0644_Strategic_Patience.md,08_ARCHIVES/Memory_Objects/REC-0644_Strategic_Patience.md,08_ARCHIVES,normalized,P1,
REC-0645,REC-0645 — Future Archive Shelves,Archives / Time,13_PHASE_RECOVERY/Phase_06_to_07x/Archives_Time/REC-0645_Future_Archive_Shelves.md,08_ARCHIVES/Memory_Objects/REC-0645_Future_Archive_Shelves.md,08_ARCHIVES,normalized,P2,
REC-0646,REC-0646 — Institutional Maturity,Archives / Time,13_PHASE_RECOVERY/Phase_06_to_07x/Archives_Time/REC-0646_Institutional_Maturity.md,02_INSTITUTION/Departments/REC-0646_Institutional_Maturity.md,02_INSTITUTION,normalized,P1,
REC-0647,REC-0647 — Archives Naming Doctrine,Archives / Time,13_PHASE_RECOVERY/Phase_06_to_07x/Archives_Time/REC-0647_Archives_Naming_Doctrine.md,08_ARCHIVES/Doctrine/REC-0647_Archives_Naming_Doctrine.md,08_ARCHIVES,normalized,P0,
REC-0622,REC-0622 — Department Ambient Activity,Building,13_PHASE_RECOVERY/Phase_06_to_07x/Building/REC-0622_Department_Ambient_Activity.md,02_INSTITUTION/Departments/REC-0622_Department_Ambient_Activity.md,02_INSTITUTION,normalized,P1,
REC-0626,REC-0626 — Doctrine Flame,Building,13_PHASE_RECOVERY/Phase_06_to_07x/Building/REC-0626_Doctrine_Flame.md,03_BUILDING/Symbolic_Objects/REC-0626_Doctrine_Flame.md,03_BUILDING,normalized,P1,
REC-0628,REC-0628 — Exit Wall Inscription,Building,13_PHASE_RECOVERY/Phase_06_to_07x/Building/REC-0628_Exit_Wall_Inscription.md,03_BUILDING/Rooms/REC-0628_Exit_Wall_Inscription.md,03_BUILDING,normalized,P1,
REC-0654,REC-0654 — Ready Room Lockers,Building,13_PHASE_RECOVERY/Phase_06_to_07x/Building/REC-0654_Ready_Room_Lockers.md,03_BUILDING/Rooms/REC-0654_Ready_Room_Lockers.md,03_BUILDING,normalized,P1,
REC-0670,REC-0670 — Presence Engine,Building,13_PHASE_RECOVERY/Phase_06_to_07x/Building/REC-0670_Presence_Engine.md,03_BUILDING/Rooms/REC-0670_Presence_Engine.md,03_BUILDING,normalized,P1,
REC-0671,REC-0671 — Transition Zone,Building,13_PHASE_RECOVERY/Phase_06_to_07x/Building/REC-0671_Transition_Zone.md,03_BUILDING/Rooms/REC-0671_Transition_Zone.md,03_BUILDING,normalized,P1,
REC-0672,REC-0672 — Command Light Alignment,Building,13_PHASE_RECOVERY/Phase_06_to_07x/Building/REC-0672_Command_Light_Alignment.md,03_BUILDING/Rooms/REC-0672_Command_Light_Alignment.md,03_BUILDING,normalized,P1,
REC-0673,REC-0673 — Shadow Protocol,Building,13_PHASE_RECOVERY/Phase_06_to_07x/Building/REC-0673_Shadow_Protocol.md,03_BUILDING/Environmental_Systems/REC-0673_Shadow_Protocol.md,03_BUILDING,normalized,P1,
REC-0674,REC-0674 — Dawn Protocol,Building,13_PHASE_RECOVERY/Phase_06_to_07x/Building/REC-0674_Dawn_Protocol.md,03_BUILDING/Rooms/REC-0674_Dawn_Protocol.md,03_BUILDING,normalized,P1,
REC-0675,REC-0675 — Night Protocol,Building,13_PHASE_RECOVERY/Phase_06_to_07x/Building/REC-0675_Night_Protocol.md,03_BUILDING/Rooms/REC-0675_Night_Protocol.md,03_BUILDING,normalized,P1,
REC-0792,REC-0792 — Campaign Flags Corridor,Building,13_PHASE_RECOVERY/Phase_06_to_07x/Building/REC-0792_Campaign_Flags_Corridor.md,03_BUILDING/Symbolic_Objects/REC-0792_Campaign_Flags_Corridor.md,03_BUILDING,normalized,P1,
REC-0600,REC-0600 — Headquarters Manifesto,Constitution,13_PHASE_RECOVERY/Phase_06_to_07x/Constitution/REC-0600_Headquarters_Manifesto.md,01_CONSTITUTION/Principles/REC-0600_Headquarters_Manifesto.md,01_CONSTITUTION,normalized,P0,
REC-0602,REC-0602 — Command Chair Test,Constitution,13_PHASE_RECOVERY/Phase_06_to_07x/Constitution/REC-0602_Command_Chair_Test.md,01_CONSTITUTION/Principles/REC-0602_Command_Chair_Test.md,01_CONSTITUTION,normalized,P0,
REC-0660,REC-0660 — Headquarters Culture,Constitution,13_PHASE_RECOVERY/Phase_06_to_07x/Constitution/REC-0660_Headquarters_Culture.md,01_CONSTITUTION/Culture/REC-0660_Headquarters_Culture.md,01_CONSTITUTION,normalized,P0,
REC-0661,REC-0661 — Headquarters Covenant,Constitution,13_PHASE_RECOVERY/Phase_06_to_07x/Constitution/REC-0661_Headquarters_Covenant.md,01_CONSTITUTION/Culture/REC-0661_Headquarters_Covenant.md,01_CONSTITUTION,normalized,P0,
REC-0662,REC-0662 — Four Pillars Truth Discipline Responsibility Improvement,Constitution,13_PHASE_RECOVERY/Phase_06_to_07x/Constitution/REC-0662_Four_Pillars_Truth_Discipline_Responsibility_Improvement.md,01_CONSTITUTION/Principles/REC-0662_Four_Pillars_Truth_Discipline_Responsibility_Improvement.md,01_CONSTITUTION,normalized,P0,
REC-0750,REC-0750 — Rule of Elegance,Constitution,13_PHASE_RECOVERY/Phase_06_to_07x/Constitution/REC-0750_Rule_of_Elegance.md,01_CONSTITUTION/Rule_Of_Elegance/REC-0750_Rule_of_Elegance.md,01_CONSTITUTION,normalized,P0,
REC-0751,REC-0751 — Five Gates Feature Review,Constitution,13_PHASE_RECOVERY/Phase_06_to_07x/Constitution/REC-0751_Five_Gates_Feature_Review.md,01_CONSTITUTION/Rule_Of_Elegance/REC-0751_Five_Gates_Feature_Review.md,01_CONSTITUTION,normalized,P0,
REC-0752,REC-0752 — Anti Feature List,Constitution,13_PHASE_RECOVERY/Phase_06_to_07x/Constitution/REC-0752_Anti_Feature_List.md,01_CONSTITUTION/Rule_Of_Elegance/REC-0752_Anti_Feature_List.md,01_CONSTITUTION,normalized,P0,
REC-0807,REC-0807 — Doctrine Wars,Doctrine,13_PHASE_RECOVERY/Phase_06_to_07x/Doctrine/REC-0807_Doctrine_Wars.md,08_ARCHIVES/Doctrine/REC-0807_Doctrine_Wars.md,08_ARCHIVES,normalized,P2,
REC-0808,REC-0808 — Myth Library,Doctrine,13_PHASE_RECOVERY/Phase_06_to_07x/Doctrine/REC-0808_Myth_Library.md,08_ARCHIVES/Doctrine/REC-0808_Myth_Library.md,08_ARCHIVES,normalized,P1,
REC-0809,REC-0809 — Doctrine Cemetery,Doctrine,13_PHASE_RECOVERY/Phase_06_to_07x/Doctrine/REC-0809_Doctrine_Cemetery.md,08_ARCHIVES/Doctrine/REC-0809_Doctrine_Cemetery.md,08_ARCHIVES,normalized,P1,
REC-0601,REC-0601 — Minimum Viable Institution,Engineering,13_PHASE_RECOVERY/Phase_06_to_07x/Engineering/REC-0601_Minimum_Viable_Institution.md,02_INSTITUTION/Departments/REC-0601_Minimum_Viable_Institution.md,02_INSTITUTION,normalized,P0,
REC-0770,REC-0770 — HDR Repository Process,Engineering,13_PHASE_RECOVERY/Phase_06_to_07x/Engineering/REC-0770_HDR_Repository_Process.md,02_INSTITUTION/Departments/REC-0770_HDR_Repository_Process.md,02_INSTITUTION,normalized,P0,
REC-0771,REC-0771 — Recovery To Normalization Workflow,Engineering,13_PHASE_RECOVERY/Phase_06_to_07x/Engineering/REC-0771_Recovery_To_Normalization_Workflow.md,02_INSTITUTION/Departments/REC-0771_Recovery_To_Normalization_Workflow.md,02_INSTITUTION,normalized,P0,
REC-0773,REC-0773 — Design Freeze Audit,Engineering,13_PHASE_RECOVERY/Phase_06_to_07x/Engineering/REC-0773_Design_Freeze_Audit.md,02_INSTITUTION/Departments/REC-0773_Design_Freeze_Audit.md,02_INSTITUTION,normalized,P0,
REC-0796,REC-0796 — Engineering Oath,Engineering,13_PHASE_RECOVERY/Phase_06_to_07x/Engineering/REC-0796_Engineering_Oath.md,02_INSTITUTION/Departments/REC-0796_Engineering_Oath.md,02_INSTITUTION,normalized,P0,
REC-0797,REC-0797 — PR Founder Review Template,Engineering,13_PHASE_RECOVERY/Phase_06_to_07x/Engineering/REC-0797_PR_Founder_Review_Template.md,02_INSTITUTION/Departments/REC-0797_PR_Founder_Review_Template.md,02_INSTITUTION,normalized,P1,
REC-0799,REC-0799 — Broker Independence Principle,Engineering,13_PHASE_RECOVERY/Phase_06_to_07x/Engineering/REC-0799_Broker_Independence_Principle.md,01_CONSTITUTION/Principles/REC-0799_Broker_Independence_Principle.md,01_CONSTITUTION,normalized,P0,
REC-0789,REC-0789 — Building Breathing,Environmental,13_PHASE_RECOVERY/Phase_06_to_07x/Environmental/REC-0789_Building_Breathing.md,03_BUILDING/Environmental_Systems/REC-0789_Building_Breathing.md,03_BUILDING,normalized,P2,
REC-0790,REC-0790 — Operational Weather,Environmental,13_PHASE_RECOVERY/Phase_06_to_07x/Environmental/REC-0790_Operational_Weather.md,03_BUILDING/Environmental_Systems/REC-0790_Operational_Weather.md,03_BUILDING,normalized,P2,
REC-0791,REC-0791 — Seasonal Headquarters,Environmental,13_PHASE_RECOVERY/Phase_06_to_07x/Environmental/REC-0791_Seasonal_Headquarters.md,03_BUILDING/Environmental_Systems/REC-0791_Seasonal_Headquarters.md,03_BUILDING,normalized,P2,
REC-0810,REC-0810 — Doctrine Printer,Environmental / Doctrine,13_PHASE_RECOVERY/Phase_06_to_07x/Environmental_Doctrine/REC-0810_Doctrine_Printer.md,03_BUILDING/Environmental_Systems/REC-0810_Doctrine_Printer.md,03_BUILDING,normalized,P2,
REC-0730,REC-0730 — HQOS Kernel,HQOS,13_PHASE_RECOVERY/Phase_06_to_07x/HQOS/REC-0730_HQOS_Kernel.md,07_HQOS/Kernel/REC-0730_HQOS_Kernel.md,07_HQOS,normalized,P0,
REC-0731,REC-0731 — Everything Is An Event,HQOS,13_PHASE_RECOVERY/Phase_06_to_07x/HQOS/REC-0731_Everything_Is_An_Event.md,07_HQOS/Event_Bus/REC-0731_Everything_Is_An_Event.md,07_HQOS,normalized,P0,
REC-0732,REC-0732 — Mission Kernel,HQOS,13_PHASE_RECOVERY/Phase_06_to_07x/HQOS/REC-0732_Mission_Kernel.md,05_OPERATIONS/Mission_Lifecycle/REC-0732_Mission_Kernel.md,05_OPERATIONS,normalized,P0,
REC-0733,REC-0733 — Department Event Bus,HQOS,13_PHASE_RECOVERY/Phase_06_to_07x/HQOS/REC-0733_Department_Event_Bus.md,02_INSTITUTION/Departments/REC-0733_Department_Event_Bus.md,02_INSTITUTION,normalized,P0,
REC-0734,REC-0734 — HQOS Heartbeat,HQOS,13_PHASE_RECOVERY/Phase_06_to_07x/HQOS/REC-0734_HQOS_Heartbeat.md,03_BUILDING/Environmental_Systems/REC-0734_HQOS_Heartbeat.md,03_BUILDING,normalized,P0,
REC-0735,REC-0735 — Night Operations Service,HQOS,13_PHASE_RECOVERY/Phase_06_to_07x/HQOS/REC-0735_Night_Operations_Service.md,07_HQOS/Background_Services/REC-0735_Night_Operations_Service.md,07_HQOS,normalized,P1,
REC-0736,REC-0736 — Operational Anomaly Handling,HQOS,13_PHASE_RECOVERY/Phase_06_to_07x/HQOS/REC-0736_Operational_Anomaly_Handling.md,07_HQOS/Kernel/REC-0736_Operational_Anomaly_Handling.md,07_HQOS,normalized,P1,
REC-0625,REC-0625 — Recognition Office Invisible Victories,Institution,13_PHASE_RECOVERY/Phase_06_to_07x/Institution/REC-0625_Recognition_Office_Invisible_Victories.md,02_INSTITUTION/Departments/REC-0625_Recognition_Office_Invisible_Victories.md,02_INSTITUTION,normalized,P1,
REC-0680,REC-0680 — Trust Engine,Institution,13_PHASE_RECOVERY/Phase_06_to_07x/Institution/REC-0680_Trust_Engine.md,02_INSTITUTION/Departments/REC-0680_Trust_Engine.md,02_INSTITUTION,normalized,P0,
REC-0681,REC-0681 — Recommendation Ledger,Institution,13_PHASE_RECOVERY/Phase_06_to_07x/Institution/REC-0681_Recommendation_Ledger.md,02_INSTITUTION/Departments/REC-0681_Recommendation_Ledger.md,02_INSTITUTION,normalized,P0,
REC-0682,REC-0682 — Silence Budget,Institution,13_PHASE_RECOVERY/Phase_06_to_07x/Institution/REC-0682_Silence_Budget.md,02_INSTITUTION/Departments/REC-0682_Silence_Budget.md,02_INSTITUTION,normalized,P1,
REC-0683,REC-0683 — One Sentence Rule,Institution,13_PHASE_RECOVERY/Phase_06_to_07x/Institution/REC-0683_One_Sentence_Rule.md,02_INSTITUTION/Departments/REC-0683_One_Sentence_Rule.md,02_INSTITUTION,normalized,P1,
REC-0710,REC-0710 — Intelligence Network,Intelligence,13_PHASE_RECOVERY/Phase_06_to_07x/Intelligence/REC-0710_Intelligence_Network.md,06_INTELLIGENCE/Behavior_Analysis/REC-0710_Intelligence_Network.md,06_INTELLIGENCE,normalized,P0,
REC-0711,REC-0711 — Department Bus Priority Levels,Intelligence,13_PHASE_RECOVERY/Phase_06_to_07x/Intelligence/REC-0711_Department_Bus_Priority_Levels.md,02_INSTITUTION/Departments/REC-0711_Department_Bus_Priority_Levels.md,02_INSTITUTION,normalized,P0,
REC-0712,REC-0712 — Institutional Consensus,Intelligence,13_PHASE_RECOVERY/Phase_06_to_07x/Intelligence/REC-0712_Institutional_Consensus.md,02_INSTITUTION/Departments/REC-0712_Institutional_Consensus.md,02_INSTITUTION,normalized,P0,
REC-0713,REC-0713 — Intelligence Cases,Intelligence,13_PHASE_RECOVERY/Phase_06_to_07x/Intelligence/REC-0713_Intelligence_Cases.md,06_INTELLIGENCE/Behavior_Analysis/REC-0713_Intelligence_Cases.md,06_INTELLIGENCE,normalized,P1,
REC-0720,REC-0720 — Cognitive Architecture,Intelligence,13_PHASE_RECOVERY/Phase_06_to_07x/Intelligence/REC-0720_Cognitive_Architecture.md,06_INTELLIGENCE/Behavior_Analysis/REC-0720_Cognitive_Architecture.md,06_INTELLIGENCE,normalized,P0,
REC-0721,REC-0721 — Council Chamber Deliberation,Intelligence,13_PHASE_RECOVERY/Phase_06_to_07x/Intelligence/REC-0721_Council_Chamber_Deliberation.md,02_INSTITUTION/Council/REC-0721_Council_Chamber_Deliberation.md,02_INSTITUTION,normalized,P0,
REC-0722,REC-0722 — Operator Model Single Truth,Intelligence,13_PHASE_RECOVERY/Phase_06_to_07x/Intelligence/REC-0722_Operator_Model_Single_Truth.md,04_OPERATOR/Behavioral_Systems/REC-0722_Operator_Model_Single_Truth.md,04_OPERATOR,normalized,P0,
REC-0723,REC-0723 — Working Memory and Long Memory,Intelligence,13_PHASE_RECOVERY/Phase_06_to_07x/Intelligence/REC-0723_Working_Memory_and_Long_Memory.md,06_INTELLIGENCE/Behavior_Analysis/REC-0723_Working_Memory_and_Long_Memory.md,06_INTELLIGENCE,normalized,P0,
REC-0724,REC-0724 — Reflection Engine,Intelligence,13_PHASE_RECOVERY/Phase_06_to_07x/Intelligence/REC-0724_Reflection_Engine.md,06_INTELLIGENCE/Behavior_Analysis/REC-0724_Reflection_Engine.md,06_INTELLIGENCE,normalized,P1,
REC-0725,REC-0725 — Curiosity Engine,Intelligence,13_PHASE_RECOVERY/Phase_06_to_07x/Intelligence/REC-0725_Curiosity_Engine.md,06_INTELLIGENCE/Behavior_Analysis/REC-0725_Curiosity_Engine.md,06_INTELLIGENCE,normalized,P1,
REC-0804,REC-0804 — Red Team Counterargument,Intelligence,13_PHASE_RECOVERY/Phase_06_to_07x/Intelligence/REC-0804_Red_Team_Counterargument.md,06_INTELLIGENCE/Behavior_Analysis/REC-0804_Red_Team_Counterargument.md,06_INTELLIGENCE,normalized,P1,
REC-0805,REC-0805 — Blue Team Doctrine QA,Intelligence,13_PHASE_RECOVERY/Phase_06_to_07x/Intelligence/REC-0805_Blue_Team_Doctrine_QA.md,06_INTELLIGENCE/Behavior_Analysis/REC-0805_Blue_Team_Doctrine_QA.md,06_INTELLIGENCE,normalized,P1,
REC-0780,REC-0780 — Boot Sequence Identity Check,Interface,13_PHASE_RECOVERY/Phase_06_to_07x/Interface/REC-0780_Boot_Sequence_Identity_Check.md,04_OPERATOR/Identity/REC-0780_Boot_Sequence_Identity_Check.md,04_OPERATOR,normalized,P0,
REC-0781,REC-0781 — Shutdown Conclude Operations,Interface,13_PHASE_RECOVERY/Phase_06_to_07x/Interface/REC-0781_Shutdown_Conclude_Operations.md,07_HQOS/Kernel/REC-0781_Shutdown_Conclude_Operations.md,07_HQOS,normalized,P1,
REC-0782,REC-0782 — Security Checkpoint Login Replacement,Interface,13_PHASE_RECOVERY/Phase_06_to_07x/Interface/REC-0782_Security_Checkpoint_Login_Replacement.md,09_INTERFACE/Screens/REC-0782_Security_Checkpoint_Login_Replacement.md,09_INTERFACE,normalized,P0,
REC-0783,REC-0783 — Report For Duty Command,Interface,13_PHASE_RECOVERY/Phase_06_to_07x/Interface/REC-0783_Report_For_Duty_Command.md,09_INTERFACE/Screens/REC-0783_Report_For_Duty_Command.md,09_INTERFACE,normalized,P0,
REC-0800,REC-0800 — Second Screen Philosophy,Interface,13_PHASE_RECOVERY/Phase_06_to_07x/Interface/REC-0800_Second_Screen_Philosophy.md,09_INTERFACE/Screens/REC-0800_Second_Screen_Philosophy.md,09_INTERFACE,normalized,P1,
REC-0801,REC-0801 — Tactical Overlay Future,Interface,13_PHASE_RECOVERY/Phase_06_to_07x/Interface/REC-0801_Tactical_Overlay_Future.md,09_INTERFACE/Screens/REC-0801_Tactical_Overlay_Future.md,09_INTERFACE,normalized,P2,
REC-0623,REC-0623 — Founder Locked Office,Legacy,13_PHASE_RECOVERY/Phase_06_to_07x/Legacy/REC-0623_Founder_Locked_Office.md,03_BUILDING/Rooms/REC-0623_Founder_Locked_Office.md,03_BUILDING,normalized,P1,
REC-0627,REC-0627 — Legacy Transfer,Legacy,13_PHASE_RECOVERY/Phase_06_to_07x/Legacy/REC-0627_Legacy_Transfer.md,12_LEGACY/Long_Term/REC-0627_Legacy_Transfer.md,12_LEGACY,normalized,P1,
REC-0753,REC-0753 — Archive of Removed Features,Legacy,13_PHASE_RECOVERY/Phase_06_to_07x/Legacy/REC-0753_Archive_of_Removed_Features.md,08_ARCHIVES/Legacy/REC-0753_Archive_of_Removed_Features.md,08_ARCHIVES,normalized,P2,
REC-0760,REC-0760 — Evolution Doctrine,Legacy,13_PHASE_RECOVERY/Phase_06_to_07x/Legacy/REC-0760_Evolution_Doctrine.md,08_ARCHIVES/Doctrine/REC-0760_Evolution_Doctrine.md,08_ARCHIVES,normalized,P0,
REC-0761,REC-0761 — Constitutional Amendments,Legacy,13_PHASE_RECOVERY/Phase_06_to_07x/Legacy/REC-0761_Constitutional_Amendments.md,01_CONSTITUTION/Principles/REC-0761_Constitutional_Amendments.md,01_CONSTITUTION,normalized,P0,
REC-0762,REC-0762 — Foundational Cases,Legacy,13_PHASE_RECOVERY/Phase_06_to_07x/Legacy/REC-0762_Foundational_Cases.md,12_LEGACY/Long_Term/REC-0762_Foundational_Cases.md,12_LEGACY,normalized,P1,
REC-0763,REC-0763 — Wisdom Threshold,Legacy,13_PHASE_RECOVERY/Phase_06_to_07x/Legacy/REC-0763_Wisdom_Threshold.md,12_LEGACY/Long_Term/REC-0763_Wisdom_Threshold.md,12_LEGACY,normalized,P0,
REC-0793,REC-0793 — Twenty Year Wall,Legacy,13_PHASE_RECOVERY/Phase_06_to_07x/Legacy/REC-0793_Twenty_Year_Wall.md,12_LEGACY/Long_Term/REC-0793_Twenty_Year_Wall.md,12_LEGACY,normalized,P2,
REC-0794,REC-0794 — Founder Questions,Legacy,13_PHASE_RECOVERY/Phase_06_to_07x/Legacy/REC-0794_Founder_Questions.md,12_LEGACY/Founder/REC-0794_Founder_Questions.md,12_LEGACY,normalized,P1,
REC-0795,REC-0795 — Founders Journal,Legacy,13_PHASE_RECOVERY/Phase_06_to_07x/Legacy/REC-0795_Founders_Journal.md,12_LEGACY/Founder/REC-0795_Founders_Journal.md,12_LEGACY,normalized,P0,
REC-0620,REC-0620 — Headquarters Exists When Market Closed,Operations,13_PHASE_RECOVERY/Phase_06_to_07x/Operations/REC-0620_Headquarters_Exists_When_Market_Closed.md,10_ENGINEERING/Architecture/REC-0620_Headquarters_Exists_When_Market_Closed.md,10_ENGINEERING,normalized,P1,
REC-0621,REC-0621 — Operations Calendar,Operations,13_PHASE_RECOVERY/Phase_06_to_07x/Operations/REC-0621_Operations_Calendar.md,10_ENGINEERING/Architecture/REC-0621_Operations_Calendar.md,10_ENGINEERING,normalized,P1,
REC-0624,REC-0624 — Observation Protocol,Operations,13_PHASE_RECOVERY/Phase_06_to_07x/Operations/REC-0624_Observation_Protocol.md,10_ENGINEERING/Architecture/REC-0624_Observation_Protocol.md,10_ENGINEERING,normalized,P1,
REC-0650,REC-0650 — Operational Cycle,Operations,13_PHASE_RECOVERY/Phase_06_to_07x/Operations/REC-0650_Operational_Cycle.md,05_OPERATIONS/Mission_Lifecycle/REC-0650_Operational_Cycle.md,05_OPERATIONS,normalized,P0,
REC-0651,REC-0651 — Arrival Report,Operations,13_PHASE_RECOVERY/Phase_06_to_07x/Operations/REC-0651_Arrival_Report.md,10_ENGINEERING/Architecture/REC-0651_Arrival_Report.md,10_ENGINEERING,normalized,P0,
REC-0652,REC-0652 — Operational State Classification,Operations,13_PHASE_RECOVERY/Phase_06_to_07x/Operations/REC-0652_Operational_State_Classification.md,10_ENGINEERING/Architecture/REC-0652_Operational_State_Classification.md,10_ENGINEERING,normalized,P0,
REC-0653,REC-0653 — Deployment Window,Operations,13_PHASE_RECOVERY/Phase_06_to_07x/Operations/REC-0653_Deployment_Window.md,05_OPERATIONS/Authorization/REC-0653_Deployment_Window.md,05_OPERATIONS,normalized,P0,
REC-0655,REC-0655 — Command Seal,Operations,13_PHASE_RECOVERY/Phase_06_to_07x/Operations/REC-0655_Command_Seal.md,10_ENGINEERING/Architecture/REC-0655_Command_Seal.md,10_ENGINEERING,normalized,P1,
REC-0740,REC-0740 — Rhythm Engine,Operations,13_PHASE_RECOVERY/Phase_06_to_07x/Operations/REC-0740_Rhythm_Engine.md,10_ENGINEERING/Architecture/REC-0740_Rhythm_Engine.md,10_ENGINEERING,normalized,P0,
REC-0741,REC-0741 — Monday Campaign Ceremony,Operations,13_PHASE_RECOVERY/Phase_06_to_07x/Operations/REC-0741_Monday_Campaign_Ceremony.md,05_OPERATIONS/Campaigns/REC-0741_Monday_Campaign_Ceremony.md,05_OPERATIONS,normalized,P1,
REC-0742,REC-0742 — Monthly Council Review,Operations,13_PHASE_RECOVERY/Phase_06_to_07x/Operations/REC-0742_Monthly_Council_Review.md,02_INSTITUTION/Council/REC-0742_Monthly_Council_Review.md,02_INSTITUTION,normalized,P1,
REC-0743,REC-0743 — Annual Stewardship Review,Operations,13_PHASE_RECOVERY/Phase_06_to_07x/Operations/REC-0743_Annual_Stewardship_Review.md,04_OPERATOR/Stewardship/REC-0743_Annual_Stewardship_Review.md,04_OPERATOR,normalized,P1,
REC-0802,REC-0802 — Manual Mission Deploy Fallback,Operations,13_PHASE_RECOVERY/Phase_06_to_07x/Operations/REC-0802_Manual_Mission_Deploy_Fallback.md,05_OPERATIONS/Mission_Lifecycle/REC-0802_Manual_Mission_Deploy_Fallback.md,05_OPERATIONS,normalized,P0,
REC-0610,REC-0610 — Chain of Command,Operator / Command,13_PHASE_RECOVERY/Phase_06_to_07x/Operator_Command/REC-0610_Chain_of_Command.md,04_OPERATOR/Behavioral_Systems/REC-0610_Chain_of_Command.md,04_OPERATOR,normalized,P0,
REC-0611,REC-0611 — Acting Commander States,Operator / Command,13_PHASE_RECOVERY/Phase_06_to_07x/Operator_Command/REC-0611_Acting_Commander_States.md,02_INSTITUTION/Departments/REC-0611_Acting_Commander_States.md,02_INSTITUTION,normalized,P1,
REC-0612,REC-0612 — Command Transfer Ceremony,Operator / Command,13_PHASE_RECOVERY/Phase_06_to_07x/Operator_Command/REC-0612_Command_Transfer_Ceremony.md,04_OPERATOR/Behavioral_Systems/REC-0612_Command_Transfer_Ceremony.md,04_OPERATOR,normalized,P1,
REC-0613,REC-0613 — Emergency Succession,Operator / Command,13_PHASE_RECOVERY/Phase_06_to_07x/Operator_Command/REC-0613_Emergency_Succession.md,04_OPERATOR/Behavioral_Systems/REC-0613_Emergency_Succession.md,04_OPERATOR,normalized,P1,
REC-0614,REC-0614 — Rules of Engagement,Operator / Command,13_PHASE_RECOVERY/Phase_06_to_07x/Operator_Command/REC-0614_Rules_of_Engagement.md,04_OPERATOR/Behavioral_Systems/REC-0614_Rules_of_Engagement.md,04_OPERATOR,normalized,P0,
REC-0615,REC-0615 — Authority Levels,Operator / Command,13_PHASE_RECOVERY/Phase_06_to_07x/Operator_Command/REC-0615_Authority_Levels.md,04_OPERATOR/Behavioral_Systems/REC-0615_Authority_Levels.md,04_OPERATOR,normalized,P1,
REC-0616,REC-0616 — Command Ledger,Operator / Command,13_PHASE_RECOVERY/Phase_06_to_07x/Operator_Command/REC-0616_Command_Ledger.md,04_OPERATOR/Behavioral_Systems/REC-0616_Command_Ledger.md,04_OPERATOR,normalized,P0,
REC-0617,REC-0617 — Operational Readiness Conditions,Operator / Command,13_PHASE_RECOVERY/Phase_06_to_07x/Operator_Command/REC-0617_Operational_Readiness_Conditions.md,04_OPERATOR/Behavioral_Systems/REC-0617_Operational_Readiness_Conditions.md,04_OPERATOR,normalized,P1,
REC-0618,REC-0618 — Chair Never Lies Indicator,Operator / Command,13_PHASE_RECOVERY/Phase_06_to_07x/Operator_Command/REC-0618_Chair_Never_Lies_Indicator.md,03_BUILDING/Symbolic_Objects/REC-0618_Chair_Never_Lies_Indicator.md,03_BUILDING,normalized,P1,
REC-0619,REC-0619 — Last Resort Protocol,Operator / Command,13_PHASE_RECOVERY/Phase_06_to_07x/Operator_Command/REC-0619_Last_Resort_Protocol.md,04_OPERATOR/Behavioral_Systems/REC-0619_Last_Resort_Protocol.md,04_OPERATOR,normalized,P1,
REC-0786,REC-0786 — Vault Lock Acoustic,Sound,13_PHASE_RECOVERY/Phase_06_to_07x/Sound/REC-0786_Vault_Lock_Acoustic.md,03_BUILDING/Environmental_Systems/REC-0786_Vault_Lock_Acoustic.md,03_BUILDING,normalized,P1,
REC-0787,REC-0787 — Institutional Bell,Sound,13_PHASE_RECOVERY/Phase_06_to_07x/Sound/REC-0787_Institutional_Bell.md,02_INSTITUTION/Departments/REC-0787_Institutional_Bell.md,02_INSTITUTION,normalized,P1,
REC-0788,REC-0788 — Radar Sweep Ambient,Sound / Motion,13_PHASE_RECOVERY/Phase_06_to_07x/Sound_Motion/REC-0788_Radar_Sweep_Ambient.md,03_BUILDING/Environmental_Systems/REC-0788_Radar_Sweep_Ambient.md,03_BUILDING,normalized,P1,
REC-0690,REC-0690 — Stewardship Engine,Stewardship / Judgment,13_PHASE_RECOVERY/Phase_06_to_07x/Stewardship_Judgment/REC-0690_Stewardship_Engine.md,04_OPERATOR/Judgment/REC-0690_Stewardship_Engine.md,04_OPERATOR,normalized,P0,
REC-0691,REC-0691 — Capital Under Protection Language,Stewardship / Judgment,13_PHASE_RECOVERY/Phase_06_to_07x/Stewardship_Judgment/REC-0691_Capital_Under_Protection_Language.md,04_OPERATOR/Judgment/REC-0691_Capital_Under_Protection_Language.md,04_OPERATOR,normalized,P0,
REC-0692,REC-0692 — Stewards Desk,Stewardship / Judgment,13_PHASE_RECOVERY/Phase_06_to_07x/Stewardship_Judgment/REC-0692_Stewards_Desk.md,04_OPERATOR/Judgment/REC-0692_Stewards_Desk.md,04_OPERATOR,normalized,P1,
REC-0693,REC-0693 — Vault Walk,Stewardship / Judgment,13_PHASE_RECOVERY/Phase_06_to_07x/Stewardship_Judgment/REC-0693_Vault_Walk.md,03_BUILDING/Rooms/REC-0693_Vault_Walk.md,03_BUILDING,normalized,P1,
REC-0694,REC-0694 — Custodian Oath,Stewardship / Judgment,13_PHASE_RECOVERY/Phase_06_to_07x/Stewardship_Judgment/REC-0694_Custodian_Oath.md,04_OPERATOR/Judgment/REC-0694_Custodian_Oath.md,04_OPERATOR,normalized,P0,
REC-0695,REC-0695 — Capital Integrity,Stewardship / Judgment,13_PHASE_RECOVERY/Phase_06_to_07x/Stewardship_Judgment/REC-0695_Capital_Integrity.md,04_OPERATOR/Judgment/REC-0695_Capital_Integrity.md,04_OPERATOR,normalized,P0,
REC-0696,REC-0696 — Success Burden,Stewardship / Judgment,13_PHASE_RECOVERY/Phase_06_to_07x/Stewardship_Judgment/REC-0696_Success_Burden.md,04_OPERATOR/Judgment/REC-0696_Success_Burden.md,04_OPERATOR,normalized,P0,
REC-0700,REC-0700 — Judgment Engine,Stewardship / Judgment,13_PHASE_RECOVERY/Phase_06_to_07x/Stewardship_Judgment/REC-0700_Judgment_Engine.md,04_OPERATOR/Judgment/REC-0700_Judgment_Engine.md,04_OPERATOR,normalized,P0,
REC-0701,REC-0701 — Judgment Reserve,Stewardship / Judgment,13_PHASE_RECOVERY/Phase_06_to_07x/Stewardship_Judgment/REC-0701_Judgment_Reserve.md,04_OPERATOR/Judgment/REC-0701_Judgment_Reserve.md,04_OPERATOR,normalized,P0,
REC-0702,REC-0702 — Decision Fatigue Counter,Stewardship / Judgment,13_PHASE_RECOVERY/Phase_06_to_07x/Stewardship_Judgment/REC-0702_Decision_Fatigue_Counter.md,04_OPERATOR/Judgment/REC-0702_Decision_Fatigue_Counter.md,04_OPERATOR,normalized,P0,
REC-0703,REC-0703 — Decision Precision,Stewardship / Judgment,13_PHASE_RECOVERY/Phase_06_to_07x/Stewardship_Judgment/REC-0703_Decision_Precision.md,04_OPERATOR/Judgment/REC-0703_Decision_Precision.md,04_OPERATOR,normalized,P0,
REC-0704,REC-0704 — Mental Noise Detector,Stewardship / Judgment,13_PHASE_RECOVERY/Phase_06_to_07x/Stewardship_Judgment/REC-0704_Mental_Noise_Detector.md,04_OPERATOR/Judgment/REC-0704_Mental_Noise_Detector.md,04_OPERATOR,normalized,P1,
REC-0705,REC-0705 — Noise Floor,Stewardship / Judgment,13_PHASE_RECOVERY/Phase_06_to_07x/Stewardship_Judgment/REC-0705_Noise_Floor.md,04_OPERATOR/Judgment/REC-0705_Noise_Floor.md,04_OPERATOR,normalized,P1,
REC-0706,REC-0706 — Decision Latency Graph,Stewardship / Judgment,13_PHASE_RECOVERY/Phase_06_to_07x/Stewardship_Judgment/REC-0706_Decision_Latency_Graph.md,04_OPERATOR/Judgment/REC-0706_Decision_Latency_Graph.md,04_OPERATOR,normalized,P1,
REC-0707,REC-0707 — Thinking Room Protocol,Stewardship / Judgment,13_PHASE_RECOVERY/Phase_06_to_07x/Stewardship_Judgment/REC-0707_Thinking_Room_Protocol.md,03_BUILDING/Rooms/REC-0707_Thinking_Room_Protocol.md,03_BUILDING,normalized,P1,
REC-0708,REC-0708 — Judgment Echoes,Stewardship / Judgment,13_PHASE_RECOVERY/Phase_06_to_07x/Stewardship_Judgment/REC-0708_Judgment_Echoes.md,04_OPERATOR/Judgment/REC-0708_Judgment_Echoes.md,04_OPERATOR,normalized,P2,
REC-0709,REC-0709 — Hall of Restraint,Stewardship / Judgment,13_PHASE_RECOVERY/Phase_06_to_07x/Stewardship_Judgment/REC-0709_Hall_of_Restraint.md,03_BUILDING/Rooms/REC-0709_Hall_of_Restraint.md,03_BUILDING,normalized,P1,
