source,source_title,dependency
12_LEGACY/Founder/REC-0794_Founder_Questions.md,REC-0794 — Founder Questions,HQOS
12_LEGACY/Founder/REC-0794_Founder_Questions.md,REC-0794 — Founder Questions,Interface System
12_LEGACY/Founder/REC-0794_Founder_Questions.md,REC-0794 — Founder Questions,Archives
12_LEGACY/Founder/REC-0794_Founder_Questions.md,REC-0794 — Founder Questions,Master Index
12_LEGACY/Founder/REC-0795_Founders_Journal.md,REC-0795 — Founders Journal,HQOS
12_LEGACY/Founder/REC-0795_Founders_Journal.md,REC-0795 — Founders Journal,Interface System
12_LEGACY/Founder/REC-0795_Founders_Journal.md,REC-0795 — Founders Journal,Archives
12_LEGACY/Founder/REC-0795_Founders_Journal.md,REC-0795 — Founders Journal,Master Index
12_LEGACY/Evolution/PH4-0020_Headquarters_Naming_Evolution.md,PH4-0020 — Headquarters Naming Evolution,HQOS State Engine
12_LEGACY/Evolution/PH4-0020_Headquarters_Naming_Evolution.md,PH4-0020 — Headquarters Naming Evolution,Mission Lifecycle
12_LEGACY/Evolution/PH4-0020_Headquarters_Naming_Evolution.md,PH4-0020 — Headquarters Naming Evolution,Operator Model
12_LEGACY/Evolution/PH4-0020_Headquarters_Naming_Evolution.md,PH4-0020 — Headquarters Naming Evolution,Archives
12_LEGACY/Evolution/PH4-0020_Headquarters_Naming_Evolution.md,PH4-0020 — Headquarters Naming Evolution,Doctrine Library
12_LEGACY/Evolution/PH6-0100_Headquarters_Evolution_Law.md,PH6-0100 — Headquarters Evolution Law,HQOS Event Bus
12_LEGACY/Evolution/PH6-0100_Headquarters_Evolution_Law.md,PH6-0100 — Headquarters Evolution Law,Mission Lifecycle
12_LEGACY/Evolution/PH6-0100_Headquarters_Evolution_Law.md,PH6-0100 — Headquarters Evolution Law,Operator Model
12_LEGACY/Evolution/PH6-0100_Headquarters_Evolution_Law.md,PH6-0100 — Headquarters Evolution Law,Archives
12_LEGACY/Evolution/PH6-0100_Headquarters_Evolution_Law.md,PH6-0100 — Headquarters Evolution Law,Doctrine Library
12_LEGACY/Evolution/PH6-0100_Headquarters_Evolution_Law.md,PH6-0100 — Headquarters Evolution Law,Council Protocol
12_LEGACY/Evolution/PH6-0100_Headquarters_Evolution_Law.md,PH6-0100 — Headquarters Evolution Law,Evidence Confidence System
12_LEGACY/Long_Term/PH4-0066_Legacy_Engine.md,PH4-0066 — Legacy Engine,HQOS State Engine
12_LEGACY/Long_Term/PH4-0066_Legacy_Engine.md,PH4-0066 — Legacy Engine,Mission Lifecycle
12_LEGACY/Long_Term/PH4-0066_Legacy_Engine.md,PH4-0066 — Legacy Engine,Operator Model
12_LEGACY/Long_Term/PH4-0066_Legacy_Engine.md,PH4-0066 — Legacy Engine,Archives
12_LEGACY/Long_Term/PH4-0066_Legacy_Engine.md,PH4-0066 — Legacy Engine,Doctrine Library
12_LEGACY/Long_Term/PH5-0015_Legacy_Engine.md,PH5-0015 — Legacy Engine,HQOS State Engine
12_LEGACY/Long_Term/PH5-0015_Legacy_Engine.md,PH5-0015 — Legacy Engine,Mission Lifecycle
12_LEGACY/Long_Term/PH5-0015_Legacy_Engine.md,PH5-0015 — Legacy Engine,Operator Model
12_LEGACY/Long_Term/PH5-0015_Legacy_Engine.md,PH5-0015 — Legacy Engine,Archives
12_LEGACY/Long_Term/PH5-0015_Legacy_Engine.md,PH5-0015 — Legacy Engine,Doctrine Library
12_LEGACY/Long_Term/PH5-0015_Legacy_Engine.md,PH5-0015 — Legacy Engine,Institutional Memory Core
12_LEGACY/Long_Term/PH5-0015_Legacy_Engine.md,PH5-0015 — Legacy Engine,SQLite Archive Schema
12_LEGACY/Long_Term/PH5-0030_Legacy_Tree.md,PH5-0030 — Legacy Tree,HQOS State Engine
12_LEGACY/Long_Term/PH5-0030_Legacy_Tree.md,PH5-0030 — Legacy Tree,Mission Lifecycle
12_LEGACY/Long_Term/PH5-0030_Legacy_Tree.md,PH5-0030 — Legacy Tree,Operator Model
12_LEGACY/Long_Term/PH5-0030_Legacy_Tree.md,PH5-0030 — Legacy Tree,Archives
12_LEGACY/Long_Term/PH5-0030_Legacy_Tree.md,PH5-0030 — Legacy Tree,Doctrine Library
12_LEGACY/Long_Term/PH5-0030_Legacy_Tree.md,PH5-0030 — Legacy Tree,Institutional Memory Core
12_LEGACY/Long_Term/PH5-0030_Legacy_Tree.md,PH5-0030 — Legacy Tree,SQLite Archive Schema
12_LEGACY/Long_Term/PH5-0078_Legacy_Wall.md,PH5-0078 — Legacy Wall,HQOS State Engine
12_LEGACY/Long_Term/PH5-0078_Legacy_Wall.md,PH5-0078 — Legacy Wall,Mission Lifecycle
12_LEGACY/Long_Term/PH5-0078_Legacy_Wall.md,PH5-0078 — Legacy Wall,Operator Model
12_LEGACY/Long_Term/PH5-0078_Legacy_Wall.md,PH5-0078 — Legacy Wall,Archives
12_LEGACY/Long_Term/PH5-0078_Legacy_Wall.md,PH5-0078 — Legacy Wall,Doctrine Library
12_LEGACY/Long_Term/PH5-0078_Legacy_Wall.md,PH5-0078 — Legacy Wall,Institutional Memory Core
12_LEGACY/Long_Term/PH5-0078_Legacy_Wall.md,PH5-0078 — Legacy Wall,SQLite Archive Schema
12_LEGACY/Long_Term/PH6-0073_Legacy_Transfer.md,PH6-0073 — Legacy Transfer,HQOS Event Bus
12_LEGACY/Long_Term/PH6-0073_Legacy_Transfer.md,PH6-0073 — Legacy Transfer,Mission Lifecycle
12_LEGACY/Long_Term/PH6-0073_Legacy_Transfer.md,PH6-0073 — Legacy Transfer,Operator Model
12_LEGACY/Long_Term/PH6-0073_Legacy_Transfer.md,PH6-0073 — Legacy Transfer,Archives
12_LEGACY/Long_Term/PH6-0073_Legacy_Transfer.md,PH6-0073 — Legacy Transfer,Doctrine Library
12_LEGACY/Long_Term/PH6-0073_Legacy_Transfer.md,PH6-0073 — Legacy Transfer,Council Protocol
12_LEGACY/Long_Term/PH6-0073_Legacy_Transfer.md,PH6-0073 — Legacy Transfer,Evidence Confidence System
12_LEGACY/Long_Term/PH6-0086_Capsule_Ceremony.md,PH6-0086 — Capsule Ceremony,HQOS Event Bus
12_LEGACY/Long_Term/PH6-0086_Capsule_Ceremony.md,PH6-0086 — Capsule Ceremony,Mission Lifecycle
12_LEGACY/Long_Term/PH6-0086_Capsule_Ceremony.md,PH6-0086 — Capsule Ceremony,Operator Model
12_LEGACY/Long_Term/PH6-0086_Capsule_Ceremony.md,PH6-0086 — Capsule Ceremony,Archives
12_LEGACY/Long_Term/PH6-0086_Capsule_Ceremony.md,PH6-0086 — Capsule Ceremony,Doctrine Library
12_LEGACY/Long_Term/PH6-0086_Capsule_Ceremony.md,PH6-0086 — Capsule Ceremony,Council Protocol
12_LEGACY/Long_Term/PH6-0086_Capsule_Ceremony.md,PH6-0086 — Capsule Ceremony,Evidence Confidence System
12_LEGACY/Long_Term/REC-0627_Legacy_Transfer.md,REC-0627 — Legacy Transfer,HQOS Heartbeat
12_LEGACY/Long_Term/REC-0627_Legacy_Transfer.md,REC-0627 — Legacy Transfer,Archives
12_LEGACY/Long_Term/REC-0627_Legacy_Transfer.md,REC-0627 — Legacy Transfer,Night Operations
12_LEGACY/Long_Term/REC-0627_Legacy_Transfer.md,REC-0627 — Legacy Transfer,Rhythm Engine
12_LEGACY/Long_Term/REC-0762_Foundational_Cases.md,REC-0762 — Foundational Cases,HQOS
12_LEGACY/Long_Term/REC-0762_Foundational_Cases.md,REC-0762 — Foundational Cases,Master Index
12_LEGACY/Long_Term/REC-0762_Foundational_Cases.md,REC-0762 — Foundational Cases,Archives
12_LEGACY/Long_Term/REC-0762_Foundational_Cases.md,REC-0762 — Foundational Cases,Council
12_LEGACY/Long_Term/REC-0762_Foundational_Cases.md,REC-0762 — Foundational Cases,Repository Standards
12_LEGACY/Long_Term/REC-0763_Wisdom_Threshold.md,REC-0763 — Wisdom Threshold,HQOS
12_LEGACY/Long_Term/REC-0763_Wisdom_Threshold.md,REC-0763 — Wisdom Threshold,Master Index
12_LEGACY/Long_Term/REC-0763_Wisdom_Threshold.md,REC-0763 — Wisdom Threshold,Archives
12_LEGACY/Long_Term/REC-0763_Wisdom_Threshold.md,REC-0763 — Wisdom Threshold,Council
12_LEGACY/Long_Term/REC-0763_Wisdom_Threshold.md,REC-0763 — Wisdom Threshold,Repository Standards
12_LEGACY/Long_Term/REC-0793_Twenty_Year_Wall.md,REC-0793 — Twenty Year Wall,HQOS
12_LEGACY/Long_Term/REC-0793_Twenty_Year_Wall.md,REC-0793 — Twenty Year Wall,Interface System
12_LEGACY/Long_Term/REC-0793_Twenty_Year_Wall.md,REC-0793 — Twenty Year Wall,Archives
12_LEGACY/Long_Term/REC-0793_Twenty_Year_Wall.md,REC-0793 — Twenty Year Wall,Master Index
11_ACADEMY/Simulations/REC-0803_Simulation_Without_Broker.md,REC-0803 — Simulation Without Broker,HQOS
11_ACADEMY/Simulations/REC-0803_Simulation_Without_Broker.md,REC-0803 — Simulation Without Broker,Interface System
11_ACADEMY/Simulations/REC-0803_Simulation_Without_Broker.md,REC-0803 — Simulation Without Broker,Archives
11_ACADEMY/Simulations/REC-0803_Simulation_Without_Broker.md,REC-0803 — Simulation Without Broker,Master Index
11_ACADEMY/Training_Protocols/PH5-0056_Operations_Sandbox.md,PH5-0056 — Operations Sandbox,HQOS State Engine
11_ACADEMY/Training_Protocols/PH5-0056_Operations_Sandbox.md,PH5-0056 — Operations Sandbox,Mission Lifecycle
11_ACADEMY/Training_Protocols/PH5-0056_Operations_Sandbox.md,PH5-0056 — Operations Sandbox,Operator Model
11_ACADEMY/Training_Protocols/PH5-0056_Operations_Sandbox.md,PH5-0056 — Operations Sandbox,Archives
11_ACADEMY/Training_Protocols/PH5-0056_Operations_Sandbox.md,PH5-0056 — Operations Sandbox,Doctrine Library
11_ACADEMY/Training_Protocols/REC-0806_Research_Division_Isolation.md,REC-0806 — Research Division Isolation,HQOS
11_ACADEMY/Training_Protocols/REC-0806_Research_Division_Isolation.md,REC-0806 — Research Division Isolation,Interface System
11_ACADEMY/Training_Protocols/REC-0806_Research_Division_Isolation.md,REC-0806 — Research Division Isolation,Archives
11_ACADEMY/Training_Protocols/REC-0806_Research_Division_Isolation.md,REC-0806 — Research Division Isolation,Master Index
10_ENGINEERING/Architecture/PH6-0012_Living_SOP.md,PH6-0012 — Living SOP,HQOS Event Bus
10_ENGINEERING/Architecture/PH6-0012_Living_SOP.md,PH6-0012 — Living SOP,Mission Lifecycle
10_ENGINEERING/Architecture/PH6-0012_Living_SOP.md,PH6-0012 — Living SOP,Operator Model
10_ENGINEERING/Architecture/PH6-0012_Living_SOP.md,PH6-0012 — Living SOP,Archives
10_ENGINEERING/Architecture/PH6-0012_Living_SOP.md,PH6-0012 — Living SOP,Doctrine Library
10_ENGINEERING/Architecture/PH6-0012_Living_SOP.md,PH6-0012 — Living SOP,Council Protocol
10_ENGINEERING/Architecture/PH6-0012_Living_SOP.md,PH6-0012 — Living SOP,Evidence Confidence System
10_ENGINEERING/Architecture/PH6-0051_Command_Transfer_Ceremony.md,PH6-0051 — Command Transfer Ceremony,HQOS Event Bus
10_ENGINEERING/Architecture/PH6-0051_Command_Transfer_Ceremony.md,PH6-0051 — Command Transfer Ceremony,Mission Lifecycle
10_ENGINEERING/Architecture/PH6-0051_Command_Transfer_Ceremony.md,PH6-0051 — Command Transfer Ceremony,Operator Model
10_ENGINEERING/Architecture/PH6-0051_Command_Transfer_Ceremony.md,PH6-0051 — Command Transfer Ceremony,Archives
10_ENGINEERING/Architecture/PH6-0051_Command_Transfer_Ceremony.md,PH6-0051 — Command Transfer Ceremony,Doctrine Library
10_ENGINEERING/Architecture/PH6-0051_Command_Transfer_Ceremony.md,PH6-0051 — Command Transfer Ceremony,Council Protocol
10_ENGINEERING/Architecture/PH6-0051_Command_Transfer_Ceremony.md,PH6-0051 — Command Transfer Ceremony,Evidence Confidence System
10_ENGINEERING/Architecture/PH6-0052_Rules_of_Engagement.md,PH6-0052 — Rules of Engagement,HQOS Event Bus
10_ENGINEERING/Architecture/PH6-0052_Rules_of_Engagement.md,PH6-0052 — Rules of Engagement,Mission Lifecycle
10_ENGINEERING/Architecture/PH6-0052_Rules_of_Engagement.md,PH6-0052 — Rules of Engagement,Operator Model
10_ENGINEERING/Architecture/PH6-0052_Rules_of_Engagement.md,PH6-0052 — Rules of Engagement,Archives
10_ENGINEERING/Architecture/PH6-0052_Rules_of_Engagement.md,PH6-0052 — Rules of Engagement,Doctrine Library
10_ENGINEERING/Architecture/PH6-0052_Rules_of_Engagement.md,PH6-0052 — Rules of Engagement,Council Protocol
10_ENGINEERING/Architecture/PH6-0052_Rules_of_Engagement.md,PH6-0052 — Rules of Engagement,Evidence Confidence System
10_ENGINEERING/Architecture/PH6-0057_Operational_Readiness_Conditions.md,PH6-0057 — Operational Readiness Conditions,HQOS Event Bus
10_ENGINEERING/Architecture/PH6-0057_Operational_Readiness_Conditions.md,PH6-0057 — Operational Readiness Conditions,Mission Lifecycle
10_ENGINEERING/Architecture/PH6-0057_Operational_Readiness_Conditions.md,PH6-0057 — Operational Readiness Conditions,Operator Model
10_ENGINEERING/Architecture/PH6-0057_Operational_Readiness_Conditions.md,PH6-0057 — Operational Readiness Conditions,Archives
10_ENGINEERING/Architecture/PH6-0057_Operational_Readiness_Conditions.md,PH6-0057 — Operational Readiness Conditions,Doctrine Library
10_ENGINEERING/Architecture/PH6-0057_Operational_Readiness_Conditions.md,PH6-0057 — Operational Readiness Conditions,Council Protocol
10_ENGINEERING/Architecture/PH6-0057_Operational_Readiness_Conditions.md,PH6-0057 — Operational Readiness Conditions,Evidence Confidence System
10_ENGINEERING/Architecture/PH6-0065_Headquarters_Exists_When_Market_Closed.md,PH6-0065 — Headquarters Exists When Market Closed,HQOS Event Bus
10_ENGINEERING/Architecture/PH6-0065_Headquarters_Exists_When_Market_Closed.md,PH6-0065 — Headquarters Exists When Market Closed,Mission Lifecycle
10_ENGINEERING/Architecture/PH6-0065_Headquarters_Exists_When_Market_Closed.md,PH6-0065 — Headquarters Exists When Market Closed,Operator Model
10_ENGINEERING/Architecture/PH6-0065_Headquarters_Exists_When_Market_Closed.md,PH6-0065 — Headquarters Exists When Market Closed,Archives
10_ENGINEERING/Architecture/PH6-0065_Headquarters_Exists_When_Market_Closed.md,PH6-0065 — Headquarters Exists When Market Closed,Doctrine Library
10_ENGINEERING/Architecture/PH6-0065_Headquarters_Exists_When_Market_Closed.md,PH6-0065 — Headquarters Exists When Market Closed,Council Protocol
10_ENGINEERING/Architecture/PH6-0065_Headquarters_Exists_When_Market_Closed.md,PH6-0065 — Headquarters Exists When Market Closed,Evidence Confidence System
10_ENGINEERING/Architecture/PH6-0066_Operations_Calendar.md,PH6-0066 — Operations Calendar,HQOS Event Bus
10_ENGINEERING/Architecture/PH6-0066_Operations_Calendar.md,PH6-0066 — Operations Calendar,Mission Lifecycle
10_ENGINEERING/Architecture/PH6-0066_Operations_Calendar.md,PH6-0066 — Operations Calendar,Operator Model
10_ENGINEERING/Architecture/PH6-0066_Operations_Calendar.md,PH6-0066 — Operations Calendar,Archives
10_ENGINEERING/Architecture/PH6-0066_Operations_Calendar.md,PH6-0066 — Operations Calendar,Doctrine Library
10_ENGINEERING/Architecture/PH6-0066_Operations_Calendar.md,PH6-0066 — Operations Calendar,Council Protocol
10_ENGINEERING/Architecture/PH6-0066_Operations_Calendar.md,PH6-0066 — Operations Calendar,Evidence Confidence System
10_ENGINEERING/Architecture/PH6-0069_Silence_As_Approval.md,PH6-0069 — Silence As Approval,HQOS Event Bus
10_ENGINEERING/Architecture/PH6-0069_Silence_As_Approval.md,PH6-0069 — Silence As Approval,Mission Lifecycle
10_ENGINEERING/Architecture/PH6-0069_Silence_As_Approval.md,PH6-0069 — Silence As Approval,Operator Model
10_ENGINEERING/Architecture/PH6-0069_Silence_As_Approval.md,PH6-0069 — Silence As Approval,Archives
10_ENGINEERING/Architecture/PH6-0069_Silence_As_Approval.md,PH6-0069 — Silence As Approval,Doctrine Library
10_ENGINEERING/Architecture/PH6-0069_Silence_As_Approval.md,PH6-0069 — Silence As Approval,Council Protocol
10_ENGINEERING/Architecture/PH6-0069_Silence_As_Approval.md,PH6-0069 — Silence As Approval,Evidence Confidence System
10_ENGINEERING/Architecture/PH6-0070_Observation_Protocol.md,PH6-0070 — Observation Protocol,HQOS Event Bus
10_ENGINEERING/Architecture/PH6-0070_Observation_Protocol.md,PH6-0070 — Observation Protocol,Mission Lifecycle
10_ENGINEERING/Architecture/PH6-0070_Observation_Protocol.md,PH6-0070 — Observation Protocol,Operator Model
10_ENGINEERING/Architecture/PH6-0070_Observation_Protocol.md,PH6-0070 — Observation Protocol,Archives
10_ENGINEERING/Architecture/PH6-0070_Observation_Protocol.md,PH6-0070 — Observation Protocol,Doctrine Library
10_ENGINEERING/Architecture/PH6-0070_Observation_Protocol.md,PH6-0070 — Observation Protocol,Council Protocol
10_ENGINEERING/Architecture/PH6-0070_Observation_Protocol.md,PH6-0070 — Observation Protocol,Evidence Confidence System
10_ENGINEERING/Architecture/PH6-0071_Invisible_Victories_Recognition.md,PH6-0071 — Invisible Victories Recognition,HQOS Event Bus
10_ENGINEERING/Architecture/PH6-0071_Invisible_Victories_Recognition.md,PH6-0071 — Invisible Victories Recognition,Mission Lifecycle
10_ENGINEERING/Architecture/PH6-0071_Invisible_Victories_Recognition.md,PH6-0071 — Invisible Victories Recognition,Operator Model
10_ENGINEERING/Architecture/PH6-0071_Invisible_Victories_Recognition.md,PH6-0071 — Invisible Victories Recognition,Archives
10_ENGINEERING/Architecture/PH6-0071_Invisible_Victories_Recognition.md,PH6-0071 — Invisible Victories Recognition,Doctrine Library
10_ENGINEERING/Architecture/PH6-0071_Invisible_Victories_Recognition.md,PH6-0071 — Invisible Victories Recognition,Council Protocol
10_ENGINEERING/Architecture/PH6-0071_Invisible_Victories_Recognition.md,PH6-0071 — Invisible Victories Recognition,Evidence Confidence System
10_ENGINEERING/Architecture/PH6-0089_Time_Architecture.md,PH6-0089 — Time Architecture,HQOS Event Bus
10_ENGINEERING/Architecture/PH6-0089_Time_Architecture.md,PH6-0089 — Time Architecture,Mission Lifecycle
10_ENGINEERING/Architecture/PH6-0089_Time_Architecture.md,PH6-0089 — Time Architecture,Operator Model
10_ENGINEERING/Architecture/PH6-0089_Time_Architecture.md,PH6-0089 — Time Architecture,Archives
10_ENGINEERING/Architecture/PH6-0089_Time_Architecture.md,PH6-0089 — Time Architecture,Doctrine Library
10_ENGINEERING/Architecture/PH6-0089_Time_Architecture.md,PH6-0089 — Time Architecture,Council Protocol
10_ENGINEERING/Architecture/PH6-0089_Time_Architecture.md,PH6-0089 — Time Architecture,Evidence Confidence System
10_ENGINEERING/Architecture/PH6-0091_Long_War_Perspective.md,PH6-0091 — Long War Perspective,HQOS Event Bus
10_ENGINEERING/Architecture/PH6-0091_Long_War_Perspective.md,PH6-0091 — Long War Perspective,Mission Lifecycle
10_ENGINEERING/Architecture/PH6-0091_Long_War_Perspective.md,PH6-0091 — Long War Perspective,Operator Model
10_ENGINEERING/Architecture/PH6-0091_Long_War_Perspective.md,PH6-0091 — Long War Perspective,Archives
10_ENGINEERING/Architecture/PH6-0091_Long_War_Perspective.md,PH6-0091 — Long War Perspective,Doctrine Library
10_ENGINEERING/Architecture/PH6-0091_Long_War_Perspective.md,PH6-0091 — Long War Perspective,Council Protocol
10_ENGINEERING/Architecture/PH6-0091_Long_War_Perspective.md,PH6-0091 — Long War Perspective,Evidence Confidence System
10_ENGINEERING/Architecture/PH6-0093_Strategic_Patience.md,PH6-0093 — Strategic Patience,HQOS Event Bus
10_ENGINEERING/Architecture/PH6-0093_Strategic_Patience.md,PH6-0093 — Strategic Patience,Mission Lifecycle
10_ENGINEERING/Architecture/PH6-0093_Strategic_Patience.md,PH6-0093 — Strategic Patience,Operator Model
10_ENGINEERING/Architecture/PH6-0093_Strategic_Patience.md,PH6-0093 — Strategic Patience,Archives
10_ENGINEERING/Architecture/PH6-0093_Strategic_Patience.md,PH6-0093 — Strategic Patience,Doctrine Library
10_ENGINEERING/Architecture/PH6-0093_Strategic_Patience.md,PH6-0093 — Strategic Patience,Council Protocol
10_ENGINEERING/Architecture/PH6-0093_Strategic_Patience.md,PH6-0093 — Strategic Patience,Evidence Confidence System
10_ENGINEERING/Architecture/REC-0620_Headquarters_Exists_When_Market_Closed.md,REC-0620 — Headquarters Exists When Market Closed,HQOS Heartbeat
10_ENGINEERING/Architecture/REC-0620_Headquarters_Exists_When_Market_Closed.md,REC-0620 — Headquarters Exists When Market Closed,Archives
10_ENGINEERING/Architecture/REC-0620_Headquarters_Exists_When_Market_Closed.md,REC-0620 — Headquarters Exists When Market Closed,Night Operations
10_ENGINEERING/Architecture/REC-0620_Headquarters_Exists_When_Market_Closed.md,REC-0620 — Headquarters Exists When Market Closed,Rhythm Engine
10_ENGINEERING/Architecture/REC-0621_Operations_Calendar.md,REC-0621 — Operations Calendar,HQOS Heartbeat
10_ENGINEERING/Architecture/REC-0621_Operations_Calendar.md,REC-0621 — Operations Calendar,Archives
10_ENGINEERING/Architecture/REC-0621_Operations_Calendar.md,REC-0621 — Operations Calendar,Night Operations
10_ENGINEERING/Architecture/REC-0621_Operations_Calendar.md,REC-0621 — Operations Calendar,Rhythm Engine
10_ENGINEERING/Architecture/REC-0624_Observation_Protocol.md,REC-0624 — Observation Protocol,HQOS Heartbeat
10_ENGINEERING/Architecture/REC-0624_Observation_Protocol.md,REC-0624 — Observation Protocol,Archives
10_ENGINEERING/Architecture/REC-0624_Observation_Protocol.md,REC-0624 — Observation Protocol,Night Operations
10_ENGINEERING/Architecture/REC-0624_Observation_Protocol.md,REC-0624 — Observation Protocol,Rhythm Engine
10_ENGINEERING/Architecture/REC-0651_Arrival_Report.md,REC-0651 — Arrival Report,HQOS
10_ENGINEERING/Architecture/REC-0651_Arrival_Report.md,REC-0651 — Arrival Report,Mission State
10_ENGINEERING/Architecture/REC-0651_Arrival_Report.md,REC-0651 — Arrival Report,Operator Model
10_ENGINEERING/Architecture/REC-0651_Arrival_Report.md,REC-0651 — Arrival Report,Archives
10_ENGINEERING/Architecture/REC-0652_Operational_State_Classification.md,REC-0652 — Operational State Classification,HQOS
10_ENGINEERING/Architecture/REC-0652_Operational_State_Classification.md,REC-0652 — Operational State Classification,Mission State
10_ENGINEERING/Architecture/REC-0652_Operational_State_Classification.md,REC-0652 — Operational State Classification,Operator Model
10_ENGINEERING/Architecture/REC-0652_Operational_State_Classification.md,REC-0652 — Operational State Classification,Archives
10_ENGINEERING/Architecture/REC-0655_Command_Seal.md,REC-0655 — Command Seal,HQOS
10_ENGINEERING/Architecture/REC-0655_Command_Seal.md,REC-0655 — Command Seal,Mission State
10_ENGINEERING/Architecture/REC-0655_Command_Seal.md,REC-0655 — Command Seal,Operator Model
10_ENGINEERING/Architecture/REC-0655_Command_Seal.md,REC-0655 — Command Seal,Archives
10_ENGINEERING/Architecture/REC-0740_Rhythm_Engine.md,REC-0740 — Rhythm Engine,HQOS
10_ENGINEERING/Architecture/REC-0740_Rhythm_Engine.md,REC-0740 — Rhythm Engine,Master Index
10_ENGINEERING/Architecture/REC-0740_Rhythm_Engine.md,REC-0740 — Rhythm Engine,Archives
10_ENGINEERING/Architecture/REC-0740_Rhythm_Engine.md,REC-0740 — Rhythm Engine,Council
10_ENGINEERING/Architecture/REC-0740_Rhythm_Engine.md,REC-0740 — Rhythm Engine,Repository Standards
10_ENGINEERING/Testing/PH6-0043_Founder_Test.md,PH6-0043 — Founder Test,HQOS Event Bus
10_ENGINEERING/Testing/PH6-0043_Founder_Test.md,PH6-0043 — Founder Test,Mission Lifecycle
10_ENGINEERING/Testing/PH6-0043_Founder_Test.md,PH6-0043 — Founder Test,Operator Model
10_ENGINEERING/Testing/PH6-0043_Founder_Test.md,PH6-0043 — Founder Test,Archives
10_ENGINEERING/Testing/PH6-0043_Founder_Test.md,PH6-0043 — Founder Test,Doctrine Library
10_ENGINEERING/Testing/PH6-0043_Founder_Test.md,PH6-0043 — Founder Test,Council Protocol
10_ENGINEERING/Testing/PH6-0043_Founder_Test.md,PH6-0043 — Founder Test,Evidence Confidence System
10_ENGINEERING/Testing/REC-0684_Graduation_Test.md,REC-0684 — Graduation Test,HQOS
10_ENGINEERING/Testing/REC-0684_Graduation_Test.md,REC-0684 — Graduation Test,Mission State
10_ENGINEERING/Testing/REC-0684_Graduation_Test.md,REC-0684 — Graduation Test,Operator Model
10_ENGINEERING/Testing/REC-0684_Graduation_Test.md,REC-0684 — Graduation Test,Archives
09_INTERFACE/Screens/PH4-0002_Expensive_Minimalism.md,PH4-0002 — Expensive Minimalism,HQOS State Engine
09_INTERFACE/Screens/PH4-0002_Expensive_Minimalism.md,PH4-0002 — Expensive Minimalism,Mission Lifecycle
09_INTERFACE/Screens/PH4-0002_Expensive_Minimalism.md,PH4-0002 — Expensive Minimalism,Operator Model
09_INTERFACE/Screens/PH4-0002_Expensive_Minimalism.md,PH4-0002 — Expensive Minimalism,Archives
09_INTERFACE/Screens/PH4-0002_Expensive_Minimalism.md,PH4-0002 — Expensive Minimalism,Doctrine Library
09_INTERFACE/Screens/PH4-0004_Information_Hierarchy_Law.md,PH4-0004 — Information Hierarchy Law,HQOS State Engine
09_INTERFACE/Screens/PH4-0004_Information_Hierarchy_Law.md,PH4-0004 — Information Hierarchy Law,Mission Lifecycle
09_INTERFACE/Screens/PH4-0004_Information_Hierarchy_Law.md,PH4-0004 — Information Hierarchy Law,Operator Model
09_INTERFACE/Screens/PH4-0004_Information_Hierarchy_Law.md,PH4-0004 — Information Hierarchy Law,Archives
09_INTERFACE/Screens/PH4-0004_Information_Hierarchy_Law.md,PH4-0004 — Information Hierarchy Law,Doctrine Library
09_INTERFACE/Screens/PH4-0005_One_Objective_Per_Screen.md,PH4-0005 — One Objective Per Screen,HQOS State Engine
09_INTERFACE/Screens/PH4-0005_One_Objective_Per_Screen.md,PH4-0005 — One Objective Per Screen,Mission Lifecycle
09_INTERFACE/Screens/PH4-0005_One_Objective_Per_Screen.md,PH4-0005 — One Objective Per Screen,Operator Model
09_INTERFACE/Screens/PH4-0005_One_Objective_Per_Screen.md,PH4-0005 — One Objective Per Screen,Archives
09_INTERFACE/Screens/PH4-0005_One_Objective_Per_Screen.md,PH4-0005 — One Objective Per Screen,Doctrine Library
09_INTERFACE/Screens/PH4-0016_Central_Holographic_Table_Function.md,PH4-0016 — Central Holographic Table Function,HQOS State Engine
09_INTERFACE/Screens/PH4-0016_Central_Holographic_Table_Function.md,PH4-0016 — Central Holographic Table Function,Mission Lifecycle
09_INTERFACE/Screens/PH4-0016_Central_Holographic_Table_Function.md,PH4-0016 — Central Holographic Table Function,Operator Model
09_INTERFACE/Screens/PH4-0016_Central_Holographic_Table_Function.md,PH4-0016 — Central Holographic Table Function,Archives
09_INTERFACE/Screens/PH4-0016_Central_Holographic_Table_Function.md,PH4-0016 — Central Holographic Table Function,Doctrine Library
09_INTERFACE/Screens/PH4-0026_Evidence_Wall.md,PH4-0026 — Evidence Wall,HQOS State Engine
09_INTERFACE/Screens/PH4-0026_Evidence_Wall.md,PH4-0026 — Evidence Wall,Mission Lifecycle
09_INTERFACE/Screens/PH4-0026_Evidence_Wall.md,PH4-0026 — Evidence Wall,Operator Model
09_INTERFACE/Screens/PH4-0026_Evidence_Wall.md,PH4-0026 — Evidence Wall,Archives
09_INTERFACE/Screens/PH4-0026_Evidence_Wall.md,PH4-0026 — Evidence Wall,Doctrine Library
09_INTERFACE/Screens/PH4-0038_Every_Screen_Lowers_Cortisol.md,PH4-0038 — Every Screen Lowers Cortisol,HQOS State Engine
09_INTERFACE/Screens/PH4-0038_Every_Screen_Lowers_Cortisol.md,PH4-0038 — Every Screen Lowers Cortisol,Mission Lifecycle
09_INTERFACE/Screens/PH4-0038_Every_Screen_Lowers_Cortisol.md,PH4-0038 — Every Screen Lowers Cortisol,Operator Model
09_INTERFACE/Screens/PH4-0038_Every_Screen_Lowers_Cortisol.md,PH4-0038 — Every Screen Lowers Cortisol,Archives
09_INTERFACE/Screens/PH4-0038_Every_Screen_Lowers_Cortisol.md,PH4-0038 — Every Screen Lowers Cortisol,Doctrine Library
09_INTERFACE/Screens/PH4-0040_Rule_Of_One_Thought.md,PH4-0040 — Rule Of One Thought,HQOS State Engine
09_INTERFACE/Screens/PH4-0040_Rule_Of_One_Thought.md,PH4-0040 — Rule Of One Thought,Mission Lifecycle
09_INTERFACE/Screens/PH4-0040_Rule_Of_One_Thought.md,PH4-0040 — Rule Of One Thought,Operator Model
09_INTERFACE/Screens/PH4-0040_Rule_Of_One_Thought.md,PH4-0040 — Rule Of One Thought,Archives
09_INTERFACE/Screens/PH4-0040_Rule_Of_One_Thought.md,PH4-0040 — Rule Of One Thought,Doctrine Library
09_INTERFACE/Screens/PH5-0065_Psychological_Wind_Indicator.md,PH5-0065 — Psychological Wind Indicator,HQOS State Engine
09_INTERFACE/Screens/PH5-0065_Psychological_Wind_Indicator.md,PH5-0065 — Psychological Wind Indicator,Mission Lifecycle
09_INTERFACE/Screens/PH5-0065_Psychological_Wind_Indicator.md,PH5-0065 — Psychological Wind Indicator,Operator Model
09_INTERFACE/Screens/PH5-0065_Psychological_Wind_Indicator.md,PH5-0065 — Psychological Wind Indicator,Archives
09_INTERFACE/Screens/PH5-0065_Psychological_Wind_Indicator.md,PH5-0065 — Psychological Wind Indicator,Doctrine Library
09_INTERFACE/Screens/PH5-0065_Psychological_Wind_Indicator.md,PH5-0065 — Psychological Wind Indicator,Interface State System
09_INTERFACE/Screens/PH5-0065_Psychological_Wind_Indicator.md,PH5-0065 — Psychological Wind Indicator,Environmental Engine
09_INTERFACE/Screens/PH5-0077_Decision_Radius.md,PH5-0077 — Decision Radius,HQOS State Engine
09_INTERFACE/Screens/PH5-0077_Decision_Radius.md,PH5-0077 — Decision Radius,Mission Lifecycle
09_INTERFACE/Screens/PH5-0077_Decision_Radius.md,PH5-0077 — Decision Radius,Operator Model
09_INTERFACE/Screens/PH5-0077_Decision_Radius.md,PH5-0077 — Decision Radius,Archives
09_INTERFACE/Screens/PH5-0077_Decision_Radius.md,PH5-0077 — Decision Radius,Doctrine Library
09_INTERFACE/Screens/PH5-0077_Decision_Radius.md,PH5-0077 — Decision Radius,Interface State System
09_INTERFACE/Screens/PH5-0077_Decision_Radius.md,PH5-0077 — Decision Radius,Environmental Engine
09_INTERFACE/Screens/PH6-0039_Headquarters_Minimalism.md,PH6-0039 — Headquarters Minimalism,HQOS Event Bus
09_INTERFACE/Screens/PH6-0039_Headquarters_Minimalism.md,PH6-0039 — Headquarters Minimalism,Mission Lifecycle
09_INTERFACE/Screens/PH6-0039_Headquarters_Minimalism.md,PH6-0039 — Headquarters Minimalism,Operator Model
09_INTERFACE/Screens/PH6-0039_Headquarters_Minimalism.md,PH6-0039 — Headquarters Minimalism,Archives
09_INTERFACE/Screens/PH6-0039_Headquarters_Minimalism.md,PH6-0039 — Headquarters Minimalism,Doctrine Library
09_INTERFACE/Screens/PH6-0039_Headquarters_Minimalism.md,PH6-0039 — Headquarters Minimalism,Council Protocol
09_INTERFACE/Screens/PH6-0039_Headquarters_Minimalism.md,PH6-0039 — Headquarters Minimalism,Evidence Confidence System
09_INTERFACE/Screens/PH6-0040_Three_Second_Screen_Rule.md,PH6-0040 — Three Second Screen Rule,HQOS Event Bus
09_INTERFACE/Screens/PH6-0040_Three_Second_Screen_Rule.md,PH6-0040 — Three Second Screen Rule,Mission Lifecycle
09_INTERFACE/Screens/PH6-0040_Three_Second_Screen_Rule.md,PH6-0040 — Three Second Screen Rule,Operator Model
09_INTERFACE/Screens/PH6-0040_Three_Second_Screen_Rule.md,PH6-0040 — Three Second Screen Rule,Archives
09_INTERFACE/Screens/PH6-0040_Three_Second_Screen_Rule.md,PH6-0040 — Three Second Screen Rule,Doctrine Library
09_INTERFACE/Screens/PH6-0040_Three_Second_Screen_Rule.md,PH6-0040 — Three Second Screen Rule,Council Protocol
09_INTERFACE/Screens/PH6-0040_Three_Second_Screen_Rule.md,PH6-0040 — Three Second Screen Rule,Evidence Confidence System
09_INTERFACE/Screens/PH6-0041_No_Decoration_Rule.md,PH6-0041 — No Decoration Rule,HQOS Event Bus
09_INTERFACE/Screens/PH6-0041_No_Decoration_Rule.md,PH6-0041 — No Decoration Rule,Mission Lifecycle
09_INTERFACE/Screens/PH6-0041_No_Decoration_Rule.md,PH6-0041 — No Decoration Rule,Operator Model
09_INTERFACE/Screens/PH6-0041_No_Decoration_Rule.md,PH6-0041 — No Decoration Rule,Archives
09_INTERFACE/Screens/PH6-0041_No_Decoration_Rule.md,PH6-0041 — No Decoration Rule,Doctrine Library
09_INTERFACE/Screens/PH6-0041_No_Decoration_Rule.md,PH6-0041 — No Decoration Rule,Council Protocol
09_INTERFACE/Screens/PH6-0041_No_Decoration_Rule.md,PH6-0041 — No Decoration Rule,Evidence Confidence System
09_INTERFACE/Screens/PH6-0090_Three_Clocks.md,PH6-0090 — Three Clocks,HQOS Event Bus
09_INTERFACE/Screens/PH6-0090_Three_Clocks.md,PH6-0090 — Three Clocks,Mission Lifecycle
09_INTERFACE/Screens/PH6-0090_Three_Clocks.md,PH6-0090 — Three Clocks,Operator Model
09_INTERFACE/Screens/PH6-0090_Three_Clocks.md,PH6-0090 — Three Clocks,Archives
09_INTERFACE/Screens/PH6-0090_Three_Clocks.md,PH6-0090 — Three Clocks,Doctrine Library
09_INTERFACE/Screens/PH6-0090_Three_Clocks.md,PH6-0090 — Three Clocks,Council Protocol
09_INTERFACE/Screens/PH6-0090_Three_Clocks.md,PH6-0090 — Three Clocks,Evidence Confidence System
09_INTERFACE/Screens/REC-0782_Security_Checkpoint_Login_Replacement.md,REC-0782 — Security Checkpoint Login Replacement,HQOS
09_INTERFACE/Screens/REC-0782_Security_Checkpoint_Login_Replacement.md,REC-0782 — Security Checkpoint Login Replacement,Interface System
09_INTERFACE/Screens/REC-0782_Security_Checkpoint_Login_Replacement.md,REC-0782 — Security Checkpoint Login Replacement,Archives
09_INTERFACE/Screens/REC-0782_Security_Checkpoint_Login_Replacement.md,REC-0782 — Security Checkpoint Login Replacement,Master Index
09_INTERFACE/Screens/REC-0783_Report_For_Duty_Command.md,REC-0783 — Report For Duty Command,HQOS
09_INTERFACE/Screens/REC-0783_Report_For_Duty_Command.md,REC-0783 — Report For Duty Command,Interface System
09_INTERFACE/Screens/REC-0783_Report_For_Duty_Command.md,REC-0783 — Report For Duty Command,Archives
09_INTERFACE/Screens/REC-0783_Report_For_Duty_Command.md,REC-0783 — Report For Duty Command,Master Index
09_INTERFACE/Screens/REC-0800_Second_Screen_Philosophy.md,REC-0800 — Second Screen Philosophy,HQOS
09_INTERFACE/Screens/REC-0800_Second_Screen_Philosophy.md,REC-0800 — Second Screen Philosophy,Interface System
09_INTERFACE/Screens/REC-0800_Second_Screen_Philosophy.md,REC-0800 — Second Screen Philosophy,Archives
09_INTERFACE/Screens/REC-0800_Second_Screen_Philosophy.md,REC-0800 — Second Screen Philosophy,Master Index
09_INTERFACE/Screens/REC-0801_Tactical_Overlay_Future.md,REC-0801 — Tactical Overlay Future,HQOS
09_INTERFACE/Screens/REC-0801_Tactical_Overlay_Future.md,REC-0801 — Tactical Overlay Future,Interface System
09_INTERFACE/Screens/REC-0801_Tactical_Overlay_Future.md,REC-0801 — Tactical Overlay Future,Archives
09_INTERFACE/Screens/REC-0801_Tactical_Overlay_Future.md,REC-0801 — Tactical Overlay Future,Master Index
09_INTERFACE/Audio/PH4-0008_Sound_Purpose_System.md,PH4-0008 — Sound Purpose System,HQOS State Engine
09_INTERFACE/Audio/PH4-0008_Sound_Purpose_System.md,PH4-0008 — Sound Purpose System,Mission Lifecycle
09_INTERFACE/Audio/PH4-0008_Sound_Purpose_System.md,PH4-0008 — Sound Purpose System,Operator Model
09_INTERFACE/Audio/PH4-0008_Sound_Purpose_System.md,PH4-0008 — Sound Purpose System,Archives
09_INTERFACE/Audio/PH4-0008_Sound_Purpose_System.md,PH4-0008 — Sound Purpose System,Doctrine Library
09_INTERFACE/Lighting/PH4-0007_Color_Meaning_System.md,PH4-0007 — Color Meaning System,HQOS State Engine
09_INTERFACE/Lighting/PH4-0007_Color_Meaning_System.md,PH4-0007 — Color Meaning System,Mission Lifecycle
09_INTERFACE/Lighting/PH4-0007_Color_Meaning_System.md,PH4-0007 — Color Meaning System,Operator Model
09_INTERFACE/Lighting/PH4-0007_Color_Meaning_System.md,PH4-0007 — Color Meaning System,Archives
09_INTERFACE/Lighting/PH4-0007_Color_Meaning_System.md,PH4-0007 — Color Meaning System,Doctrine Library
09_INTERFACE/Motion/PH4-0006_Motion_Has_Meaning.md,PH4-0006 — Motion Has Meaning,HQOS State Engine
09_INTERFACE/Motion/PH4-0006_Motion_Has_Meaning.md,PH4-0006 — Motion Has Meaning,Mission Lifecycle
09_INTERFACE/Motion/PH4-0006_Motion_Has_Meaning.md,PH4-0006 — Motion Has Meaning,Operator Model
09_INTERFACE/Motion/PH4-0006_Motion_Has_Meaning.md,PH4-0006 — Motion Has Meaning,Archives
09_INTERFACE/Motion/PH4-0006_Motion_Has_Meaning.md,PH4-0006 — Motion Has Meaning,Doctrine Library
08_ARCHIVES/Memory_Objects/PH4-0024_Report_Reliability_Score.md,PH4-0024 — Report Reliability Score,HQOS State Engine
08_ARCHIVES/Memory_Objects/PH4-0024_Report_Reliability_Score.md,PH4-0024 — Report Reliability Score,Mission Lifecycle
08_ARCHIVES/Memory_Objects/PH4-0024_Report_Reliability_Score.md,PH4-0024 — Report Reliability Score,Operator Model
08_ARCHIVES/Memory_Objects/PH4-0024_Report_Reliability_Score.md,PH4-0024 — Report Reliability Score,Archives
08_ARCHIVES/Memory_Objects/PH4-0024_Report_Reliability_Score.md,PH4-0024 — Report Reliability Score,Doctrine Library
08_ARCHIVES/Memory_Objects/PH4-0025_Operation_Cover_Up_Case_File.md,PH4-0025 — Operation Cover-Up Case File,HQOS State Engine
08_ARCHIVES/Memory_Objects/PH4-0025_Operation_Cover_Up_Case_File.md,PH4-0025 — Operation Cover-Up Case File,Mission Lifecycle
08_ARCHIVES/Memory_Objects/PH4-0025_Operation_Cover_Up_Case_File.md,PH4-0025 — Operation Cover-Up Case File,Operator Model
08_ARCHIVES/Memory_Objects/PH4-0025_Operation_Cover_Up_Case_File.md,PH4-0025 — Operation Cover-Up Case File,Archives
08_ARCHIVES/Memory_Objects/PH4-0025_Operation_Cover_Up_Case_File.md,PH4-0025 — Operation Cover-Up Case File,Doctrine Library
08_ARCHIVES/Memory_Objects/PH5-0019_Invisible_Timeline.md,PH5-0019 — Invisible Timeline,HQOS State Engine
08_ARCHIVES/Memory_Objects/PH5-0019_Invisible_Timeline.md,PH5-0019 — Invisible Timeline,Mission Lifecycle
08_ARCHIVES/Memory_Objects/PH5-0019_Invisible_Timeline.md,PH5-0019 — Invisible Timeline,Operator Model
08_ARCHIVES/Memory_Objects/PH5-0019_Invisible_Timeline.md,PH5-0019 — Invisible Timeline,Archives
08_ARCHIVES/Memory_Objects/PH5-0019_Invisible_Timeline.md,PH5-0019 — Invisible Timeline,Doctrine Library
08_ARCHIVES/Memory_Objects/PH5-0019_Invisible_Timeline.md,PH5-0019 — Invisible Timeline,Institutional Memory Core
08_ARCHIVES/Memory_Objects/PH5-0019_Invisible_Timeline.md,PH5-0019 — Invisible Timeline,SQLite Archive Schema
08_ARCHIVES/Memory_Objects/PH5-0067_Technical_Recorder.md,PH5-0067 — Technical Recorder,HQOS State Engine
08_ARCHIVES/Memory_Objects/PH5-0067_Technical_Recorder.md,PH5-0067 — Technical Recorder,Mission Lifecycle
08_ARCHIVES/Memory_Objects/PH5-0067_Technical_Recorder.md,PH5-0067 — Technical Recorder,Operator Model
08_ARCHIVES/Memory_Objects/PH5-0067_Technical_Recorder.md,PH5-0067 — Technical Recorder,Archives
08_ARCHIVES/Memory_Objects/PH5-0067_Technical_Recorder.md,PH5-0067 — Technical Recorder,Doctrine Library
08_ARCHIVES/Memory_Objects/PH5-0067_Technical_Recorder.md,PH5-0067 — Technical Recorder,Institutional Memory Core
08_ARCHIVES/Memory_Objects/PH5-0067_Technical_Recorder.md,PH5-0067 — Technical Recorder,SQLite Archive Schema
08_ARCHIVES/Memory_Objects/PH6-0010_Myth_Library.md,PH6-0010 — Myth Library,HQOS Event Bus
08_ARCHIVES/Memory_Objects/PH6-0010_Myth_Library.md,PH6-0010 — Myth Library,Mission Lifecycle
08_ARCHIVES/Memory_Objects/PH6-0010_Myth_Library.md,PH6-0010 — Myth Library,Operator Model
08_ARCHIVES/Memory_Objects/PH6-0010_Myth_Library.md,PH6-0010 — Myth Library,Archives
08_ARCHIVES/Memory_Objects/PH6-0010_Myth_Library.md,PH6-0010 — Myth Library,Doctrine Library
08_ARCHIVES/Memory_Objects/PH6-0010_Myth_Library.md,PH6-0010 — Myth Library,Council Protocol
08_ARCHIVES/Memory_Objects/PH6-0010_Myth_Library.md,PH6-0010 — Myth Library,Evidence Confidence System
08_ARCHIVES/Memory_Objects/PH6-0023_Success_With_Warning_Classification.md,PH6-0023 — Success With Warning Classification,HQOS Event Bus
08_ARCHIVES/Memory_Objects/PH6-0023_Success_With_Warning_Classification.md,PH6-0023 — Success With Warning Classification,Mission Lifecycle
08_ARCHIVES/Memory_Objects/PH6-0023_Success_With_Warning_Classification.md,PH6-0023 — Success With Warning Classification,Operator Model
08_ARCHIVES/Memory_Objects/PH6-0023_Success_With_Warning_Classification.md,PH6-0023 — Success With Warning Classification,Archives
08_ARCHIVES/Memory_Objects/PH6-0023_Success_With_Warning_Classification.md,PH6-0023 — Success With Warning Classification,Doctrine Library
08_ARCHIVES/Memory_Objects/PH6-0023_Success_With_Warning_Classification.md,PH6-0023 — Success With Warning Classification,Council Protocol
08_ARCHIVES/Memory_Objects/PH6-0023_Success_With_Warning_Classification.md,PH6-0023 — Success With Warning Classification,Evidence Confidence System
08_ARCHIVES/Memory_Objects/PH6-0044_Archive_of_Removed_Features.md,PH6-0044 — Archive of Removed Features,HQOS Event Bus
08_ARCHIVES/Memory_Objects/PH6-0044_Archive_of_Removed_Features.md,PH6-0044 — Archive of Removed Features,Mission Lifecycle
08_ARCHIVES/Memory_Objects/PH6-0044_Archive_of_Removed_Features.md,PH6-0044 — Archive of Removed Features,Operator Model
08_ARCHIVES/Memory_Objects/PH6-0044_Archive_of_Removed_Features.md,PH6-0044 — Archive of Removed Features,Archives
08_ARCHIVES/Memory_Objects/PH6-0044_Archive_of_Removed_Features.md,PH6-0044 — Archive of Removed Features,Doctrine Library
08_ARCHIVES/Memory_Objects/PH6-0044_Archive_of_Removed_Features.md,PH6-0044 — Archive of Removed Features,Council Protocol
08_ARCHIVES/Memory_Objects/PH6-0044_Archive_of_Removed_Features.md,PH6-0044 — Archive of Removed Features,Evidence Confidence System
08_ARCHIVES/Memory_Objects/PH6-0054_Operations_Journal.md,PH6-0054 — Operations Journal,HQOS Event Bus
08_ARCHIVES/Memory_Objects/PH6-0054_Operations_Journal.md,PH6-0054 — Operations Journal,Mission Lifecycle
08_ARCHIVES/Memory_Objects/PH6-0054_Operations_Journal.md,PH6-0054 — Operations Journal,Operator Model
08_ARCHIVES/Memory_Objects/PH6-0054_Operations_Journal.md,PH6-0054 — Operations Journal,Archives
08_ARCHIVES/Memory_Objects/PH6-0054_Operations_Journal.md,PH6-0054 — Operations Journal,Doctrine Library
08_ARCHIVES/Memory_Objects/PH6-0054_Operations_Journal.md,PH6-0054 — Operations Journal,Council Protocol
08_ARCHIVES/Memory_Objects/PH6-0054_Operations_Journal.md,PH6-0054 — Operations Journal,Evidence Confidence System
08_ARCHIVES/Memory_Objects/PH6-0056_Command_Ledger.md,PH6-0056 — Command Ledger,HQOS Event Bus
08_ARCHIVES/Memory_Objects/PH6-0056_Command_Ledger.md,PH6-0056 — Command Ledger,Mission Lifecycle
08_ARCHIVES/Memory_Objects/PH6-0056_Command_Ledger.md,PH6-0056 — Command Ledger,Operator Model
08_ARCHIVES/Memory_Objects/PH6-0056_Command_Ledger.md,PH6-0056 — Command Ledger,Archives
08_ARCHIVES/Memory_Objects/PH6-0056_Command_Ledger.md,PH6-0056 — Command Ledger,Doctrine Library
08_ARCHIVES/Memory_Objects/PH6-0056_Command_Ledger.md,PH6-0056 — Command Ledger,Council Protocol
08_ARCHIVES/Memory_Objects/PH6-0056_Command_Ledger.md,PH6-0056 — Command Ledger,Evidence Confidence System
08_ARCHIVES/Memory_Objects/PH6-0076_Memory_Pyramid.md,PH6-0076 — Memory Pyramid,HQOS Event Bus
08_ARCHIVES/Memory_Objects/PH6-0076_Memory_Pyramid.md,PH6-0076 — Memory Pyramid,Mission Lifecycle
08_ARCHIVES/Memory_Objects/PH6-0076_Memory_Pyramid.md,PH6-0076 — Memory Pyramid,Operator Model
08_ARCHIVES/Memory_Objects/PH6-0076_Memory_Pyramid.md,PH6-0076 — Memory Pyramid,Archives
08_ARCHIVES/Memory_Objects/PH6-0076_Memory_Pyramid.md,PH6-0076 — Memory Pyramid,Doctrine Library
08_ARCHIVES/Memory_Objects/PH6-0076_Memory_Pyramid.md,PH6-0076 — Memory Pyramid,Council Protocol
08_ARCHIVES/Memory_Objects/PH6-0076_Memory_Pyramid.md,PH6-0076 — Memory Pyramid,Evidence Confidence System
08_ARCHIVES/Memory_Objects/PH6-0078_Memory_Importance_Rating.md,PH6-0078 — Memory Importance Rating,HQOS Event Bus
08_ARCHIVES/Memory_Objects/PH6-0078_Memory_Importance_Rating.md,PH6-0078 — Memory Importance Rating,Mission Lifecycle
08_ARCHIVES/Memory_Objects/PH6-0078_Memory_Importance_Rating.md,PH6-0078 — Memory Importance Rating,Operator Model
08_ARCHIVES/Memory_Objects/PH6-0078_Memory_Importance_Rating.md,PH6-0078 — Memory Importance Rating,Archives
08_ARCHIVES/Memory_Objects/PH6-0078_Memory_Importance_Rating.md,PH6-0078 — Memory Importance Rating,Doctrine Library
08_ARCHIVES/Memory_Objects/PH6-0078_Memory_Importance_Rating.md,PH6-0078 — Memory Importance Rating,Council Protocol
08_ARCHIVES/Memory_Objects/PH6-0078_Memory_Importance_Rating.md,PH6-0078 — Memory Importance Rating,Evidence Confidence System
08_ARCHIVES/Memory_Objects/PH6-0079_Memory_Graph.md,PH6-0079 — Memory Graph,HQOS Event Bus
08_ARCHIVES/Memory_Objects/PH6-0079_Memory_Graph.md,PH6-0079 — Memory Graph,Mission Lifecycle
08_ARCHIVES/Memory_Objects/PH6-0079_Memory_Graph.md,PH6-0079 — Memory Graph,Operator Model
08_ARCHIVES/Memory_Objects/PH6-0079_Memory_Graph.md,PH6-0079 — Memory Graph,Archives
08_ARCHIVES/Memory_Objects/PH6-0079_Memory_Graph.md,PH6-0079 — Memory Graph,Doctrine Library
08_ARCHIVES/Memory_Objects/PH6-0079_Memory_Graph.md,PH6-0079 — Memory Graph,Council Protocol
08_ARCHIVES/Memory_Objects/PH6-0079_Memory_Graph.md,PH6-0079 — Memory Graph,Evidence Confidence System
08_ARCHIVES/Memory_Objects/PH6-0081_Idea_Family_Trees.md,PH6-0081 — Idea Family Trees,HQOS Event Bus
08_ARCHIVES/Memory_Objects/PH6-0081_Idea_Family_Trees.md,PH6-0081 — Idea Family Trees,Mission Lifecycle
08_ARCHIVES/Memory_Objects/PH6-0081_Idea_Family_Trees.md,PH6-0081 — Idea Family Trees,Operator Model
08_ARCHIVES/Memory_Objects/PH6-0081_Idea_Family_Trees.md,PH6-0081 — Idea Family Trees,Archives
08_ARCHIVES/Memory_Objects/PH6-0081_Idea_Family_Trees.md,PH6-0081 — Idea Family Trees,Doctrine Library
08_ARCHIVES/Memory_Objects/PH6-0081_Idea_Family_Trees.md,PH6-0081 — Idea Family Trees,Council Protocol
08_ARCHIVES/Memory_Objects/PH6-0081_Idea_Family_Trees.md,PH6-0081 — Idea Family Trees,Evidence Confidence System
08_ARCHIVES/Memory_Objects/PH6-0085_Living_Museum.md,PH6-0085 — Living Museum,HQOS Event Bus
08_ARCHIVES/Memory_Objects/PH6-0085_Living_Museum.md,PH6-0085 — Living Museum,Mission Lifecycle
08_ARCHIVES/Memory_Objects/PH6-0085_Living_Museum.md,PH6-0085 — Living Museum,Operator Model
08_ARCHIVES/Memory_Objects/PH6-0085_Living_Museum.md,PH6-0085 — Living Museum,Archives
08_ARCHIVES/Memory_Objects/PH6-0085_Living_Museum.md,PH6-0085 — Living Museum,Doctrine Library
08_ARCHIVES/Memory_Objects/PH6-0085_Living_Museum.md,PH6-0085 — Living Museum,Council Protocol
08_ARCHIVES/Memory_Objects/PH6-0085_Living_Museum.md,PH6-0085 — Living Museum,Evidence Confidence System
08_ARCHIVES/Memory_Objects/PH6-0098_Archives_Terminology.md,PH6-0098 — Archives Terminology,HQOS Event Bus
08_ARCHIVES/Memory_Objects/PH6-0098_Archives_Terminology.md,PH6-0098 — Archives Terminology,Mission Lifecycle
08_ARCHIVES/Memory_Objects/PH6-0098_Archives_Terminology.md,PH6-0098 — Archives Terminology,Operator Model
08_ARCHIVES/Memory_Objects/PH6-0098_Archives_Terminology.md,PH6-0098 — Archives Terminology,Archives
08_ARCHIVES/Memory_Objects/PH6-0098_Archives_Terminology.md,PH6-0098 — Archives Terminology,Doctrine Library
08_ARCHIVES/Memory_Objects/PH6-0098_Archives_Terminology.md,PH6-0098 — Archives Terminology,Council Protocol
08_ARCHIVES/Memory_Objects/PH6-0098_Archives_Terminology.md,PH6-0098 — Archives Terminology,Evidence Confidence System
08_ARCHIVES/Memory_Objects/REC-0785_Mechanical_Archive_Stamp.md,REC-0785 — Mechanical Archive Stamp,HQOS
08_ARCHIVES/Memory_Objects/REC-0785_Mechanical_Archive_Stamp.md,REC-0785 — Mechanical Archive Stamp,Interface System
08_ARCHIVES/Memory_Objects/REC-0785_Mechanical_Archive_Stamp.md,REC-0785 — Mechanical Archive Stamp,Archives
08_ARCHIVES/Memory_Objects/REC-0785_Mechanical_Archive_Stamp.md,REC-0785 — Mechanical Archive Stamp,Master Index
08_ARCHIVES/Memory_Objects/REC-0632_Memory_Pyramid.md,REC-0632 — Memory Pyramid,Archives
08_ARCHIVES/Memory_Objects/REC-0632_Memory_Pyramid.md,REC-0632 — Memory Pyramid,SQLite Schema
08_ARCHIVES/Memory_Objects/REC-0632_Memory_Pyramid.md,REC-0632 — Memory Pyramid,Historian
08_ARCHIVES/Memory_Objects/REC-0632_Memory_Pyramid.md,REC-0632 — Memory Pyramid,Mission Engine
08_ARCHIVES/Memory_Objects/REC-0632_Memory_Pyramid.md,REC-0632 — Memory Pyramid,Campaign Engine
08_ARCHIVES/Memory_Objects/REC-0634_Memory_Graph.md,REC-0634 — Memory Graph,Archives
08_ARCHIVES/Memory_Objects/REC-0634_Memory_Graph.md,REC-0634 — Memory Graph,SQLite Schema
08_ARCHIVES/Memory_Objects/REC-0634_Memory_Graph.md,REC-0634 — Memory Graph,Historian
08_ARCHIVES/Memory_Objects/REC-0634_Memory_Graph.md,REC-0634 — Memory Graph,Mission Engine
08_ARCHIVES/Memory_Objects/REC-0634_Memory_Graph.md,REC-0634 — Memory Graph,Campaign Engine
08_ARCHIVES/Memory_Objects/REC-0637_Memory_Confidence.md,REC-0637 — Memory Confidence,Archives
08_ARCHIVES/Memory_Objects/REC-0637_Memory_Confidence.md,REC-0637 — Memory Confidence,SQLite Schema
08_ARCHIVES/Memory_Objects/REC-0637_Memory_Confidence.md,REC-0637 — Memory Confidence,Historian
08_ARCHIVES/Memory_Objects/REC-0637_Memory_Confidence.md,REC-0637 — Memory Confidence,Mission Engine
08_ARCHIVES/Memory_Objects/REC-0637_Memory_Confidence.md,REC-0637 — Memory Confidence,Campaign Engine
08_ARCHIVES/Memory_Objects/REC-0640_Time_Architecture.md,REC-0640 — Time Architecture,Archives
08_ARCHIVES/Memory_Objects/REC-0640_Time_Architecture.md,REC-0640 — Time Architecture,SQLite Schema
08_ARCHIVES/Memory_Objects/REC-0640_Time_Architecture.md,REC-0640 — Time Architecture,Historian
08_ARCHIVES/Memory_Objects/REC-0640_Time_Architecture.md,REC-0640 — Time Architecture,Mission Engine
08_ARCHIVES/Memory_Objects/REC-0640_Time_Architecture.md,REC-0640 — Time Architecture,Campaign Engine
08_ARCHIVES/Memory_Objects/REC-0641_Three_Clocks.md,REC-0641 — Three Clocks,Archives
08_ARCHIVES/Memory_Objects/REC-0641_Three_Clocks.md,REC-0641 — Three Clocks,SQLite Schema
08_ARCHIVES/Memory_Objects/REC-0641_Three_Clocks.md,REC-0641 — Three Clocks,Historian
08_ARCHIVES/Memory_Objects/REC-0641_Three_Clocks.md,REC-0641 — Three Clocks,Mission Engine
08_ARCHIVES/Memory_Objects/REC-0641_Three_Clocks.md,REC-0641 — Three Clocks,Campaign Engine
08_ARCHIVES/Memory_Objects/REC-0644_Strategic_Patience.md,REC-0644 — Strategic Patience,Archives
08_ARCHIVES/Memory_Objects/REC-0644_Strategic_Patience.md,REC-0644 — Strategic Patience,SQLite Schema
08_ARCHIVES/Memory_Objects/REC-0644_Strategic_Patience.md,REC-0644 — Strategic Patience,Historian
08_ARCHIVES/Memory_Objects/REC-0644_Strategic_Patience.md,REC-0644 — Strategic Patience,Mission Engine
08_ARCHIVES/Memory_Objects/REC-0644_Strategic_Patience.md,REC-0644 — Strategic Patience,Campaign Engine
08_ARCHIVES/Memory_Objects/REC-0645_Future_Archive_Shelves.md,REC-0645 — Future Archive Shelves,Archives
08_ARCHIVES/Memory_Objects/REC-0645_Future_Archive_Shelves.md,REC-0645 — Future Archive Shelves,SQLite Schema
08_ARCHIVES/Memory_Objects/REC-0645_Future_Archive_Shelves.md,REC-0645 — Future Archive Shelves,Historian
08_ARCHIVES/Memory_Objects/REC-0645_Future_Archive_Shelves.md,REC-0645 — Future Archive Shelves,Mission Engine
08_ARCHIVES/Memory_Objects/REC-0645_Future_Archive_Shelves.md,REC-0645 — Future Archive Shelves,Campaign Engine
08_ARCHIVES/Doctrine/PH4-0030_Outcome_Not_Supported_By_Doctrine_Classification.md,PH4-0030 — Outcome Not Supported By Doctrine Classification,HQOS State Engine
08_ARCHIVES/Doctrine/PH4-0030_Outcome_Not_Supported_By_Doctrine_Classification.md,PH4-0030 — Outcome Not Supported By Doctrine Classification,Mission Lifecycle
08_ARCHIVES/Doctrine/PH4-0030_Outcome_Not_Supported_By_Doctrine_Classification.md,PH4-0030 — Outcome Not Supported By Doctrine Classification,Operator Model
08_ARCHIVES/Doctrine/PH4-0030_Outcome_Not_Supported_By_Doctrine_Classification.md,PH4-0030 — Outcome Not Supported By Doctrine Classification,Archives
08_ARCHIVES/Doctrine/PH4-0030_Outcome_Not_Supported_By_Doctrine_Classification.md,PH4-0030 — Outcome Not Supported By Doctrine Classification,Doctrine Library
08_ARCHIVES/Doctrine/PH4-0035_Doctrine_Does_Not_Negotiate_With_Emotion.md,PH4-0035 — Doctrine Does Not Negotiate With Emotion,HQOS State Engine
08_ARCHIVES/Doctrine/PH4-0035_Doctrine_Does_Not_Negotiate_With_Emotion.md,PH4-0035 — Doctrine Does Not Negotiate With Emotion,Mission Lifecycle
08_ARCHIVES/Doctrine/PH4-0035_Doctrine_Does_Not_Negotiate_With_Emotion.md,PH4-0035 — Doctrine Does Not Negotiate With Emotion,Operator Model
08_ARCHIVES/Doctrine/PH4-0035_Doctrine_Does_Not_Negotiate_With_Emotion.md,PH4-0035 — Doctrine Does Not Negotiate With Emotion,Archives
08_ARCHIVES/Doctrine/PH4-0035_Doctrine_Does_Not_Negotiate_With_Emotion.md,PH4-0035 — Doctrine Does Not Negotiate With Emotion,Doctrine Library
08_ARCHIVES/Doctrine/PH6-0002_Doctrine_Levels.md,PH6-0002 — Doctrine Levels,HQOS Event Bus
08_ARCHIVES/Doctrine/PH6-0002_Doctrine_Levels.md,PH6-0002 — Doctrine Levels,Mission Lifecycle
08_ARCHIVES/Doctrine/PH6-0002_Doctrine_Levels.md,PH6-0002 — Doctrine Levels,Operator Model
08_ARCHIVES/Doctrine/PH6-0002_Doctrine_Levels.md,PH6-0002 — Doctrine Levels,Archives
08_ARCHIVES/Doctrine/PH6-0002_Doctrine_Levels.md,PH6-0002 — Doctrine Levels,Doctrine Library
08_ARCHIVES/Doctrine/PH6-0002_Doctrine_Levels.md,PH6-0002 — Doctrine Levels,Council Protocol
08_ARCHIVES/Doctrine/PH6-0002_Doctrine_Levels.md,PH6-0002 — Doctrine Levels,Evidence Confidence System
08_ARCHIVES/Doctrine/PH6-0003_Evidence_Collection_Started_State.md,PH6-0003 — Evidence Collection Started State,HQOS Event Bus
08_ARCHIVES/Doctrine/PH6-0003_Evidence_Collection_Started_State.md,PH6-0003 — Evidence Collection Started State,Mission Lifecycle
08_ARCHIVES/Doctrine/PH6-0003_Evidence_Collection_Started_State.md,PH6-0003 — Evidence Collection Started State,Operator Model
08_ARCHIVES/Doctrine/PH6-0003_Evidence_Collection_Started_State.md,PH6-0003 — Evidence Collection Started State,Archives
08_ARCHIVES/Doctrine/PH6-0003_Evidence_Collection_Started_State.md,PH6-0003 — Evidence Collection Started State,Doctrine Library
08_ARCHIVES/Doctrine/PH6-0003_Evidence_Collection_Started_State.md,PH6-0003 — Evidence Collection Started State,Council Protocol
08_ARCHIVES/Doctrine/PH6-0003_Evidence_Collection_Started_State.md,PH6-0003 — Evidence Collection Started State,Evidence Confidence System
08_ARCHIVES/Doctrine/PH6-0004_Doctrine_Printer_Ceremony.md,PH6-0004 — Doctrine Printer Ceremony,HQOS Event Bus
08_ARCHIVES/Doctrine/PH6-0004_Doctrine_Printer_Ceremony.md,PH6-0004 — Doctrine Printer Ceremony,Mission Lifecycle
08_ARCHIVES/Doctrine/PH6-0004_Doctrine_Printer_Ceremony.md,PH6-0004 — Doctrine Printer Ceremony,Operator Model
08_ARCHIVES/Doctrine/PH6-0004_Doctrine_Printer_Ceremony.md,PH6-0004 — Doctrine Printer Ceremony,Archives
08_ARCHIVES/Doctrine/PH6-0004_Doctrine_Printer_Ceremony.md,PH6-0004 — Doctrine Printer Ceremony,Doctrine Library
08_ARCHIVES/Doctrine/PH6-0004_Doctrine_Printer_Ceremony.md,PH6-0004 — Doctrine Printer Ceremony,Council Protocol
08_ARCHIVES/Doctrine/PH6-0004_Doctrine_Printer_Ceremony.md,PH6-0004 — Doctrine Printer Ceremony,Evidence Confidence System
08_ARCHIVES/Doctrine/PH6-0006_Rule_Graveyard.md,PH6-0006 — Rule Graveyard,HQOS Event Bus
08_ARCHIVES/Doctrine/PH6-0006_Rule_Graveyard.md,PH6-0006 — Rule Graveyard,Mission Lifecycle
08_ARCHIVES/Doctrine/PH6-0006_Rule_Graveyard.md,PH6-0006 — Rule Graveyard,Operator Model
08_ARCHIVES/Doctrine/PH6-0006_Rule_Graveyard.md,PH6-0006 — Rule Graveyard,Archives
08_ARCHIVES/Doctrine/PH6-0006_Rule_Graveyard.md,PH6-0006 — Rule Graveyard,Doctrine Library
08_ARCHIVES/Doctrine/PH6-0006_Rule_Graveyard.md,PH6-0006 — Rule Graveyard,Council Protocol
08_ARCHIVES/Doctrine/PH6-0006_Rule_Graveyard.md,PH6-0006 — Rule Graveyard,Evidence Confidence System
08_ARCHIVES/Doctrine/PH6-0007_Doctrine_Wars.md,PH6-0007 — Doctrine Wars,HQOS Event Bus
08_ARCHIVES/Doctrine/PH6-0007_Doctrine_Wars.md,PH6-0007 — Doctrine Wars,Mission Lifecycle
08_ARCHIVES/Doctrine/PH6-0007_Doctrine_Wars.md,PH6-0007 — Doctrine Wars,Operator Model
08_ARCHIVES/Doctrine/PH6-0007_Doctrine_Wars.md,PH6-0007 — Doctrine Wars,Archives
08_ARCHIVES/Doctrine/PH6-0007_Doctrine_Wars.md,PH6-0007 — Doctrine Wars,Doctrine Library
08_ARCHIVES/Doctrine/PH6-0007_Doctrine_Wars.md,PH6-0007 — Doctrine Wars,Council Protocol
08_ARCHIVES/Doctrine/PH6-0007_Doctrine_Wars.md,PH6-0007 — Doctrine Wars,Evidence Confidence System
08_ARCHIVES/Doctrine/PH6-0011_Doctrine_Confidence.md,PH6-0011 — Doctrine Confidence,HQOS Event Bus
08_ARCHIVES/Doctrine/PH6-0011_Doctrine_Confidence.md,PH6-0011 — Doctrine Confidence,Mission Lifecycle
08_ARCHIVES/Doctrine/PH6-0011_Doctrine_Confidence.md,PH6-0011 — Doctrine Confidence,Operator Model
08_ARCHIVES/Doctrine/PH6-0011_Doctrine_Confidence.md,PH6-0011 — Doctrine Confidence,Archives
08_ARCHIVES/Doctrine/PH6-0011_Doctrine_Confidence.md,PH6-0011 — Doctrine Confidence,Doctrine Library
08_ARCHIVES/Doctrine/PH6-0011_Doctrine_Confidence.md,PH6-0011 — Doctrine Confidence,Council Protocol
08_ARCHIVES/Doctrine/PH6-0011_Doctrine_Confidence.md,PH6-0011 — Doctrine Confidence,Evidence Confidence System
08_ARCHIVES/Doctrine/PH6-0013_Operational_Doctrine_Trees.md,PH6-0013 — Operational Doctrine Trees,HQOS Event Bus
08_ARCHIVES/Doctrine/PH6-0013_Operational_Doctrine_Trees.md,PH6-0013 — Operational Doctrine Trees,Mission Lifecycle
08_ARCHIVES/Doctrine/PH6-0013_Operational_Doctrine_Trees.md,PH6-0013 — Operational Doctrine Trees,Operator Model
08_ARCHIVES/Doctrine/PH6-0013_Operational_Doctrine_Trees.md,PH6-0013 — Operational Doctrine Trees,Archives
08_ARCHIVES/Doctrine/PH6-0013_Operational_Doctrine_Trees.md,PH6-0013 — Operational Doctrine Trees,Doctrine Library
08_ARCHIVES/Doctrine/PH6-0013_Operational_Doctrine_Trees.md,PH6-0013 — Operational Doctrine Trees,Council Protocol
08_ARCHIVES/Doctrine/PH6-0013_Operational_Doctrine_Trees.md,PH6-0013 — Operational Doctrine Trees,Evidence Confidence System
08_ARCHIVES/Doctrine/REC-0798_SQLite_Archive_Doctrine.md,REC-0798 — SQLite Archive Doctrine,HQOS
08_ARCHIVES/Doctrine/REC-0798_SQLite_Archive_Doctrine.md,REC-0798 — SQLite Archive Doctrine,Interface System
08_ARCHIVES/Doctrine/REC-0798_SQLite_Archive_Doctrine.md,REC-0798 — SQLite Archive Doctrine,Archives
08_ARCHIVES/Doctrine/REC-0798_SQLite_Archive_Doctrine.md,REC-0798 — SQLite Archive Doctrine,Master Index
08_ARCHIVES/Doctrine/REC-0647_Archives_Naming_Doctrine.md,REC-0647 — Archives Naming Doctrine,Archives
08_ARCHIVES/Doctrine/REC-0647_Archives_Naming_Doctrine.md,REC-0647 — Archives Naming Doctrine,SQLite Schema
08_ARCHIVES/Doctrine/REC-0647_Archives_Naming_Doctrine.md,REC-0647 — Archives Naming Doctrine,Historian
08_ARCHIVES/Doctrine/REC-0647_Archives_Naming_Doctrine.md,REC-0647 — Archives Naming Doctrine,Mission Engine
08_ARCHIVES/Doctrine/REC-0647_Archives_Naming_Doctrine.md,REC-0647 — Archives Naming Doctrine,Campaign Engine
08_ARCHIVES/Doctrine/REC-0807_Doctrine_Wars.md,REC-0807 — Doctrine Wars,HQOS
08_ARCHIVES/Doctrine/REC-0807_Doctrine_Wars.md,REC-0807 — Doctrine Wars,Interface System
08_ARCHIVES/Doctrine/REC-0807_Doctrine_Wars.md,REC-0807 — Doctrine Wars,Archives
08_ARCHIVES/Doctrine/REC-0807_Doctrine_Wars.md,REC-0807 — Doctrine Wars,Master Index
08_ARCHIVES/Doctrine/REC-0808_Myth_Library.md,REC-0808 — Myth Library,HQOS
08_ARCHIVES/Doctrine/REC-0808_Myth_Library.md,REC-0808 — Myth Library,Interface System
08_ARCHIVES/Doctrine/REC-0808_Myth_Library.md,REC-0808 — Myth Library,Archives
08_ARCHIVES/Doctrine/REC-0808_Myth_Library.md,REC-0808 — Myth Library,Master Index
08_ARCHIVES/Doctrine/REC-0809_Doctrine_Cemetery.md,REC-0809 — Doctrine Cemetery,HQOS
08_ARCHIVES/Doctrine/REC-0809_Doctrine_Cemetery.md,REC-0809 — Doctrine Cemetery,Interface System
08_ARCHIVES/Doctrine/REC-0809_Doctrine_Cemetery.md,REC-0809 — Doctrine Cemetery,Archives
08_ARCHIVES/Doctrine/REC-0809_Doctrine_Cemetery.md,REC-0809 — Doctrine Cemetery,Master Index
08_ARCHIVES/Doctrine/REC-0760_Evolution_Doctrine.md,REC-0760 — Evolution Doctrine,HQOS
08_ARCHIVES/Doctrine/REC-0760_Evolution_Doctrine.md,REC-0760 — Evolution Doctrine,Master Index
08_ARCHIVES/Doctrine/REC-0760_Evolution_Doctrine.md,REC-0760 — Evolution Doctrine,Archives
08_ARCHIVES/Doctrine/REC-0760_Evolution_Doctrine.md,REC-0760 — Evolution Doctrine,Council
08_ARCHIVES/Doctrine/REC-0760_Evolution_Doctrine.md,REC-0760 — Evolution Doctrine,Repository Standards
08_ARCHIVES/Legacy/PH6-0029_Legacy_Archive.md,PH6-0029 — Legacy Archive,HQOS Event Bus
08_ARCHIVES/Legacy/PH6-0029_Legacy_Archive.md,PH6-0029 — Legacy Archive,Mission Lifecycle
08_ARCHIVES/Legacy/PH6-0029_Legacy_Archive.md,PH6-0029 — Legacy Archive,Operator Model
08_ARCHIVES/Legacy/PH6-0029_Legacy_Archive.md,PH6-0029 — Legacy Archive,Archives
08_ARCHIVES/Legacy/PH6-0029_Legacy_Archive.md,PH6-0029 — Legacy Archive,Doctrine Library
08_ARCHIVES/Legacy/PH6-0029_Legacy_Archive.md,PH6-0029 — Legacy Archive,Council Protocol
08_ARCHIVES/Legacy/PH6-0029_Legacy_Archive.md,PH6-0029 — Legacy Archive,Evidence Confidence System
08_ARCHIVES/Legacy/REC-0636_Time_Capsule_Ceremony.md,REC-0636 — Time Capsule Ceremony,Archives
08_ARCHIVES/Legacy/REC-0636_Time_Capsule_Ceremony.md,REC-0636 — Time Capsule Ceremony,SQLite Schema
08_ARCHIVES/Legacy/REC-0636_Time_Capsule_Ceremony.md,REC-0636 — Time Capsule Ceremony,Historian
08_ARCHIVES/Legacy/REC-0636_Time_Capsule_Ceremony.md,REC-0636 — Time Capsule Ceremony,Mission Engine
08_ARCHIVES/Legacy/REC-0636_Time_Capsule_Ceremony.md,REC-0636 — Time Capsule Ceremony,Campaign Engine
08_ARCHIVES/Legacy/REC-0753_Archive_of_Removed_Features.md,REC-0753 — Archive of Removed Features,HQOS
08_ARCHIVES/Legacy/REC-0753_Archive_of_Removed_Features.md,REC-0753 — Archive of Removed Features,Master Index
08_ARCHIVES/Legacy/REC-0753_Archive_of_Removed_Features.md,REC-0753 — Archive of Removed Features,Archives
08_ARCHIVES/Legacy/REC-0753_Archive_of_Removed_Features.md,REC-0753 — Archive of Removed Features,Council
08_ARCHIVES/Legacy/REC-0753_Archive_of_Removed_Features.md,REC-0753 — Archive of Removed Features,Repository Standards
07_HQOS/Kernel/PH5-0069_Five_Engines_Architecture.md,PH5-0069 — Five Engines Architecture,HQOS State Engine
07_HQOS/Kernel/PH5-0069_Five_Engines_Architecture.md,PH5-0069 — Five Engines Architecture,Mission Lifecycle
07_HQOS/Kernel/PH5-0069_Five_Engines_Architecture.md,PH5-0069 — Five Engines Architecture,Operator Model
07_HQOS/Kernel/PH5-0069_Five_Engines_Architecture.md,PH5-0069 — Five Engines Architecture,Archives
07_HQOS/Kernel/PH5-0069_Five_Engines_Architecture.md,PH5-0069 — Five Engines Architecture,Doctrine Library
07_HQOS/Kernel/PH5-0075_Shift_Changes.md,PH5-0075 — Shift Changes,HQOS State Engine
07_HQOS/Kernel/PH5-0075_Shift_Changes.md,PH5-0075 — Shift Changes,Mission Lifecycle
07_HQOS/Kernel/PH5-0075_Shift_Changes.md,PH5-0075 — Shift Changes,Operator Model
07_HQOS/Kernel/PH5-0075_Shift_Changes.md,PH5-0075 — Shift Changes,Archives
07_HQOS/Kernel/PH5-0075_Shift_Changes.md,PH5-0075 — Shift Changes,Doctrine Library
07_HQOS/Kernel/PH6-0053_Authority_Levels.md,PH6-0053 — Authority Levels,HQOS Event Bus
07_HQOS/Kernel/PH6-0053_Authority_Levels.md,PH6-0053 — Authority Levels,Mission Lifecycle
07_HQOS/Kernel/PH6-0053_Authority_Levels.md,PH6-0053 — Authority Levels,Operator Model
07_HQOS/Kernel/PH6-0053_Authority_Levels.md,PH6-0053 — Authority Levels,Archives
07_HQOS/Kernel/PH6-0053_Authority_Levels.md,PH6-0053 — Authority Levels,Doctrine Library
07_HQOS/Kernel/PH6-0053_Authority_Levels.md,PH6-0053 — Authority Levels,Council Protocol
07_HQOS/Kernel/PH6-0053_Authority_Levels.md,PH6-0053 — Authority Levels,Evidence Confidence System
07_HQOS/Kernel/REC-0730_HQOS_Kernel.md,REC-0730 — HQOS Kernel,HQOS
07_HQOS/Kernel/REC-0730_HQOS_Kernel.md,REC-0730 — HQOS Kernel,Master Index
07_HQOS/Kernel/REC-0730_HQOS_Kernel.md,REC-0730 — HQOS Kernel,Archives
07_HQOS/Kernel/REC-0730_HQOS_Kernel.md,REC-0730 — HQOS Kernel,Council
07_HQOS/Kernel/REC-0730_HQOS_Kernel.md,REC-0730 — HQOS Kernel,Repository Standards
07_HQOS/Kernel/REC-0736_Operational_Anomaly_Handling.md,REC-0736 — Operational Anomaly Handling,HQOS
07_HQOS/Kernel/REC-0736_Operational_Anomaly_Handling.md,REC-0736 — Operational Anomaly Handling,Master Index
07_HQOS/Kernel/REC-0736_Operational_Anomaly_Handling.md,REC-0736 — Operational Anomaly Handling,Archives
07_HQOS/Kernel/REC-0736_Operational_Anomaly_Handling.md,REC-0736 — Operational Anomaly Handling,Council
07_HQOS/Kernel/REC-0736_Operational_Anomaly_Handling.md,REC-0736 — Operational Anomaly Handling,Repository Standards
07_HQOS/Kernel/REC-0781_Shutdown_Conclude_Operations.md,REC-0781 — Shutdown Conclude Operations,HQOS
07_HQOS/Kernel/REC-0781_Shutdown_Conclude_Operations.md,REC-0781 — Shutdown Conclude Operations,Interface System
07_HQOS/Kernel/REC-0781_Shutdown_Conclude_Operations.md,REC-0781 — Shutdown Conclude Operations,Archives
07_HQOS/Kernel/REC-0781_Shutdown_Conclude_Operations.md,REC-0781 — Shutdown Conclude Operations,Master Index
07_HQOS/Event_Bus/PH6-0080_Historical_Events.md,PH6-0080 — Historical Events,HQOS Event Bus
07_HQOS/Event_Bus/PH6-0080_Historical_Events.md,PH6-0080 — Historical Events,Mission Lifecycle
07_HQOS/Event_Bus/PH6-0080_Historical_Events.md,PH6-0080 — Historical Events,Operator Model
07_HQOS/Event_Bus/PH6-0080_Historical_Events.md,PH6-0080 — Historical Events,Archives
07_HQOS/Event_Bus/PH6-0080_Historical_Events.md,PH6-0080 — Historical Events,Doctrine Library
07_HQOS/Event_Bus/PH6-0080_Historical_Events.md,PH6-0080 — Historical Events,Council Protocol
07_HQOS/Event_Bus/PH6-0080_Historical_Events.md,PH6-0080 — Historical Events,Evidence Confidence System
07_HQOS/Event_Bus/REC-0731_Everything_Is_An_Event.md,REC-0731 — Everything Is An Event,HQOS
07_HQOS/Event_Bus/REC-0731_Everything_Is_An_Event.md,REC-0731 — Everything Is An Event,Master Index
07_HQOS/Event_Bus/REC-0731_Everything_Is_An_Event.md,REC-0731 — Everything Is An Event,Archives
07_HQOS/Event_Bus/REC-0731_Everything_Is_An_Event.md,REC-0731 — Everything Is An Event,Council
07_HQOS/Event_Bus/REC-0731_Everything_Is_An_Event.md,REC-0731 — Everything Is An Event,Repository Standards
07_HQOS/Background_Services/REC-0735_Night_Operations_Service.md,REC-0735 — Night Operations Service,HQOS
07_HQOS/Background_Services/REC-0735_Night_Operations_Service.md,REC-0735 — Night Operations Service,Master Index
07_HQOS/Background_Services/REC-0735_Night_Operations_Service.md,REC-0735 — Night Operations Service,Archives
07_HQOS/Background_Services/REC-0735_Night_Operations_Service.md,REC-0735 — Night Operations Service,Council
07_HQOS/Background_Services/REC-0735_Night_Operations_Service.md,REC-0735 — Night Operations Service,Repository Standards
06_INTELLIGENCE/Behavior_Analysis/PH4-0023_Statement_Inconsistency_Detection.md,PH4-0023 — Statement Inconsistency Detection,HQOS State Engine
06_INTELLIGENCE/Behavior_Analysis/PH4-0023_Statement_Inconsistency_Detection.md,PH4-0023 — Statement Inconsistency Detection,Mission Lifecycle
06_INTELLIGENCE/Behavior_Analysis/PH4-0023_Statement_Inconsistency_Detection.md,PH4-0023 — Statement Inconsistency Detection,Operator Model
06_INTELLIGENCE/Behavior_Analysis/PH4-0023_Statement_Inconsistency_Detection.md,PH4-0023 — Statement Inconsistency Detection,Archives
06_INTELLIGENCE/Behavior_Analysis/PH4-0023_Statement_Inconsistency_Detection.md,PH4-0023 — Statement Inconsistency Detection,Doctrine Library
06_INTELLIGENCE/Behavior_Analysis/PH4-0029_Lucky_Win_Investigation.md,PH4-0029 — Lucky Win Investigation,HQOS State Engine
06_INTELLIGENCE/Behavior_Analysis/PH4-0029_Lucky_Win_Investigation.md,PH4-0029 — Lucky Win Investigation,Mission Lifecycle
06_INTELLIGENCE/Behavior_Analysis/PH4-0029_Lucky_Win_Investigation.md,PH4-0029 — Lucky Win Investigation,Operator Model
06_INTELLIGENCE/Behavior_Analysis/PH4-0029_Lucky_Win_Investigation.md,PH4-0029 — Lucky Win Investigation,Archives
06_INTELLIGENCE/Behavior_Analysis/PH4-0029_Lucky_Win_Investigation.md,PH4-0029 — Lucky Win Investigation,Doctrine Library
06_INTELLIGENCE/Behavior_Analysis/PH4-0042_Ninety_Five_Percent_Silence_Rule.md,PH4-0042 — Ninety Five Percent Silence Rule,HQOS State Engine
06_INTELLIGENCE/Behavior_Analysis/PH4-0042_Ninety_Five_Percent_Silence_Rule.md,PH4-0042 — Ninety Five Percent Silence Rule,Mission Lifecycle
06_INTELLIGENCE/Behavior_Analysis/PH4-0042_Ninety_Five_Percent_Silence_Rule.md,PH4-0042 — Ninety Five Percent Silence Rule,Operator Model
06_INTELLIGENCE/Behavior_Analysis/PH4-0042_Ninety_Five_Percent_Silence_Rule.md,PH4-0042 — Ninety Five Percent Silence Rule,Archives
06_INTELLIGENCE/Behavior_Analysis/PH4-0042_Ninety_Five_Percent_Silence_Rule.md,PH4-0042 — Ninety Five Percent Silence Rule,Doctrine Library
06_INTELLIGENCE/Behavior_Analysis/PH4-0043_AI_Feels_Experienced_Not_Intelligent.md,PH4-0043 — AI Feels Experienced Not Intelligent,HQOS State Engine
06_INTELLIGENCE/Behavior_Analysis/PH4-0043_AI_Feels_Experienced_Not_Intelligent.md,PH4-0043 — AI Feels Experienced Not Intelligent,Mission Lifecycle
06_INTELLIGENCE/Behavior_Analysis/PH4-0043_AI_Feels_Experienced_Not_Intelligent.md,PH4-0043 — AI Feels Experienced Not Intelligent,Operator Model
06_INTELLIGENCE/Behavior_Analysis/PH4-0043_AI_Feels_Experienced_Not_Intelligent.md,PH4-0043 — AI Feels Experienced Not Intelligent,Archives
06_INTELLIGENCE/Behavior_Analysis/PH4-0043_AI_Feels_Experienced_Not_Intelligent.md,PH4-0043 — AI Feels Experienced Not Intelligent,Doctrine Library
06_INTELLIGENCE/Behavior_Analysis/PH4-0045_No_Flattery_Rule.md,PH4-0045 — No Flattery Rule,HQOS State Engine
06_INTELLIGENCE/Behavior_Analysis/PH4-0045_No_Flattery_Rule.md,PH4-0045 — No Flattery Rule,Mission Lifecycle
06_INTELLIGENCE/Behavior_Analysis/PH4-0045_No_Flattery_Rule.md,PH4-0045 — No Flattery Rule,Operator Model
06_INTELLIGENCE/Behavior_Analysis/PH4-0045_No_Flattery_Rule.md,PH4-0045 — No Flattery Rule,Archives
06_INTELLIGENCE/Behavior_Analysis/PH4-0045_No_Flattery_Rule.md,PH4-0045 — No Flattery Rule,Doctrine Library
06_INTELLIGENCE/Behavior_Analysis/PH4-0049_Maintenance_Days.md,PH4-0049 — Maintenance Days,HQOS State Engine
06_INTELLIGENCE/Behavior_Analysis/PH4-0049_Maintenance_Days.md,PH4-0049 — Maintenance Days,Mission Lifecycle
06_INTELLIGENCE/Behavior_Analysis/PH4-0049_Maintenance_Days.md,PH4-0049 — Maintenance Days,Operator Model
06_INTELLIGENCE/Behavior_Analysis/PH4-0049_Maintenance_Days.md,PH4-0049 — Maintenance Days,Archives
06_INTELLIGENCE/Behavior_Analysis/PH4-0049_Maintenance_Days.md,PH4-0049 — Maintenance Days,Doctrine Library
06_INTELLIGENCE/Behavior_Analysis/PH4-0059_Evidence_Threshold_For_Interventions.md,PH4-0059 — Evidence Threshold For Interventions,HQOS State Engine
06_INTELLIGENCE/Behavior_Analysis/PH4-0059_Evidence_Threshold_For_Interventions.md,PH4-0059 — Evidence Threshold For Interventions,Mission Lifecycle
06_INTELLIGENCE/Behavior_Analysis/PH4-0059_Evidence_Threshold_For_Interventions.md,PH4-0059 — Evidence Threshold For Interventions,Operator Model
06_INTELLIGENCE/Behavior_Analysis/PH4-0059_Evidence_Threshold_For_Interventions.md,PH4-0059 — Evidence Threshold For Interventions,Archives
06_INTELLIGENCE/Behavior_Analysis/PH4-0059_Evidence_Threshold_For_Interventions.md,PH4-0059 — Evidence Threshold For Interventions,Doctrine Library
06_INTELLIGENCE/Behavior_Analysis/PH4-0061_Decision_Graph.md,PH4-0061 — Decision Graph,HQOS State Engine
06_INTELLIGENCE/Behavior_Analysis/PH4-0061_Decision_Graph.md,PH4-0061 — Decision Graph,Mission Lifecycle
06_INTELLIGENCE/Behavior_Analysis/PH4-0061_Decision_Graph.md,PH4-0061 — Decision Graph,Operator Model
06_INTELLIGENCE/Behavior_Analysis/PH4-0061_Decision_Graph.md,PH4-0061 — Decision Graph,Archives
06_INTELLIGENCE/Behavior_Analysis/PH4-0061_Decision_Graph.md,PH4-0061 — Decision Graph,Doctrine Library
06_INTELLIGENCE/Behavior_Analysis/PH4-0063_Career_Brain.md,PH4-0063 — Career Brain,HQOS State Engine
06_INTELLIGENCE/Behavior_Analysis/PH4-0063_Career_Brain.md,PH4-0063 — Career Brain,Mission Lifecycle
06_INTELLIGENCE/Behavior_Analysis/PH4-0063_Career_Brain.md,PH4-0063 — Career Brain,Operator Model
06_INTELLIGENCE/Behavior_Analysis/PH4-0063_Career_Brain.md,PH4-0063 — Career Brain,Archives
06_INTELLIGENCE/Behavior_Analysis/PH4-0063_Career_Brain.md,PH4-0063 — Career Brain,Doctrine Library
06_INTELLIGENCE/Behavior_Analysis/PH4-0069_Accident_Chain_Reconstruction.md,PH4-0069 — Accident Chain Reconstruction,HQOS State Engine
06_INTELLIGENCE/Behavior_Analysis/PH4-0069_Accident_Chain_Reconstruction.md,PH4-0069 — Accident Chain Reconstruction,Mission Lifecycle
06_INTELLIGENCE/Behavior_Analysis/PH4-0069_Accident_Chain_Reconstruction.md,PH4-0069 — Accident Chain Reconstruction,Operator Model
06_INTELLIGENCE/Behavior_Analysis/PH4-0069_Accident_Chain_Reconstruction.md,PH4-0069 — Accident Chain Reconstruction,Archives
06_INTELLIGENCE/Behavior_Analysis/PH4-0069_Accident_Chain_Reconstruction.md,PH4-0069 — Accident Chain Reconstruction,Doctrine Library
06_INTELLIGENCE/Behavior_Analysis/PH4-0072_Chain_Of_Failure.md,PH4-0072 — Chain Of Failure,HQOS State Engine
06_INTELLIGENCE/Behavior_Analysis/PH4-0072_Chain_Of_Failure.md,PH4-0072 — Chain Of Failure,Mission Lifecycle
06_INTELLIGENCE/Behavior_Analysis/PH4-0072_Chain_Of_Failure.md,PH4-0072 — Chain Of Failure,Operator Model
06_INTELLIGENCE/Behavior_Analysis/PH4-0072_Chain_Of_Failure.md,PH4-0072 — Chain Of Failure,Archives
06_INTELLIGENCE/Behavior_Analysis/PH4-0072_Chain_Of_Failure.md,PH4-0072 — Chain Of Failure,Doctrine Library
06_INTELLIGENCE/Behavior_Analysis/PH4-0073_Chain_Of_Excellence.md,PH4-0073 — Chain Of Excellence,HQOS State Engine
06_INTELLIGENCE/Behavior_Analysis/PH4-0073_Chain_Of_Excellence.md,PH4-0073 — Chain Of Excellence,Mission Lifecycle
06_INTELLIGENCE/Behavior_Analysis/PH4-0073_Chain_Of_Excellence.md,PH4-0073 — Chain Of Excellence,Operator Model
06_INTELLIGENCE/Behavior_Analysis/PH4-0073_Chain_Of_Excellence.md,PH4-0073 — Chain Of Excellence,Archives
06_INTELLIGENCE/Behavior_Analysis/PH4-0073_Chain_Of_Excellence.md,PH4-0073 — Chain Of Excellence,Doctrine Library
06_INTELLIGENCE/Behavior_Analysis/PH4-0074_Butterfly_Effect_Engine.md,PH4-0074 — Butterfly Effect Engine,HQOS State Engine
06_INTELLIGENCE/Behavior_Analysis/PH4-0074_Butterfly_Effect_Engine.md,PH4-0074 — Butterfly Effect Engine,Mission Lifecycle
06_INTELLIGENCE/Behavior_Analysis/PH4-0074_Butterfly_Effect_Engine.md,PH4-0074 — Butterfly Effect Engine,Operator Model
06_INTELLIGENCE/Behavior_Analysis/PH4-0074_Butterfly_Effect_Engine.md,PH4-0074 — Butterfly Effect Engine,Archives
06_INTELLIGENCE/Behavior_Analysis/PH4-0074_Butterfly_Effect_Engine.md,PH4-0074 — Butterfly Effect Engine,Doctrine Library
06_INTELLIGENCE/Behavior_Analysis/PH4-0075_Point_Of_No_Return_Detection.md,PH4-0075 — Point Of No Return Detection,HQOS State Engine
06_INTELLIGENCE/Behavior_Analysis/PH4-0075_Point_Of_No_Return_Detection.md,PH4-0075 — Point Of No Return Detection,Mission Lifecycle
06_INTELLIGENCE/Behavior_Analysis/PH4-0075_Point_Of_No_Return_Detection.md,PH4-0075 — Point Of No Return Detection,Operator Model
06_INTELLIGENCE/Behavior_Analysis/PH4-0075_Point_Of_No_Return_Detection.md,PH4-0075 — Point Of No Return Detection,Archives
06_INTELLIGENCE/Behavior_Analysis/PH4-0075_Point_Of_No_Return_Detection.md,PH4-0075 — Point Of No Return Detection,Doctrine Library
06_INTELLIGENCE/Behavior_Analysis/PH4-0076_Intervention_Ladder.md,PH4-0076 — Intervention Ladder,HQOS State Engine
06_INTELLIGENCE/Behavior_Analysis/PH4-0076_Intervention_Ladder.md,PH4-0076 — Intervention Ladder,Mission Lifecycle
06_INTELLIGENCE/Behavior_Analysis/PH4-0076_Intervention_Ladder.md,PH4-0076 — Intervention Ladder,Operator Model
06_INTELLIGENCE/Behavior_Analysis/PH4-0076_Intervention_Ladder.md,PH4-0076 — Intervention Ladder,Archives
06_INTELLIGENCE/Behavior_Analysis/PH4-0076_Intervention_Ladder.md,PH4-0076 — Intervention Ladder,Doctrine Library
06_INTELLIGENCE/Behavior_Analysis/PH5-0010_Decision_Graph.md,PH5-0010 — Decision Graph,HQOS State Engine
06_INTELLIGENCE/Behavior_Analysis/PH5-0010_Decision_Graph.md,PH5-0010 — Decision Graph,Mission Lifecycle
06_INTELLIGENCE/Behavior_Analysis/PH5-0010_Decision_Graph.md,PH5-0010 — Decision Graph,Operator Model
06_INTELLIGENCE/Behavior_Analysis/PH5-0010_Decision_Graph.md,PH5-0010 — Decision Graph,Archives
06_INTELLIGENCE/Behavior_Analysis/PH5-0010_Decision_Graph.md,PH5-0010 — Decision Graph,Doctrine Library
06_INTELLIGENCE/Behavior_Analysis/PH5-0010_Decision_Graph.md,PH5-0010 — Decision Graph,Mission Timeline
06_INTELLIGENCE/Behavior_Analysis/PH5-0010_Decision_Graph.md,PH5-0010 — Decision Graph,Behavioral Recorder
06_INTELLIGENCE/Behavior_Analysis/PH5-0012_Career_Brain.md,PH5-0012 — Career Brain,HQOS State Engine
06_INTELLIGENCE/Behavior_Analysis/PH5-0012_Career_Brain.md,PH5-0012 — Career Brain,Mission Lifecycle
06_INTELLIGENCE/Behavior_Analysis/PH5-0012_Career_Brain.md,PH5-0012 — Career Brain,Operator Model
06_INTELLIGENCE/Behavior_Analysis/PH5-0012_Career_Brain.md,PH5-0012 — Career Brain,Archives
06_INTELLIGENCE/Behavior_Analysis/PH5-0012_Career_Brain.md,PH5-0012 — Career Brain,Doctrine Library
06_INTELLIGENCE/Behavior_Analysis/PH5-0012_Career_Brain.md,PH5-0012 — Career Brain,Institutional Memory Core
06_INTELLIGENCE/Behavior_Analysis/PH5-0012_Career_Brain.md,PH5-0012 — Career Brain,SQLite Archive Schema
06_INTELLIGENCE/Behavior_Analysis/PH5-0020_Chain_of_Failure.md,PH5-0020 — Chain of Failure,HQOS State Engine
06_INTELLIGENCE/Behavior_Analysis/PH5-0020_Chain_of_Failure.md,PH5-0020 — Chain of Failure,Mission Lifecycle
06_INTELLIGENCE/Behavior_Analysis/PH5-0020_Chain_of_Failure.md,PH5-0020 — Chain of Failure,Operator Model
06_INTELLIGENCE/Behavior_Analysis/PH5-0020_Chain_of_Failure.md,PH5-0020 — Chain of Failure,Archives
06_INTELLIGENCE/Behavior_Analysis/PH5-0020_Chain_of_Failure.md,PH5-0020 — Chain of Failure,Doctrine Library
06_INTELLIGENCE/Behavior_Analysis/PH5-0020_Chain_of_Failure.md,PH5-0020 — Chain of Failure,Institutional Memory Core
06_INTELLIGENCE/Behavior_Analysis/PH5-0020_Chain_of_Failure.md,PH5-0020 — Chain of Failure,SQLite Archive Schema
06_INTELLIGENCE/Behavior_Analysis/PH5-0021_Chain_of_Excellence.md,PH5-0021 — Chain of Excellence,HQOS State Engine
06_INTELLIGENCE/Behavior_Analysis/PH5-0021_Chain_of_Excellence.md,PH5-0021 — Chain of Excellence,Mission Lifecycle
06_INTELLIGENCE/Behavior_Analysis/PH5-0021_Chain_of_Excellence.md,PH5-0021 — Chain of Excellence,Operator Model
06_INTELLIGENCE/Behavior_Analysis/PH5-0021_Chain_of_Excellence.md,PH5-0021 — Chain of Excellence,Archives
06_INTELLIGENCE/Behavior_Analysis/PH5-0021_Chain_of_Excellence.md,PH5-0021 — Chain of Excellence,Doctrine Library
06_INTELLIGENCE/Behavior_Analysis/PH5-0021_Chain_of_Excellence.md,PH5-0021 — Chain of Excellence,Institutional Memory Core
06_INTELLIGENCE/Behavior_Analysis/PH5-0021_Chain_of_Excellence.md,PH5-0021 — Chain of Excellence,SQLite Archive Schema
06_INTELLIGENCE/Behavior_Analysis/PH5-0022_Butterfly_Effect_Engine.md,PH5-0022 — Butterfly Effect Engine,HQOS State Engine
06_INTELLIGENCE/Behavior_Analysis/PH5-0022_Butterfly_Effect_Engine.md,PH5-0022 — Butterfly Effect Engine,Mission Lifecycle
06_INTELLIGENCE/Behavior_Analysis/PH5-0022_Butterfly_Effect_Engine.md,PH5-0022 — Butterfly Effect Engine,Operator Model
06_INTELLIGENCE/Behavior_Analysis/PH5-0022_Butterfly_Effect_Engine.md,PH5-0022 — Butterfly Effect Engine,Archives
06_INTELLIGENCE/Behavior_Analysis/PH5-0022_Butterfly_Effect_Engine.md,PH5-0022 — Butterfly Effect Engine,Doctrine Library
06_INTELLIGENCE/Behavior_Analysis/PH5-0022_Butterfly_Effect_Engine.md,PH5-0022 — Butterfly Effect Engine,Council Protocol
06_INTELLIGENCE/Behavior_Analysis/PH5-0022_Butterfly_Effect_Engine.md,PH5-0022 — Butterfly Effect Engine,Evidence Confidence System
06_INTELLIGENCE/Behavior_Analysis/PH5-0033_Project_Chimera.md,PH5-0033 — Project Chimera,HQOS State Engine
06_INTELLIGENCE/Behavior_Analysis/PH5-0033_Project_Chimera.md,PH5-0033 — Project Chimera,Mission Lifecycle
06_INTELLIGENCE/Behavior_Analysis/PH5-0033_Project_Chimera.md,PH5-0033 — Project Chimera,Operator Model
06_INTELLIGENCE/Behavior_Analysis/PH5-0033_Project_Chimera.md,PH5-0033 — Project Chimera,Archives
06_INTELLIGENCE/Behavior_Analysis/PH5-0033_Project_Chimera.md,PH5-0033 — Project Chimera,Doctrine Library
06_INTELLIGENCE/Behavior_Analysis/PH5-0033_Project_Chimera.md,PH5-0033 — Project Chimera,Council Protocol
06_INTELLIGENCE/Behavior_Analysis/PH5-0033_Project_Chimera.md,PH5-0033 — Project Chimera,Evidence Confidence System
06_INTELLIGENCE/Behavior_Analysis/PH5-0047_Decision_Integrity_Engine.md,PH5-0047 — Decision Integrity Engine,HQOS State Engine
06_INTELLIGENCE/Behavior_Analysis/PH5-0047_Decision_Integrity_Engine.md,PH5-0047 — Decision Integrity Engine,Mission Lifecycle
06_INTELLIGENCE/Behavior_Analysis/PH5-0047_Decision_Integrity_Engine.md,PH5-0047 — Decision Integrity Engine,Operator Model
06_INTELLIGENCE/Behavior_Analysis/PH5-0047_Decision_Integrity_Engine.md,PH5-0047 — Decision Integrity Engine,Archives
06_INTELLIGENCE/Behavior_Analysis/PH5-0047_Decision_Integrity_Engine.md,PH5-0047 — Decision Integrity Engine,Doctrine Library
06_INTELLIGENCE/Behavior_Analysis/PH5-0047_Decision_Integrity_Engine.md,PH5-0047 — Decision Integrity Engine,Council Protocol
06_INTELLIGENCE/Behavior_Analysis/PH5-0047_Decision_Integrity_Engine.md,PH5-0047 — Decision Integrity Engine,Evidence Confidence System
06_INTELLIGENCE/Behavior_Analysis/PH5-0048_Decision_Weighting.md,PH5-0048 — Decision Weighting,HQOS State Engine
06_INTELLIGENCE/Behavior_Analysis/PH5-0048_Decision_Weighting.md,PH5-0048 — Decision Weighting,Mission Lifecycle
06_INTELLIGENCE/Behavior_Analysis/PH5-0048_Decision_Weighting.md,PH5-0048 — Decision Weighting,Operator Model
06_INTELLIGENCE/Behavior_Analysis/PH5-0048_Decision_Weighting.md,PH5-0048 — Decision Weighting,Archives
06_INTELLIGENCE/Behavior_Analysis/PH5-0048_Decision_Weighting.md,PH5-0048 — Decision Weighting,Doctrine Library
06_INTELLIGENCE/Behavior_Analysis/PH5-0048_Decision_Weighting.md,PH5-0048 — Decision Weighting,Council Protocol
06_INTELLIGENCE/Behavior_Analysis/PH5-0048_Decision_Weighting.md,PH5-0048 — Decision Weighting,Evidence Confidence System
06_INTELLIGENCE/Behavior_Analysis/PH5-0055_Decision_Pressure_Map.md,PH5-0055 — Decision Pressure Map,HQOS State Engine
06_INTELLIGENCE/Behavior_Analysis/PH5-0055_Decision_Pressure_Map.md,PH5-0055 — Decision Pressure Map,Mission Lifecycle
06_INTELLIGENCE/Behavior_Analysis/PH5-0055_Decision_Pressure_Map.md,PH5-0055 — Decision Pressure Map,Operator Model
06_INTELLIGENCE/Behavior_Analysis/PH5-0055_Decision_Pressure_Map.md,PH5-0055 — Decision Pressure Map,Archives
06_INTELLIGENCE/Behavior_Analysis/PH5-0055_Decision_Pressure_Map.md,PH5-0055 — Decision Pressure Map,Doctrine Library
06_INTELLIGENCE/Behavior_Analysis/PH5-0055_Decision_Pressure_Map.md,PH5-0055 — Decision Pressure Map,Council Protocol
06_INTELLIGENCE/Behavior_Analysis/PH5-0055_Decision_Pressure_Map.md,PH5-0055 — Decision Pressure Map,Evidence Confidence System
06_INTELLIGENCE/Behavior_Analysis/PH5-0085_Intervention_Confidence_Scoring.md,PH5-0085 — Intervention Confidence Scoring,HQOS State Engine
06_INTELLIGENCE/Behavior_Analysis/PH5-0085_Intervention_Confidence_Scoring.md,PH5-0085 — Intervention Confidence Scoring,Mission Lifecycle
06_INTELLIGENCE/Behavior_Analysis/PH5-0085_Intervention_Confidence_Scoring.md,PH5-0085 — Intervention Confidence Scoring,Operator Model
06_INTELLIGENCE/Behavior_Analysis/PH5-0085_Intervention_Confidence_Scoring.md,PH5-0085 — Intervention Confidence Scoring,Archives
06_INTELLIGENCE/Behavior_Analysis/PH5-0085_Intervention_Confidence_Scoring.md,PH5-0085 — Intervention Confidence Scoring,Doctrine Library
06_INTELLIGENCE/Behavior_Analysis/PH5-0085_Intervention_Confidence_Scoring.md,PH5-0085 — Intervention Confidence Scoring,Council Protocol
06_INTELLIGENCE/Behavior_Analysis/PH5-0085_Intervention_Confidence_Scoring.md,PH5-0085 — Intervention Confidence Scoring,Evidence Confidence System
06_INTELLIGENCE/Behavior_Analysis/PH6-0001_Doctrine_Engine.md,PH6-0001 — Doctrine Engine,HQOS Event Bus
06_INTELLIGENCE/Behavior_Analysis/PH6-0001_Doctrine_Engine.md,PH6-0001 — Doctrine Engine,Mission Lifecycle
06_INTELLIGENCE/Behavior_Analysis/PH6-0001_Doctrine_Engine.md,PH6-0001 — Doctrine Engine,Operator Model
06_INTELLIGENCE/Behavior_Analysis/PH6-0001_Doctrine_Engine.md,PH6-0001 — Doctrine Engine,Archives
06_INTELLIGENCE/Behavior_Analysis/PH6-0001_Doctrine_Engine.md,PH6-0001 — Doctrine Engine,Doctrine Library
06_INTELLIGENCE/Behavior_Analysis/PH6-0001_Doctrine_Engine.md,PH6-0001 — Doctrine Engine,Council Protocol
06_INTELLIGENCE/Behavior_Analysis/PH6-0001_Doctrine_Engine.md,PH6-0001 — Doctrine Engine,Evidence Confidence System
06_INTELLIGENCE/Behavior_Analysis/PH6-0009_False_Rule_Detection.md,PH6-0009 — False Rule Detection,HQOS Event Bus
06_INTELLIGENCE/Behavior_Analysis/PH6-0009_False_Rule_Detection.md,PH6-0009 — False Rule Detection,Mission Lifecycle
06_INTELLIGENCE/Behavior_Analysis/PH6-0009_False_Rule_Detection.md,PH6-0009 — False Rule Detection,Operator Model
06_INTELLIGENCE/Behavior_Analysis/PH6-0009_False_Rule_Detection.md,PH6-0009 — False Rule Detection,Archives
06_INTELLIGENCE/Behavior_Analysis/PH6-0009_False_Rule_Detection.md,PH6-0009 — False Rule Detection,Doctrine Library
06_INTELLIGENCE/Behavior_Analysis/PH6-0009_False_Rule_Detection.md,PH6-0009 — False Rule Detection,Council Protocol
06_INTELLIGENCE/Behavior_Analysis/PH6-0009_False_Rule_Detection.md,PH6-0009 — False Rule Detection,Evidence Confidence System
06_INTELLIGENCE/Behavior_Analysis/PH6-0014_Personal_Laws_of_Nature.md,PH6-0014 — Personal Laws of Nature,HQOS Event Bus
06_INTELLIGENCE/Behavior_Analysis/PH6-0014_Personal_Laws_of_Nature.md,PH6-0014 — Personal Laws of Nature,Mission Lifecycle
06_INTELLIGENCE/Behavior_Analysis/PH6-0014_Personal_Laws_of_Nature.md,PH6-0014 — Personal Laws of Nature,Operator Model
06_INTELLIGENCE/Behavior_Analysis/PH6-0014_Personal_Laws_of_Nature.md,PH6-0014 — Personal Laws of Nature,Archives
06_INTELLIGENCE/Behavior_Analysis/PH6-0014_Personal_Laws_of_Nature.md,PH6-0014 — Personal Laws of Nature,Doctrine Library
06_INTELLIGENCE/Behavior_Analysis/PH6-0014_Personal_Laws_of_Nature.md,PH6-0014 — Personal Laws of Nature,Council Protocol
06_INTELLIGENCE/Behavior_Analysis/PH6-0014_Personal_Laws_of_Nature.md,PH6-0014 — Personal Laws of Nature,Evidence Confidence System
06_INTELLIGENCE/Behavior_Analysis/PH6-0025_Skill_Maintenance.md,PH6-0025 — Skill Maintenance,HQOS Event Bus
06_INTELLIGENCE/Behavior_Analysis/PH6-0025_Skill_Maintenance.md,PH6-0025 — Skill Maintenance,Mission Lifecycle
06_INTELLIGENCE/Behavior_Analysis/PH6-0025_Skill_Maintenance.md,PH6-0025 — Skill Maintenance,Operator Model
06_INTELLIGENCE/Behavior_Analysis/PH6-0025_Skill_Maintenance.md,PH6-0025 — Skill Maintenance,Archives
06_INTELLIGENCE/Behavior_Analysis/PH6-0025_Skill_Maintenance.md,PH6-0025 — Skill Maintenance,Doctrine Library
06_INTELLIGENCE/Behavior_Analysis/PH6-0025_Skill_Maintenance.md,PH6-0025 — Skill Maintenance,Council Protocol
06_INTELLIGENCE/Behavior_Analysis/PH6-0025_Skill_Maintenance.md,PH6-0025 — Skill Maintenance,Evidence Confidence System
06_INTELLIGENCE/Behavior_Analysis/PH6-0061_Monday_Flag_Raising_Ceremony.md,PH6-0061 — Monday Flag Raising Ceremony,HQOS Event Bus
06_INTELLIGENCE/Behavior_Analysis/PH6-0061_Monday_Flag_Raising_Ceremony.md,PH6-0061 — Monday Flag Raising Ceremony,Mission Lifecycle
06_INTELLIGENCE/Behavior_Analysis/PH6-0061_Monday_Flag_Raising_Ceremony.md,PH6-0061 — Monday Flag Raising Ceremony,Operator Model
06_INTELLIGENCE/Behavior_Analysis/PH6-0061_Monday_Flag_Raising_Ceremony.md,PH6-0061 — Monday Flag Raising Ceremony,Archives
06_INTELLIGENCE/Behavior_Analysis/PH6-0061_Monday_Flag_Raising_Ceremony.md,PH6-0061 — Monday Flag Raising Ceremony,Doctrine Library
06_INTELLIGENCE/Behavior_Analysis/PH6-0061_Monday_Flag_Raising_Ceremony.md,PH6-0061 — Monday Flag Raising Ceremony,Council Protocol
06_INTELLIGENCE/Behavior_Analysis/PH6-0061_Monday_Flag_Raising_Ceremony.md,PH6-0061 — Monday Flag Raising Ceremony,Evidence Confidence System
06_INTELLIGENCE/Behavior_Analysis/REC-0710_Intelligence_Network.md,REC-0710 — Intelligence Network,HQOS
06_INTELLIGENCE/Behavior_Analysis/REC-0710_Intelligence_Network.md,REC-0710 — Intelligence Network,Master Index
06_INTELLIGENCE/Behavior_Analysis/REC-0710_Intelligence_Network.md,REC-0710 — Intelligence Network,Archives
06_INTELLIGENCE/Behavior_Analysis/REC-0710_Intelligence_Network.md,REC-0710 — Intelligence Network,Council
06_INTELLIGENCE/Behavior_Analysis/REC-0710_Intelligence_Network.md,REC-0710 — Intelligence Network,Repository Standards
06_INTELLIGENCE/Behavior_Analysis/REC-0713_Intelligence_Cases.md,REC-0713 — Intelligence Cases,HQOS
06_INTELLIGENCE/Behavior_Analysis/REC-0713_Intelligence_Cases.md,REC-0713 — Intelligence Cases,Master Index
06_INTELLIGENCE/Behavior_Analysis/REC-0713_Intelligence_Cases.md,REC-0713 — Intelligence Cases,Archives
06_INTELLIGENCE/Behavior_Analysis/REC-0713_Intelligence_Cases.md,REC-0713 — Intelligence Cases,Council
06_INTELLIGENCE/Behavior_Analysis/REC-0713_Intelligence_Cases.md,REC-0713 — Intelligence Cases,Repository Standards
06_INTELLIGENCE/Behavior_Analysis/REC-0720_Cognitive_Architecture.md,REC-0720 — Cognitive Architecture,HQOS
06_INTELLIGENCE/Behavior_Analysis/REC-0720_Cognitive_Architecture.md,REC-0720 — Cognitive Architecture,Master Index
06_INTELLIGENCE/Behavior_Analysis/REC-0720_Cognitive_Architecture.md,REC-0720 — Cognitive Architecture,Archives
06_INTELLIGENCE/Behavior_Analysis/REC-0720_Cognitive_Architecture.md,REC-0720 — Cognitive Architecture,Council
06_INTELLIGENCE/Behavior_Analysis/REC-0720_Cognitive_Architecture.md,REC-0720 — Cognitive Architecture,Repository Standards
06_INTELLIGENCE/Behavior_Analysis/REC-0723_Working_Memory_and_Long_Memory.md,REC-0723 — Working Memory and Long Memory,HQOS
06_INTELLIGENCE/Behavior_Analysis/REC-0723_Working_Memory_and_Long_Memory.md,REC-0723 — Working Memory and Long Memory,Master Index
06_INTELLIGENCE/Behavior_Analysis/REC-0723_Working_Memory_and_Long_Memory.md,REC-0723 — Working Memory and Long Memory,Archives
06_INTELLIGENCE/Behavior_Analysis/REC-0723_Working_Memory_and_Long_Memory.md,REC-0723 — Working Memory and Long Memory,Council
06_INTELLIGENCE/Behavior_Analysis/REC-0723_Working_Memory_and_Long_Memory.md,REC-0723 — Working Memory and Long Memory,Repository Standards
06_INTELLIGENCE/Behavior_Analysis/REC-0724_Reflection_Engine.md,REC-0724 — Reflection Engine,HQOS
06_INTELLIGENCE/Behavior_Analysis/REC-0724_Reflection_Engine.md,REC-0724 — Reflection Engine,Master Index
06_INTELLIGENCE/Behavior_Analysis/REC-0724_Reflection_Engine.md,REC-0724 — Reflection Engine,Archives
06_INTELLIGENCE/Behavior_Analysis/REC-0724_Reflection_Engine.md,REC-0724 — Reflection Engine,Council
06_INTELLIGENCE/Behavior_Analysis/REC-0724_Reflection_Engine.md,REC-0724 — Reflection Engine,Repository Standards
06_INTELLIGENCE/Behavior_Analysis/REC-0725_Curiosity_Engine.md,REC-0725 — Curiosity Engine,HQOS
06_INTELLIGENCE/Behavior_Analysis/REC-0725_Curiosity_Engine.md,REC-0725 — Curiosity Engine,Master Index
06_INTELLIGENCE/Behavior_Analysis/REC-0725_Curiosity_Engine.md,REC-0725 — Curiosity Engine,Archives
06_INTELLIGENCE/Behavior_Analysis/REC-0725_Curiosity_Engine.md,REC-0725 — Curiosity Engine,Council
06_INTELLIGENCE/Behavior_Analysis/REC-0725_Curiosity_Engine.md,REC-0725 — Curiosity Engine,Repository Standards
06_INTELLIGENCE/Behavior_Analysis/REC-0804_Red_Team_Counterargument.md,REC-0804 — Red Team Counterargument,HQOS
06_INTELLIGENCE/Behavior_Analysis/REC-0804_Red_Team_Counterargument.md,REC-0804 — Red Team Counterargument,Interface System
06_INTELLIGENCE/Behavior_Analysis/REC-0804_Red_Team_Counterargument.md,REC-0804 — Red Team Counterargument,Archives
06_INTELLIGENCE/Behavior_Analysis/REC-0804_Red_Team_Counterargument.md,REC-0804 — Red Team Counterargument,Master Index
06_INTELLIGENCE/Behavior_Analysis/REC-0805_Blue_Team_Doctrine_QA.md,REC-0805 — Blue Team Doctrine QA,HQOS
06_INTELLIGENCE/Behavior_Analysis/REC-0805_Blue_Team_Doctrine_QA.md,REC-0805 — Blue Team Doctrine QA,Interface System
06_INTELLIGENCE/Behavior_Analysis/REC-0805_Blue_Team_Doctrine_QA.md,REC-0805 — Blue Team Doctrine QA,Archives
06_INTELLIGENCE/Behavior_Analysis/REC-0805_Blue_Team_Doctrine_QA.md,REC-0805 — Blue Team Doctrine QA,Master Index
06_INTELLIGENCE/Pattern_Recognition/PH4-0070_Precursor_Library.md,PH4-0070 — Precursor Library,HQOS State Engine
06_INTELLIGENCE/Pattern_Recognition/PH4-0070_Precursor_Library.md,PH4-0070 — Precursor Library,Mission Lifecycle
06_INTELLIGENCE/Pattern_Recognition/PH4-0070_Precursor_Library.md,PH4-0070 — Precursor Library,Operator Model
06_INTELLIGENCE/Pattern_Recognition/PH4-0070_Precursor_Library.md,PH4-0070 — Precursor Library,Archives
06_INTELLIGENCE/Pattern_Recognition/PH4-0070_Precursor_Library.md,PH4-0070 — Precursor Library,Doctrine Library
06_INTELLIGENCE/Pattern_Recognition/PH5-0032_Precursor_Library.md,PH5-0032 — Precursor Library,HQOS State Engine
06_INTELLIGENCE/Pattern_Recognition/PH5-0032_Precursor_Library.md,PH5-0032 — Precursor Library,Mission Lifecycle
06_INTELLIGENCE/Pattern_Recognition/PH5-0032_Precursor_Library.md,PH5-0032 — Precursor Library,Operator Model
06_INTELLIGENCE/Pattern_Recognition/PH5-0032_Precursor_Library.md,PH5-0032 — Precursor Library,Archives
06_INTELLIGENCE/Pattern_Recognition/PH5-0032_Precursor_Library.md,PH5-0032 — Precursor Library,Doctrine Library
06_INTELLIGENCE/Pattern_Recognition/PH5-0032_Precursor_Library.md,PH5-0032 — Precursor Library,Council Protocol
06_INTELLIGENCE/Pattern_Recognition/PH5-0032_Precursor_Library.md,PH5-0032 — Precursor Library,Evidence Confidence System
06_INTELLIGENCE/Ghost/PH4-0058_Ghost_Baseline_Calibration.md,PH4-0058 — Ghost Baseline Calibration,HQOS State Engine
06_INTELLIGENCE/Ghost/PH4-0058_Ghost_Baseline_Calibration.md,PH4-0058 — Ghost Baseline Calibration,Mission Lifecycle
06_INTELLIGENCE/Ghost/PH4-0058_Ghost_Baseline_Calibration.md,PH4-0058 — Ghost Baseline Calibration,Operator Model
06_INTELLIGENCE/Ghost/PH4-0058_Ghost_Baseline_Calibration.md,PH4-0058 — Ghost Baseline Calibration,Archives
06_INTELLIGENCE/Ghost/PH4-0058_Ghost_Baseline_Calibration.md,PH4-0058 — Ghost Baseline Calibration,Doctrine Library
06_INTELLIGENCE/Ghost/PH5-0007_Ghost_Baseline_Calibration.md,PH5-0007 — Ghost Baseline Calibration,HQOS State Engine
06_INTELLIGENCE/Ghost/PH5-0007_Ghost_Baseline_Calibration.md,PH5-0007 — Ghost Baseline Calibration,Mission Lifecycle
06_INTELLIGENCE/Ghost/PH5-0007_Ghost_Baseline_Calibration.md,PH5-0007 — Ghost Baseline Calibration,Operator Model
06_INTELLIGENCE/Ghost/PH5-0007_Ghost_Baseline_Calibration.md,PH5-0007 — Ghost Baseline Calibration,Archives
06_INTELLIGENCE/Ghost/PH5-0007_Ghost_Baseline_Calibration.md,PH5-0007 — Ghost Baseline Calibration,Doctrine Library
06_INTELLIGENCE/Ghost/PH5-0007_Ghost_Baseline_Calibration.md,PH5-0007 — Ghost Baseline Calibration,Council Protocol
06_INTELLIGENCE/Ghost/PH5-0007_Ghost_Baseline_Calibration.md,PH5-0007 — Ghost Baseline Calibration,Evidence Confidence System
06_INTELLIGENCE/Ghost/PH5-0039_Ghost_Evolution_Engine.md,PH5-0039 — Ghost Evolution Engine,HQOS State Engine
06_INTELLIGENCE/Ghost/PH5-0039_Ghost_Evolution_Engine.md,PH5-0039 — Ghost Evolution Engine,Mission Lifecycle
06_INTELLIGENCE/Ghost/PH5-0039_Ghost_Evolution_Engine.md,PH5-0039 — Ghost Evolution Engine,Operator Model
06_INTELLIGENCE/Ghost/PH5-0039_Ghost_Evolution_Engine.md,PH5-0039 — Ghost Evolution Engine,Archives
06_INTELLIGENCE/Ghost/PH5-0039_Ghost_Evolution_Engine.md,PH5-0039 — Ghost Evolution Engine,Doctrine Library
06_INTELLIGENCE/Ghost/PH5-0039_Ghost_Evolution_Engine.md,PH5-0039 — Ghost Evolution Engine,Council Protocol
06_INTELLIGENCE/Ghost/PH5-0039_Ghost_Evolution_Engine.md,PH5-0039 — Ghost Evolution Engine,Evidence Confidence System
06_INTELLIGENCE/Ghost/PH5-0040_Ghost_Comparison.md,PH5-0040 — Ghost Comparison,HQOS State Engine
06_INTELLIGENCE/Ghost/PH5-0040_Ghost_Comparison.md,PH5-0040 — Ghost Comparison,Mission Lifecycle
06_INTELLIGENCE/Ghost/PH5-0040_Ghost_Comparison.md,PH5-0040 — Ghost Comparison,Operator Model
06_INTELLIGENCE/Ghost/PH5-0040_Ghost_Comparison.md,PH5-0040 — Ghost Comparison,Archives
06_INTELLIGENCE/Ghost/PH5-0040_Ghost_Comparison.md,PH5-0040 — Ghost Comparison,Doctrine Library
06_INTELLIGENCE/Ghost/PH5-0040_Ghost_Comparison.md,PH5-0040 — Ghost Comparison,Interface State System
06_INTELLIGENCE/Ghost/PH5-0040_Ghost_Comparison.md,PH5-0040 — Ghost Comparison,Environmental Engine
06_INTELLIGENCE/Black_Box/PH5-0017_Black_Box_Final_Sixty_Minutes.md,PH5-0017 — Black Box Final Sixty Minutes,HQOS State Engine
06_INTELLIGENCE/Black_Box/PH5-0017_Black_Box_Final_Sixty_Minutes.md,PH5-0017 — Black Box Final Sixty Minutes,Mission Lifecycle
06_INTELLIGENCE/Black_Box/PH5-0017_Black_Box_Final_Sixty_Minutes.md,PH5-0017 — Black Box Final Sixty Minutes,Operator Model
06_INTELLIGENCE/Black_Box/PH5-0017_Black_Box_Final_Sixty_Minutes.md,PH5-0017 — Black Box Final Sixty Minutes,Archives
06_INTELLIGENCE/Black_Box/PH5-0017_Black_Box_Final_Sixty_Minutes.md,PH5-0017 — Black Box Final Sixty Minutes,Doctrine Library
06_INTELLIGENCE/Black_Box/PH5-0017_Black_Box_Final_Sixty_Minutes.md,PH5-0017 — Black Box Final Sixty Minutes,Institutional Memory Core
06_INTELLIGENCE/Black_Box/PH5-0017_Black_Box_Final_Sixty_Minutes.md,PH5-0017 — Black Box Final Sixty Minutes,SQLite Archive Schema
05_OPERATIONS/Mission_Lifecycle/PH4-0011_Mission_Control_Typography.md,PH4-0011 — Mission Control Typography,HQOS State Engine
05_OPERATIONS/Mission_Lifecycle/PH4-0011_Mission_Control_Typography.md,PH4-0011 — Mission Control Typography,Mission Lifecycle
05_OPERATIONS/Mission_Lifecycle/PH4-0011_Mission_Control_Typography.md,PH4-0011 — Mission Control Typography,Operator Model
05_OPERATIONS/Mission_Lifecycle/PH4-0011_Mission_Control_Typography.md,PH4-0011 — Mission Control Typography,Archives
05_OPERATIONS/Mission_Lifecycle/PH4-0011_Mission_Control_Typography.md,PH4-0011 — Mission Control Typography,Doctrine Library
05_OPERATIONS/Mission_Lifecycle/PH4-0047_Mission_Recorder.md,PH4-0047 — Mission Recorder,HQOS State Engine
05_OPERATIONS/Mission_Lifecycle/PH4-0047_Mission_Recorder.md,PH4-0047 — Mission Recorder,Mission Lifecycle
05_OPERATIONS/Mission_Lifecycle/PH4-0047_Mission_Recorder.md,PH4-0047 — Mission Recorder,Operator Model
05_OPERATIONS/Mission_Lifecycle/PH4-0047_Mission_Recorder.md,PH4-0047 — Mission Recorder,Archives
05_OPERATIONS/Mission_Lifecycle/PH4-0047_Mission_Recorder.md,PH4-0047 — Mission Recorder,Doctrine Library
05_OPERATIONS/Mission_Lifecycle/PH4-0064_Mission_Similarity_Search.md,PH4-0064 — Mission Similarity Search,HQOS State Engine
05_OPERATIONS/Mission_Lifecycle/PH4-0064_Mission_Similarity_Search.md,PH4-0064 — Mission Similarity Search,Mission Lifecycle
05_OPERATIONS/Mission_Lifecycle/PH4-0064_Mission_Similarity_Search.md,PH4-0064 — Mission Similarity Search,Operator Model
05_OPERATIONS/Mission_Lifecycle/PH4-0064_Mission_Similarity_Search.md,PH4-0064 — Mission Similarity Search,Archives
05_OPERATIONS/Mission_Lifecycle/PH4-0064_Mission_Similarity_Search.md,PH4-0064 — Mission Similarity Search,Doctrine Library
05_OPERATIONS/Mission_Lifecycle/PH4-0071_Mission_Timeline.md,PH4-0071 — Mission Timeline,HQOS State Engine
05_OPERATIONS/Mission_Lifecycle/PH4-0071_Mission_Timeline.md,PH4-0071 — Mission Timeline,Mission Lifecycle
05_OPERATIONS/Mission_Lifecycle/PH4-0071_Mission_Timeline.md,PH4-0071 — Mission Timeline,Operator Model
05_OPERATIONS/Mission_Lifecycle/PH4-0071_Mission_Timeline.md,PH4-0071 — Mission Timeline,Archives
05_OPERATIONS/Mission_Lifecycle/PH4-0071_Mission_Timeline.md,PH4-0071 — Mission Timeline,Doctrine Library
05_OPERATIONS/Mission_Lifecycle/PH4-0077_Mission_Pulse.md,PH4-0077 — Mission Pulse,HQOS State Engine
05_OPERATIONS/Mission_Lifecycle/PH4-0077_Mission_Pulse.md,PH4-0077 — Mission Pulse,Mission Lifecycle
05_OPERATIONS/Mission_Lifecycle/PH4-0077_Mission_Pulse.md,PH4-0077 — Mission Pulse,Operator Model
05_OPERATIONS/Mission_Lifecycle/PH4-0077_Mission_Pulse.md,PH4-0077 — Mission Pulse,Archives
05_OPERATIONS/Mission_Lifecycle/PH4-0077_Mission_Pulse.md,PH4-0077 — Mission Pulse,Doctrine Library
05_OPERATIONS/Mission_Lifecycle/PH4-0078_Mission_DNA.md,PH4-0078 — Mission DNA,HQOS State Engine
05_OPERATIONS/Mission_Lifecycle/PH4-0078_Mission_DNA.md,PH4-0078 — Mission DNA,Mission Lifecycle
05_OPERATIONS/Mission_Lifecycle/PH4-0078_Mission_DNA.md,PH4-0078 — Mission DNA,Operator Model
05_OPERATIONS/Mission_Lifecycle/PH4-0078_Mission_DNA.md,PH4-0078 — Mission DNA,Archives
05_OPERATIONS/Mission_Lifecycle/PH4-0078_Mission_DNA.md,PH4-0078 — Mission DNA,Doctrine Library
05_OPERATIONS/Mission_Lifecycle/PH5-0013_Mission_Similarity_Search.md,PH5-0013 — Mission Similarity Search,HQOS State Engine
05_OPERATIONS/Mission_Lifecycle/PH5-0013_Mission_Similarity_Search.md,PH5-0013 — Mission Similarity Search,Mission Lifecycle
05_OPERATIONS/Mission_Lifecycle/PH5-0013_Mission_Similarity_Search.md,PH5-0013 — Mission Similarity Search,Operator Model
05_OPERATIONS/Mission_Lifecycle/PH5-0013_Mission_Similarity_Search.md,PH5-0013 — Mission Similarity Search,Archives
05_OPERATIONS/Mission_Lifecycle/PH5-0013_Mission_Similarity_Search.md,PH5-0013 — Mission Similarity Search,Doctrine Library
05_OPERATIONS/Mission_Lifecycle/PH5-0013_Mission_Similarity_Search.md,PH5-0013 — Mission Similarity Search,Council Protocol
05_OPERATIONS/Mission_Lifecycle/PH5-0013_Mission_Similarity_Search.md,PH5-0013 — Mission Similarity Search,Evidence Confidence System
05_OPERATIONS/Mission_Lifecycle/PH5-0018_Mission_Timeline.md,PH5-0018 — Mission Timeline,HQOS State Engine
05_OPERATIONS/Mission_Lifecycle/PH5-0018_Mission_Timeline.md,PH5-0018 — Mission Timeline,Mission Lifecycle
05_OPERATIONS/Mission_Lifecycle/PH5-0018_Mission_Timeline.md,PH5-0018 — Mission Timeline,Operator Model
05_OPERATIONS/Mission_Lifecycle/PH5-0018_Mission_Timeline.md,PH5-0018 — Mission Timeline,Archives
05_OPERATIONS/Mission_Lifecycle/PH5-0018_Mission_Timeline.md,PH5-0018 — Mission Timeline,Doctrine Library
05_OPERATIONS/Mission_Lifecycle/PH5-0018_Mission_Timeline.md,PH5-0018 — Mission Timeline,Mission Timeline
05_OPERATIONS/Mission_Lifecycle/PH5-0018_Mission_Timeline.md,PH5-0018 — Mission Timeline,Behavioral Recorder
05_OPERATIONS/Mission_Lifecycle/PH5-0023_Mission_Forks.md,PH5-0023 — Mission Forks,HQOS State Engine
05_OPERATIONS/Mission_Lifecycle/PH5-0023_Mission_Forks.md,PH5-0023 — Mission Forks,Mission Lifecycle
05_OPERATIONS/Mission_Lifecycle/PH5-0023_Mission_Forks.md,PH5-0023 — Mission Forks,Operator Model
05_OPERATIONS/Mission_Lifecycle/PH5-0023_Mission_Forks.md,PH5-0023 — Mission Forks,Archives
05_OPERATIONS/Mission_Lifecycle/PH5-0023_Mission_Forks.md,PH5-0023 — Mission Forks,Doctrine Library
05_OPERATIONS/Mission_Lifecycle/PH5-0023_Mission_Forks.md,PH5-0023 — Mission Forks,Mission Timeline
05_OPERATIONS/Mission_Lifecycle/PH5-0023_Mission_Forks.md,PH5-0023 — Mission Forks,Behavioral Recorder
05_OPERATIONS/Mission_Lifecycle/PH5-0027_Mission_DNA.md,PH5-0027 — Mission DNA,HQOS State Engine
05_OPERATIONS/Mission_Lifecycle/PH5-0027_Mission_DNA.md,PH5-0027 — Mission DNA,Mission Lifecycle
05_OPERATIONS/Mission_Lifecycle/PH5-0027_Mission_DNA.md,PH5-0027 — Mission DNA,Operator Model
05_OPERATIONS/Mission_Lifecycle/PH5-0027_Mission_DNA.md,PH5-0027 — Mission DNA,Archives
05_OPERATIONS/Mission_Lifecycle/PH5-0027_Mission_DNA.md,PH5-0027 — Mission DNA,Doctrine Library
05_OPERATIONS/Mission_Lifecycle/PH5-0027_Mission_DNA.md,PH5-0027 — Mission DNA,Institutional Memory Core
05_OPERATIONS/Mission_Lifecycle/PH5-0027_Mission_DNA.md,PH5-0027 — Mission DNA,SQLite Archive Schema
05_OPERATIONS/Mission_Lifecycle/PH5-0036_Mission_Momentum_Engine.md,PH5-0036 — Mission Momentum Engine,HQOS State Engine
05_OPERATIONS/Mission_Lifecycle/PH5-0036_Mission_Momentum_Engine.md,PH5-0036 — Mission Momentum Engine,Mission Lifecycle
05_OPERATIONS/Mission_Lifecycle/PH5-0036_Mission_Momentum_Engine.md,PH5-0036 — Mission Momentum Engine,Operator Model
05_OPERATIONS/Mission_Lifecycle/PH5-0036_Mission_Momentum_Engine.md,PH5-0036 — Mission Momentum Engine,Archives
05_OPERATIONS/Mission_Lifecycle/PH5-0036_Mission_Momentum_Engine.md,PH5-0036 — Mission Momentum Engine,Doctrine Library
05_OPERATIONS/Mission_Lifecycle/PH5-0036_Mission_Momentum_Engine.md,PH5-0036 — Mission Momentum Engine,Mission Timeline
05_OPERATIONS/Mission_Lifecycle/PH5-0036_Mission_Momentum_Engine.md,PH5-0036 — Mission Momentum Engine,Behavioral Recorder
05_OPERATIONS/Mission_Lifecycle/PH6-0058_Permission_To_Deploy.md,PH6-0058 — Permission To Deploy,HQOS Event Bus
05_OPERATIONS/Mission_Lifecycle/PH6-0058_Permission_To_Deploy.md,PH6-0058 — Permission To Deploy,Mission Lifecycle
05_OPERATIONS/Mission_Lifecycle/PH6-0058_Permission_To_Deploy.md,PH6-0058 — Permission To Deploy,Operator Model
05_OPERATIONS/Mission_Lifecycle/PH6-0058_Permission_To_Deploy.md,PH6-0058 — Permission To Deploy,Archives
05_OPERATIONS/Mission_Lifecycle/PH6-0058_Permission_To_Deploy.md,PH6-0058 — Permission To Deploy,Doctrine Library
05_OPERATIONS/Mission_Lifecycle/PH6-0058_Permission_To_Deploy.md,PH6-0058 — Permission To Deploy,Council Protocol
05_OPERATIONS/Mission_Lifecycle/PH6-0058_Permission_To_Deploy.md,PH6-0058 — Permission To Deploy,Evidence Confidence System
05_OPERATIONS/Mission_Lifecycle/PH6-0075_Five_Mission_Artifacts.md,PH6-0075 — Five Mission Artifacts,HQOS Event Bus
05_OPERATIONS/Mission_Lifecycle/PH6-0075_Five_Mission_Artifacts.md,PH6-0075 — Five Mission Artifacts,Mission Lifecycle
05_OPERATIONS/Mission_Lifecycle/PH6-0075_Five_Mission_Artifacts.md,PH6-0075 — Five Mission Artifacts,Operator Model
05_OPERATIONS/Mission_Lifecycle/PH6-0075_Five_Mission_Artifacts.md,PH6-0075 — Five Mission Artifacts,Archives
05_OPERATIONS/Mission_Lifecycle/PH6-0075_Five_Mission_Artifacts.md,PH6-0075 — Five Mission Artifacts,Doctrine Library
05_OPERATIONS/Mission_Lifecycle/PH6-0075_Five_Mission_Artifacts.md,PH6-0075 — Five Mission Artifacts,Council Protocol
05_OPERATIONS/Mission_Lifecycle/PH6-0075_Five_Mission_Artifacts.md,PH6-0075 — Five Mission Artifacts,Evidence Confidence System
05_OPERATIONS/Mission_Lifecycle/REC-0631_Five_Mission_Artifacts.md,REC-0631 — Five Mission Artifacts,Archives
05_OPERATIONS/Mission_Lifecycle/REC-0631_Five_Mission_Artifacts.md,REC-0631 — Five Mission Artifacts,SQLite Schema
05_OPERATIONS/Mission_Lifecycle/REC-0631_Five_Mission_Artifacts.md,REC-0631 — Five Mission Artifacts,Historian
05_OPERATIONS/Mission_Lifecycle/REC-0631_Five_Mission_Artifacts.md,REC-0631 — Five Mission Artifacts,Mission Engine
05_OPERATIONS/Mission_Lifecycle/REC-0631_Five_Mission_Artifacts.md,REC-0631 — Five Mission Artifacts,Campaign Engine
05_OPERATIONS/Mission_Lifecycle/REC-0635_Saved_Missions_Ledger.md,REC-0635 — Saved Missions Ledger,Archives
05_OPERATIONS/Mission_Lifecycle/REC-0635_Saved_Missions_Ledger.md,REC-0635 — Saved Missions Ledger,SQLite Schema
05_OPERATIONS/Mission_Lifecycle/REC-0635_Saved_Missions_Ledger.md,REC-0635 — Saved Missions Ledger,Historian
05_OPERATIONS/Mission_Lifecycle/REC-0635_Saved_Missions_Ledger.md,REC-0635 — Saved Missions Ledger,Mission Engine
05_OPERATIONS/Mission_Lifecycle/REC-0635_Saved_Missions_Ledger.md,REC-0635 — Saved Missions Ledger,Campaign Engine
05_OPERATIONS/Mission_Lifecycle/REC-0732_Mission_Kernel.md,REC-0732 — Mission Kernel,HQOS
05_OPERATIONS/Mission_Lifecycle/REC-0732_Mission_Kernel.md,REC-0732 — Mission Kernel,Master Index
05_OPERATIONS/Mission_Lifecycle/REC-0732_Mission_Kernel.md,REC-0732 — Mission Kernel,Archives
05_OPERATIONS/Mission_Lifecycle/REC-0732_Mission_Kernel.md,REC-0732 — Mission Kernel,Council
05_OPERATIONS/Mission_Lifecycle/REC-0732_Mission_Kernel.md,REC-0732 — Mission Kernel,Repository Standards
05_OPERATIONS/Mission_Lifecycle/REC-0650_Operational_Cycle.md,REC-0650 — Operational Cycle,HQOS
05_OPERATIONS/Mission_Lifecycle/REC-0650_Operational_Cycle.md,REC-0650 — Operational Cycle,Mission State
05_OPERATIONS/Mission_Lifecycle/REC-0650_Operational_Cycle.md,REC-0650 — Operational Cycle,Operator Model
05_OPERATIONS/Mission_Lifecycle/REC-0650_Operational_Cycle.md,REC-0650 — Operational Cycle,Archives
05_OPERATIONS/Mission_Lifecycle/REC-0802_Manual_Mission_Deploy_Fallback.md,REC-0802 — Manual Mission Deploy Fallback,HQOS
05_OPERATIONS/Mission_Lifecycle/REC-0802_Manual_Mission_Deploy_Fallback.md,REC-0802 — Manual Mission Deploy Fallback,Interface System
05_OPERATIONS/Mission_Lifecycle/REC-0802_Manual_Mission_Deploy_Fallback.md,REC-0802 — Manual Mission Deploy Fallback,Archives
05_OPERATIONS/Mission_Lifecycle/REC-0802_Manual_Mission_Deploy_Fallback.md,REC-0802 — Manual Mission Deploy Fallback,Master Index
05_OPERATIONS/Campaigns/PH4-0051_Living_Campaign_Map.md,PH4-0051 — Living Campaign Map,HQOS State Engine
05_OPERATIONS/Campaigns/PH4-0051_Living_Campaign_Map.md,PH4-0051 — Living Campaign Map,Mission Lifecycle
05_OPERATIONS/Campaigns/PH4-0051_Living_Campaign_Map.md,PH4-0051 — Living Campaign Map,Operator Model
05_OPERATIONS/Campaigns/PH4-0051_Living_Campaign_Map.md,PH4-0051 — Living Campaign Map,Archives
05_OPERATIONS/Campaigns/PH4-0051_Living_Campaign_Map.md,PH4-0051 — Living Campaign Map,Doctrine Library
05_OPERATIONS/Campaigns/PH6-0077_Campaign_Books.md,PH6-0077 — Campaign Books,HQOS Event Bus
05_OPERATIONS/Campaigns/PH6-0077_Campaign_Books.md,PH6-0077 — Campaign Books,Mission Lifecycle
05_OPERATIONS/Campaigns/PH6-0077_Campaign_Books.md,PH6-0077 — Campaign Books,Operator Model
05_OPERATIONS/Campaigns/PH6-0077_Campaign_Books.md,PH6-0077 — Campaign Books,Archives
05_OPERATIONS/Campaigns/PH6-0077_Campaign_Books.md,PH6-0077 — Campaign Books,Doctrine Library
05_OPERATIONS/Campaigns/PH6-0077_Campaign_Books.md,PH6-0077 — Campaign Books,Council Protocol
05_OPERATIONS/Campaigns/PH6-0077_Campaign_Books.md,PH6-0077 — Campaign Books,Evidence Confidence System
05_OPERATIONS/Campaigns/REC-0633_Campaign_Books.md,REC-0633 — Campaign Books,Archives
05_OPERATIONS/Campaigns/REC-0633_Campaign_Books.md,REC-0633 — Campaign Books,SQLite Schema
05_OPERATIONS/Campaigns/REC-0633_Campaign_Books.md,REC-0633 — Campaign Books,Historian
05_OPERATIONS/Campaigns/REC-0633_Campaign_Books.md,REC-0633 — Campaign Books,Mission Engine
05_OPERATIONS/Campaigns/REC-0633_Campaign_Books.md,REC-0633 — Campaign Books,Campaign Engine
05_OPERATIONS/Campaigns/REC-0642_Career_Status_Campaign_Interrupted_Career_Continues.md,REC-0642 — Career Status Campaign Interrupted Career Continues,Archives
05_OPERATIONS/Campaigns/REC-0642_Career_Status_Campaign_Interrupted_Career_Continues.md,REC-0642 — Career Status Campaign Interrupted Career Continues,SQLite Schema
05_OPERATIONS/Campaigns/REC-0642_Career_Status_Campaign_Interrupted_Career_Continues.md,REC-0642 — Career Status Campaign Interrupted Career Continues,Historian
05_OPERATIONS/Campaigns/REC-0642_Career_Status_Campaign_Interrupted_Career_Continues.md,REC-0642 — Career Status Campaign Interrupted Career Continues,Mission Engine
05_OPERATIONS/Campaigns/REC-0642_Career_Status_Campaign_Interrupted_Career_Continues.md,REC-0642 — Career Status Campaign Interrupted Career Continues,Campaign Engine
05_OPERATIONS/Campaigns/REC-0741_Monday_Campaign_Ceremony.md,REC-0741 — Monday Campaign Ceremony,HQOS
05_OPERATIONS/Campaigns/REC-0741_Monday_Campaign_Ceremony.md,REC-0741 — Monday Campaign Ceremony,Master Index
05_OPERATIONS/Campaigns/REC-0741_Monday_Campaign_Ceremony.md,REC-0741 — Monday Campaign Ceremony,Archives
05_OPERATIONS/Campaigns/REC-0741_Monday_Campaign_Ceremony.md,REC-0741 — Monday Campaign Ceremony,Council
05_OPERATIONS/Campaigns/REC-0741_Monday_Campaign_Ceremony.md,REC-0741 — Monday Campaign Ceremony,Repository Standards
05_OPERATIONS/Authorization/PH6-0008_Exceptional_Authorization.md,PH6-0008 — Exceptional Authorization,HQOS Event Bus
05_OPERATIONS/Authorization/PH6-0008_Exceptional_Authorization.md,PH6-0008 — Exceptional Authorization,Mission Lifecycle
05_OPERATIONS/Authorization/PH6-0008_Exceptional_Authorization.md,PH6-0008 — Exceptional Authorization,Operator Model
05_OPERATIONS/Authorization/PH6-0008_Exceptional_Authorization.md,PH6-0008 — Exceptional Authorization,Archives
05_OPERATIONS/Authorization/PH6-0008_Exceptional_Authorization.md,PH6-0008 — Exceptional Authorization,Doctrine Library
05_OPERATIONS/Authorization/PH6-0008_Exceptional_Authorization.md,PH6-0008 — Exceptional Authorization,Council Protocol
05_OPERATIONS/Authorization/PH6-0008_Exceptional_Authorization.md,PH6-0008 — Exceptional Authorization,Evidence Confidence System
05_OPERATIONS/Authorization/REC-0653_Deployment_Window.md,REC-0653 — Deployment Window,HQOS
05_OPERATIONS/Authorization/REC-0653_Deployment_Window.md,REC-0653 — Deployment Window,Mission State
05_OPERATIONS/Authorization/REC-0653_Deployment_Window.md,REC-0653 — Deployment Window,Operator Model
05_OPERATIONS/Authorization/REC-0653_Deployment_Window.md,REC-0653 — Deployment Window,Archives
05_OPERATIONS/Debrief/PH5-0049_Critical_Decision_Tree.md,PH5-0049 — Critical Decision Tree,HQOS State Engine
05_OPERATIONS/Debrief/PH5-0049_Critical_Decision_Tree.md,PH5-0049 — Critical Decision Tree,Mission Lifecycle
05_OPERATIONS/Debrief/PH5-0049_Critical_Decision_Tree.md,PH5-0049 — Critical Decision Tree,Operator Model
05_OPERATIONS/Debrief/PH5-0049_Critical_Decision_Tree.md,PH5-0049 — Critical Decision Tree,Archives
05_OPERATIONS/Debrief/PH5-0049_Critical_Decision_Tree.md,PH5-0049 — Critical Decision Tree,Doctrine Library
05_OPERATIONS/Debrief/PH5-0049_Critical_Decision_Tree.md,PH5-0049 — Critical Decision Tree,Mission Timeline
05_OPERATIONS/Debrief/PH5-0049_Critical_Decision_Tree.md,PH5-0049 — Critical Decision Tree,Behavioral Recorder
05_OPERATIONS/Debrief/PH5-0086_Mission_Reconstruction_View.md,PH5-0086 — Mission Reconstruction View,HQOS State Engine
05_OPERATIONS/Debrief/PH5-0086_Mission_Reconstruction_View.md,PH5-0086 — Mission Reconstruction View,Mission Lifecycle
05_OPERATIONS/Debrief/PH5-0086_Mission_Reconstruction_View.md,PH5-0086 — Mission Reconstruction View,Operator Model
05_OPERATIONS/Debrief/PH5-0086_Mission_Reconstruction_View.md,PH5-0086 — Mission Reconstruction View,Archives
05_OPERATIONS/Debrief/PH5-0086_Mission_Reconstruction_View.md,PH5-0086 — Mission Reconstruction View,Doctrine Library
05_OPERATIONS/Debrief/PH5-0086_Mission_Reconstruction_View.md,PH5-0086 — Mission Reconstruction View,Mission Timeline
05_OPERATIONS/Debrief/PH5-0086_Mission_Reconstruction_View.md,PH5-0086 — Mission Reconstruction View,Behavioral Recorder
05_OPERATIONS/Debrief/PH5-0087_Alternative_Timeline_View.md,PH5-0087 — Alternative Timeline View,HQOS State Engine
05_OPERATIONS/Debrief/PH5-0087_Alternative_Timeline_View.md,PH5-0087 — Alternative Timeline View,Mission Lifecycle
05_OPERATIONS/Debrief/PH5-0087_Alternative_Timeline_View.md,PH5-0087 — Alternative Timeline View,Operator Model
05_OPERATIONS/Debrief/PH5-0087_Alternative_Timeline_View.md,PH5-0087 — Alternative Timeline View,Archives
05_OPERATIONS/Debrief/PH5-0087_Alternative_Timeline_View.md,PH5-0087 — Alternative Timeline View,Doctrine Library
05_OPERATIONS/Debrief/PH5-0087_Alternative_Timeline_View.md,PH5-0087 — Alternative Timeline View,Mission Timeline
05_OPERATIONS/Debrief/PH5-0087_Alternative_Timeline_View.md,PH5-0087 — Alternative Timeline View,Behavioral Recorder
05_OPERATIONS/Debrief/PH5-0088_Decision_Quality_vs_Execution_Score.md,PH5-0088 — Decision Quality vs Execution Score,HQOS State Engine
05_OPERATIONS/Debrief/PH5-0088_Decision_Quality_vs_Execution_Score.md,PH5-0088 — Decision Quality vs Execution Score,Mission Lifecycle
05_OPERATIONS/Debrief/PH5-0088_Decision_Quality_vs_Execution_Score.md,PH5-0088 — Decision Quality vs Execution Score,Operator Model
05_OPERATIONS/Debrief/PH5-0088_Decision_Quality_vs_Execution_Score.md,PH5-0088 — Decision Quality vs Execution Score,Archives
05_OPERATIONS/Debrief/PH5-0088_Decision_Quality_vs_Execution_Score.md,PH5-0088 — Decision Quality vs Execution Score,Doctrine Library
05_OPERATIONS/Debrief/PH5-0088_Decision_Quality_vs_Execution_Score.md,PH5-0088 — Decision Quality vs Execution Score,Mission Timeline
05_OPERATIONS/Debrief/PH5-0088_Decision_Quality_vs_Execution_Score.md,PH5-0088 — Decision Quality vs Execution Score,Behavioral Recorder
04_OPERATOR/Identity/PH4-0056_Identity_Drift_Algorithm.md,PH4-0056 — Identity Drift Algorithm,HQOS State Engine
04_OPERATOR/Identity/PH4-0056_Identity_Drift_Algorithm.md,PH4-0056 — Identity Drift Algorithm,Mission Lifecycle
04_OPERATOR/Identity/PH4-0056_Identity_Drift_Algorithm.md,PH4-0056 — Identity Drift Algorithm,Operator Model
04_OPERATOR/Identity/PH4-0056_Identity_Drift_Algorithm.md,PH4-0056 — Identity Drift Algorithm,Archives
04_OPERATOR/Identity/PH4-0056_Identity_Drift_Algorithm.md,PH4-0056 — Identity Drift Algorithm,Doctrine Library
04_OPERATOR/Identity/PH4-0057_Identity_Drift_Vector_Model.md,PH4-0057 — Identity Drift Vector Model,HQOS State Engine
04_OPERATOR/Identity/PH4-0057_Identity_Drift_Vector_Model.md,PH4-0057 — Identity Drift Vector Model,Mission Lifecycle
04_OPERATOR/Identity/PH4-0057_Identity_Drift_Vector_Model.md,PH4-0057 — Identity Drift Vector Model,Operator Model
04_OPERATOR/Identity/PH4-0057_Identity_Drift_Vector_Model.md,PH4-0057 — Identity Drift Vector Model,Archives
04_OPERATOR/Identity/PH4-0057_Identity_Drift_Vector_Model.md,PH4-0057 — Identity Drift Vector Model,Doctrine Library
04_OPERATOR/Identity/PH4-0065_Future_Identity_Simulator.md,PH4-0065 — Future Identity Simulator,HQOS State Engine
04_OPERATOR/Identity/PH4-0065_Future_Identity_Simulator.md,PH4-0065 — Future Identity Simulator,Mission Lifecycle
04_OPERATOR/Identity/PH4-0065_Future_Identity_Simulator.md,PH4-0065 — Future Identity Simulator,Operator Model
04_OPERATOR/Identity/PH4-0065_Future_Identity_Simulator.md,PH4-0065 — Future Identity Simulator,Archives
04_OPERATOR/Identity/PH4-0065_Future_Identity_Simulator.md,PH4-0065 — Future Identity Simulator,Doctrine Library
04_OPERATOR/Identity/PH5-0005_Identity_Drift_Engine.md,PH5-0005 — Identity Drift Engine,HQOS State Engine
04_OPERATOR/Identity/PH5-0005_Identity_Drift_Engine.md,PH5-0005 — Identity Drift Engine,Mission Lifecycle
04_OPERATOR/Identity/PH5-0005_Identity_Drift_Engine.md,PH5-0005 — Identity Drift Engine,Operator Model
04_OPERATOR/Identity/PH5-0005_Identity_Drift_Engine.md,PH5-0005 — Identity Drift Engine,Archives
04_OPERATOR/Identity/PH5-0005_Identity_Drift_Engine.md,PH5-0005 — Identity Drift Engine,Doctrine Library
04_OPERATOR/Identity/PH5-0006_Identity_Drift_Compass_Space.md,PH5-0006 — Identity Drift Compass Space,HQOS State Engine
04_OPERATOR/Identity/PH5-0006_Identity_Drift_Compass_Space.md,PH5-0006 — Identity Drift Compass Space,Mission Lifecycle
04_OPERATOR/Identity/PH5-0006_Identity_Drift_Compass_Space.md,PH5-0006 — Identity Drift Compass Space,Operator Model
04_OPERATOR/Identity/PH5-0006_Identity_Drift_Compass_Space.md,PH5-0006 — Identity Drift Compass Space,Archives
04_OPERATOR/Identity/PH5-0006_Identity_Drift_Compass_Space.md,PH5-0006 — Identity Drift Compass Space,Doctrine Library
04_OPERATOR/Identity/PH5-0014_Future_Identity_Simulator.md,PH5-0014 — Future Identity Simulator,HQOS State Engine
04_OPERATOR/Identity/PH5-0014_Future_Identity_Simulator.md,PH5-0014 — Future Identity Simulator,Mission Lifecycle
04_OPERATOR/Identity/PH5-0014_Future_Identity_Simulator.md,PH5-0014 — Future Identity Simulator,Operator Model
04_OPERATOR/Identity/PH5-0014_Future_Identity_Simulator.md,PH5-0014 — Future Identity Simulator,Archives
04_OPERATOR/Identity/PH5-0014_Future_Identity_Simulator.md,PH5-0014 — Future Identity Simulator,Doctrine Library
04_OPERATOR/Identity/PH5-0014_Future_Identity_Simulator.md,PH5-0014 — Future Identity Simulator,Council Protocol
04_OPERATOR/Identity/PH5-0014_Future_Identity_Simulator.md,PH5-0014 — Future Identity Simulator,Evidence Confidence System
04_OPERATOR/Identity/PH5-0082_Identity_Stability_Metric.md,PH5-0082 — Identity Stability Metric,HQOS State Engine
04_OPERATOR/Identity/PH5-0082_Identity_Stability_Metric.md,PH5-0082 — Identity Stability Metric,Mission Lifecycle
04_OPERATOR/Identity/PH5-0082_Identity_Stability_Metric.md,PH5-0082 — Identity Stability Metric,Operator Model
04_OPERATOR/Identity/PH5-0082_Identity_Stability_Metric.md,PH5-0082 — Identity Stability Metric,Archives
04_OPERATOR/Identity/PH5-0082_Identity_Stability_Metric.md,PH5-0082 — Identity Stability Metric,Doctrine Library
04_OPERATOR/Identity/PH6-0026_Identity_Insurance_Policy.md,PH6-0026 — Identity Insurance Policy,HQOS Event Bus
04_OPERATOR/Identity/PH6-0026_Identity_Insurance_Policy.md,PH6-0026 — Identity Insurance Policy,Mission Lifecycle
04_OPERATOR/Identity/PH6-0026_Identity_Insurance_Policy.md,PH6-0026 — Identity Insurance Policy,Operator Model
04_OPERATOR/Identity/PH6-0026_Identity_Insurance_Policy.md,PH6-0026 — Identity Insurance Policy,Archives
04_OPERATOR/Identity/PH6-0026_Identity_Insurance_Policy.md,PH6-0026 — Identity Insurance Policy,Doctrine Library
04_OPERATOR/Identity/PH6-0026_Identity_Insurance_Policy.md,PH6-0026 — Identity Insurance Policy,Council Protocol
04_OPERATOR/Identity/PH6-0026_Identity_Insurance_Policy.md,PH6-0026 — Identity Insurance Policy,Evidence Confidence System
04_OPERATOR/Identity/PH6-0031_Professional_Identity_Management.md,PH6-0031 — Professional Identity Management,HQOS Event Bus
04_OPERATOR/Identity/PH6-0031_Professional_Identity_Management.md,PH6-0031 — Professional Identity Management,Mission Lifecycle
04_OPERATOR/Identity/PH6-0031_Professional_Identity_Management.md,PH6-0031 — Professional Identity Management,Operator Model
04_OPERATOR/Identity/PH6-0031_Professional_Identity_Management.md,PH6-0031 — Professional Identity Management,Archives
04_OPERATOR/Identity/PH6-0031_Professional_Identity_Management.md,PH6-0031 — Professional Identity Management,Doctrine Library
04_OPERATOR/Identity/PH6-0031_Professional_Identity_Management.md,PH6-0031 — Professional Identity Management,Council Protocol
04_OPERATOR/Identity/PH6-0031_Professional_Identity_Management.md,PH6-0031 — Professional Identity Management,Evidence Confidence System
04_OPERATOR/Identity/REC-0780_Boot_Sequence_Identity_Check.md,REC-0780 — Boot Sequence Identity Check,HQOS
04_OPERATOR/Identity/REC-0780_Boot_Sequence_Identity_Check.md,REC-0780 — Boot Sequence Identity Check,Interface System
04_OPERATOR/Identity/REC-0780_Boot_Sequence_Identity_Check.md,REC-0780 — Boot Sequence Identity Check,Archives
04_OPERATOR/Identity/REC-0780_Boot_Sequence_Identity_Check.md,REC-0780 — Boot Sequence Identity Check,Master Index
04_OPERATOR/Behavioral_Systems/PH4-0046_Discipline_Reserve.md,PH4-0046 — Discipline Reserve,HQOS State Engine
04_OPERATOR/Behavioral_Systems/PH4-0046_Discipline_Reserve.md,PH4-0046 — Discipline Reserve,Mission Lifecycle
04_OPERATOR/Behavioral_Systems/PH4-0046_Discipline_Reserve.md,PH4-0046 — Discipline Reserve,Operator Model
04_OPERATOR/Behavioral_Systems/PH4-0046_Discipline_Reserve.md,PH4-0046 — Discipline Reserve,Archives
04_OPERATOR/Behavioral_Systems/PH4-0046_Discipline_Reserve.md,PH4-0046 — Discipline Reserve,Doctrine Library
04_OPERATOR/Behavioral_Systems/PH4-0053_Behavioral_Engine.md,PH4-0053 — Behavioral Engine,HQOS State Engine
04_OPERATOR/Behavioral_Systems/PH4-0053_Behavioral_Engine.md,PH4-0053 — Behavioral Engine,Mission Lifecycle
04_OPERATOR/Behavioral_Systems/PH4-0053_Behavioral_Engine.md,PH4-0053 — Behavioral Engine,Operator Model
04_OPERATOR/Behavioral_Systems/PH4-0053_Behavioral_Engine.md,PH4-0053 — Behavioral Engine,Archives
04_OPERATOR/Behavioral_Systems/PH4-0053_Behavioral_Engine.md,PH4-0053 — Behavioral Engine,Doctrine Library
04_OPERATOR/Behavioral_Systems/PH4-0055_Behavioral_Fingerprints.md,PH4-0055 — Behavioral Fingerprints,HQOS State Engine
04_OPERATOR/Behavioral_Systems/PH4-0055_Behavioral_Fingerprints.md,PH4-0055 — Behavioral Fingerprints,Mission Lifecycle
04_OPERATOR/Behavioral_Systems/PH4-0055_Behavioral_Fingerprints.md,PH4-0055 — Behavioral Fingerprints,Operator Model
04_OPERATOR/Behavioral_Systems/PH4-0055_Behavioral_Fingerprints.md,PH4-0055 — Behavioral Fingerprints,Archives
04_OPERATOR/Behavioral_Systems/PH4-0055_Behavioral_Fingerprints.md,PH4-0055 — Behavioral Fingerprints,Doctrine Library
04_OPERATOR/Behavioral_Systems/PH4-0062_Behavioral_Gravity.md,PH4-0062 — Behavioral Gravity,HQOS State Engine
04_OPERATOR/Behavioral_Systems/PH4-0062_Behavioral_Gravity.md,PH4-0062 — Behavioral Gravity,Mission Lifecycle
04_OPERATOR/Behavioral_Systems/PH4-0062_Behavioral_Gravity.md,PH4-0062 — Behavioral Gravity,Operator Model
04_OPERATOR/Behavioral_Systems/PH4-0062_Behavioral_Gravity.md,PH4-0062 — Behavioral Gravity,Archives
04_OPERATOR/Behavioral_Systems/PH4-0062_Behavioral_Gravity.md,PH4-0062 — Behavioral Gravity,Doctrine Library
04_OPERATOR/Behavioral_Systems/PH4-0068_Behavioral_Black_Box.md,PH4-0068 — Behavioral Black Box,HQOS State Engine
04_OPERATOR/Behavioral_Systems/PH4-0068_Behavioral_Black_Box.md,PH4-0068 — Behavioral Black Box,Mission Lifecycle
04_OPERATOR/Behavioral_Systems/PH4-0068_Behavioral_Black_Box.md,PH4-0068 — Behavioral Black Box,Operator Model
04_OPERATOR/Behavioral_Systems/PH4-0068_Behavioral_Black_Box.md,PH4-0068 — Behavioral Black Box,Archives
04_OPERATOR/Behavioral_Systems/PH4-0068_Behavioral_Black_Box.md,PH4-0068 — Behavioral Black Box,Doctrine Library
04_OPERATOR/Behavioral_Systems/PH4-0080_Behavioral_Cascade_Detection.md,PH4-0080 — Behavioral Cascade Detection,HQOS State Engine
04_OPERATOR/Behavioral_Systems/PH4-0080_Behavioral_Cascade_Detection.md,PH4-0080 — Behavioral Cascade Detection,Mission Lifecycle
04_OPERATOR/Behavioral_Systems/PH4-0080_Behavioral_Cascade_Detection.md,PH4-0080 — Behavioral Cascade Detection,Operator Model
04_OPERATOR/Behavioral_Systems/PH4-0080_Behavioral_Cascade_Detection.md,PH4-0080 — Behavioral Cascade Detection,Archives
04_OPERATOR/Behavioral_Systems/PH4-0080_Behavioral_Cascade_Detection.md,PH4-0080 — Behavioral Cascade Detection,Doctrine Library
04_OPERATOR/Behavioral_Systems/PH5-0001_Behavioral_Engine.md,PH5-0001 — Behavioral Engine,HQOS State Engine
04_OPERATOR/Behavioral_Systems/PH5-0001_Behavioral_Engine.md,PH5-0001 — Behavioral Engine,Mission Lifecycle
04_OPERATOR/Behavioral_Systems/PH5-0001_Behavioral_Engine.md,PH5-0001 — Behavioral Engine,Operator Model
04_OPERATOR/Behavioral_Systems/PH5-0001_Behavioral_Engine.md,PH5-0001 — Behavioral Engine,Archives
04_OPERATOR/Behavioral_Systems/PH5-0001_Behavioral_Engine.md,PH5-0001 — Behavioral Engine,Doctrine Library
04_OPERATOR/Behavioral_Systems/PH5-0001_Behavioral_Engine.md,PH5-0001 — Behavioral Engine,Council Protocol
04_OPERATOR/Behavioral_Systems/PH5-0001_Behavioral_Engine.md,PH5-0001 — Behavioral Engine,Evidence Confidence System
04_OPERATOR/Behavioral_Systems/PH5-0003_Command_Stability_Model.md,PH5-0003 — Command Stability Model,HQOS State Engine
04_OPERATOR/Behavioral_Systems/PH5-0003_Command_Stability_Model.md,PH5-0003 — Command Stability Model,Mission Lifecycle
04_OPERATOR/Behavioral_Systems/PH5-0003_Command_Stability_Model.md,PH5-0003 — Command Stability Model,Operator Model
04_OPERATOR/Behavioral_Systems/PH5-0003_Command_Stability_Model.md,PH5-0003 — Command Stability Model,Archives
04_OPERATOR/Behavioral_Systems/PH5-0003_Command_Stability_Model.md,PH5-0003 — Command Stability Model,Doctrine Library
04_OPERATOR/Behavioral_Systems/PH5-0004_Behavioral_Fingerprints.md,PH5-0004 — Behavioral Fingerprints,HQOS State Engine
04_OPERATOR/Behavioral_Systems/PH5-0004_Behavioral_Fingerprints.md,PH5-0004 — Behavioral Fingerprints,Mission Lifecycle
04_OPERATOR/Behavioral_Systems/PH5-0004_Behavioral_Fingerprints.md,PH5-0004 — Behavioral Fingerprints,Operator Model
04_OPERATOR/Behavioral_Systems/PH5-0004_Behavioral_Fingerprints.md,PH5-0004 — Behavioral Fingerprints,Archives
04_OPERATOR/Behavioral_Systems/PH5-0004_Behavioral_Fingerprints.md,PH5-0004 — Behavioral Fingerprints,Doctrine Library
04_OPERATOR/Behavioral_Systems/PH5-0004_Behavioral_Fingerprints.md,PH5-0004 — Behavioral Fingerprints,Council Protocol
04_OPERATOR/Behavioral_Systems/PH5-0004_Behavioral_Fingerprints.md,PH5-0004 — Behavioral Fingerprints,Evidence Confidence System
04_OPERATOR/Behavioral_Systems/PH5-0011_Behavioral_Gravity.md,PH5-0011 — Behavioral Gravity,HQOS State Engine
04_OPERATOR/Behavioral_Systems/PH5-0011_Behavioral_Gravity.md,PH5-0011 — Behavioral Gravity,Mission Lifecycle
04_OPERATOR/Behavioral_Systems/PH5-0011_Behavioral_Gravity.md,PH5-0011 — Behavioral Gravity,Operator Model
04_OPERATOR/Behavioral_Systems/PH5-0011_Behavioral_Gravity.md,PH5-0011 — Behavioral Gravity,Archives
04_OPERATOR/Behavioral_Systems/PH5-0011_Behavioral_Gravity.md,PH5-0011 — Behavioral Gravity,Doctrine Library
04_OPERATOR/Behavioral_Systems/PH5-0016_Behavioral_Black_Box.md,PH5-0016 — Behavioral Black Box,HQOS State Engine
04_OPERATOR/Behavioral_Systems/PH5-0016_Behavioral_Black_Box.md,PH5-0016 — Behavioral Black Box,Mission Lifecycle
04_OPERATOR/Behavioral_Systems/PH5-0016_Behavioral_Black_Box.md,PH5-0016 — Behavioral Black Box,Operator Model
04_OPERATOR/Behavioral_Systems/PH5-0016_Behavioral_Black_Box.md,PH5-0016 — Behavioral Black Box,Archives
04_OPERATOR/Behavioral_Systems/PH5-0016_Behavioral_Black_Box.md,PH5-0016 — Behavioral Black Box,Doctrine Library
04_OPERATOR/Behavioral_Systems/PH5-0016_Behavioral_Black_Box.md,PH5-0016 — Behavioral Black Box,Institutional Memory Core
04_OPERATOR/Behavioral_Systems/PH5-0016_Behavioral_Black_Box.md,PH5-0016 — Behavioral Black Box,SQLite Archive Schema
04_OPERATOR/Behavioral_Systems/PH5-0026_Mission_Pulse.md,PH5-0026 — Mission Pulse,HQOS State Engine
04_OPERATOR/Behavioral_Systems/PH5-0026_Mission_Pulse.md,PH5-0026 — Mission Pulse,Mission Lifecycle
04_OPERATOR/Behavioral_Systems/PH5-0026_Mission_Pulse.md,PH5-0026 — Mission Pulse,Operator Model
04_OPERATOR/Behavioral_Systems/PH5-0026_Mission_Pulse.md,PH5-0026 — Mission Pulse,Archives
04_OPERATOR/Behavioral_Systems/PH5-0026_Mission_Pulse.md,PH5-0026 — Mission Pulse,Doctrine Library
04_OPERATOR/Behavioral_Systems/PH5-0031_Behavioral_Cascade_Engine.md,PH5-0031 — Behavioral Cascade Engine,HQOS State Engine
04_OPERATOR/Behavioral_Systems/PH5-0031_Behavioral_Cascade_Engine.md,PH5-0031 — Behavioral Cascade Engine,Mission Lifecycle
04_OPERATOR/Behavioral_Systems/PH5-0031_Behavioral_Cascade_Engine.md,PH5-0031 — Behavioral Cascade Engine,Operator Model
04_OPERATOR/Behavioral_Systems/PH5-0031_Behavioral_Cascade_Engine.md,PH5-0031 — Behavioral Cascade Engine,Archives
04_OPERATOR/Behavioral_Systems/PH5-0031_Behavioral_Cascade_Engine.md,PH5-0031 — Behavioral Cascade Engine,Doctrine Library
04_OPERATOR/Behavioral_Systems/PH5-0031_Behavioral_Cascade_Engine.md,PH5-0031 — Behavioral Cascade Engine,Council Protocol
04_OPERATOR/Behavioral_Systems/PH5-0031_Behavioral_Cascade_Engine.md,PH5-0031 — Behavioral Cascade Engine,Evidence Confidence System
04_OPERATOR/Behavioral_Systems/PH5-0051_Decision_Debt.md,PH5-0051 — Decision Debt,HQOS State Engine
04_OPERATOR/Behavioral_Systems/PH5-0051_Decision_Debt.md,PH5-0051 — Decision Debt,Mission Lifecycle
04_OPERATOR/Behavioral_Systems/PH5-0051_Decision_Debt.md,PH5-0051 — Decision Debt,Operator Model
04_OPERATOR/Behavioral_Systems/PH5-0051_Decision_Debt.md,PH5-0051 — Decision Debt,Archives
04_OPERATOR/Behavioral_Systems/PH5-0051_Decision_Debt.md,PH5-0051 — Decision Debt,Doctrine Library
04_OPERATOR/Behavioral_Systems/PH5-0052_Discipline_Interest.md,PH5-0052 — Discipline Interest,HQOS State Engine
04_OPERATOR/Behavioral_Systems/PH5-0052_Discipline_Interest.md,PH5-0052 — Discipline Interest,Mission Lifecycle
04_OPERATOR/Behavioral_Systems/PH5-0052_Discipline_Interest.md,PH5-0052 — Discipline Interest,Operator Model
04_OPERATOR/Behavioral_Systems/PH5-0052_Discipline_Interest.md,PH5-0052 — Discipline Interest,Archives
04_OPERATOR/Behavioral_Systems/PH5-0052_Discipline_Interest.md,PH5-0052 — Discipline Interest,Doctrine Library
04_OPERATOR/Behavioral_Systems/PH5-0053_Tactical_Compass.md,PH5-0053 — Tactical Compass,HQOS State Engine
04_OPERATOR/Behavioral_Systems/PH5-0053_Tactical_Compass.md,PH5-0053 — Tactical Compass,Mission Lifecycle
04_OPERATOR/Behavioral_Systems/PH5-0053_Tactical_Compass.md,PH5-0053 — Tactical Compass,Operator Model
04_OPERATOR/Behavioral_Systems/PH5-0053_Tactical_Compass.md,PH5-0053 — Tactical Compass,Archives
04_OPERATOR/Behavioral_Systems/PH5-0053_Tactical_Compass.md,PH5-0053 — Tactical Compass,Doctrine Library
04_OPERATOR/Behavioral_Systems/PH5-0053_Tactical_Compass.md,PH5-0053 — Tactical Compass,Interface State System
04_OPERATOR/Behavioral_Systems/PH5-0053_Tactical_Compass.md,PH5-0053 — Tactical Compass,Environmental Engine
04_OPERATOR/Behavioral_Systems/PH5-0054_Headquarters_Balance.md,PH5-0054 — Headquarters Balance,HQOS State Engine
04_OPERATOR/Behavioral_Systems/PH5-0054_Headquarters_Balance.md,PH5-0054 — Headquarters Balance,Mission Lifecycle
04_OPERATOR/Behavioral_Systems/PH5-0054_Headquarters_Balance.md,PH5-0054 — Headquarters Balance,Operator Model
04_OPERATOR/Behavioral_Systems/PH5-0054_Headquarters_Balance.md,PH5-0054 — Headquarters Balance,Archives
04_OPERATOR/Behavioral_Systems/PH5-0054_Headquarters_Balance.md,PH5-0054 — Headquarters Balance,Doctrine Library
04_OPERATOR/Behavioral_Systems/PH5-0059_Operator_Seasons.md,PH5-0059 — Operator Seasons,HQOS State Engine
04_OPERATOR/Behavioral_Systems/PH5-0059_Operator_Seasons.md,PH5-0059 — Operator Seasons,Mission Lifecycle
04_OPERATOR/Behavioral_Systems/PH5-0059_Operator_Seasons.md,PH5-0059 — Operator Seasons,Operator Model
04_OPERATOR/Behavioral_Systems/PH5-0059_Operator_Seasons.md,PH5-0059 — Operator Seasons,Archives
04_OPERATOR/Behavioral_Systems/PH5-0059_Operator_Seasons.md,PH5-0059 — Operator Seasons,Doctrine Library
04_OPERATOR/Behavioral_Systems/PH5-0059_Operator_Seasons.md,PH5-0059 — Operator Seasons,Mission Timeline
04_OPERATOR/Behavioral_Systems/PH5-0059_Operator_Seasons.md,PH5-0059 — Operator Seasons,Behavioral Recorder
04_OPERATOR/Behavioral_Systems/PH5-0062_Operator_Compass.md,PH5-0062 — Operator Compass,HQOS State Engine
04_OPERATOR/Behavioral_Systems/PH5-0062_Operator_Compass.md,PH5-0062 — Operator Compass,Mission Lifecycle
04_OPERATOR/Behavioral_Systems/PH5-0062_Operator_Compass.md,PH5-0062 — Operator Compass,Operator Model
04_OPERATOR/Behavioral_Systems/PH5-0062_Operator_Compass.md,PH5-0062 — Operator Compass,Archives
04_OPERATOR/Behavioral_Systems/PH5-0062_Operator_Compass.md,PH5-0062 — Operator Compass,Doctrine Library
04_OPERATOR/Behavioral_Systems/PH5-0062_Operator_Compass.md,PH5-0062 — Operator Compass,Interface State System
04_OPERATOR/Behavioral_Systems/PH5-0062_Operator_Compass.md,PH5-0062 — Operator Compass,Environmental Engine
04_OPERATOR/Behavioral_Systems/PH5-0063_Behavioral_Gyroscope.md,PH5-0063 — Behavioral Gyroscope,HQOS State Engine
04_OPERATOR/Behavioral_Systems/PH5-0063_Behavioral_Gyroscope.md,PH5-0063 — Behavioral Gyroscope,Mission Lifecycle
04_OPERATOR/Behavioral_Systems/PH5-0063_Behavioral_Gyroscope.md,PH5-0063 — Behavioral Gyroscope,Operator Model
04_OPERATOR/Behavioral_Systems/PH5-0063_Behavioral_Gyroscope.md,PH5-0063 — Behavioral Gyroscope,Archives
04_OPERATOR/Behavioral_Systems/PH5-0063_Behavioral_Gyroscope.md,PH5-0063 — Behavioral Gyroscope,Doctrine Library
04_OPERATOR/Behavioral_Systems/PH5-0063_Behavioral_Gyroscope.md,PH5-0063 — Behavioral Gyroscope,Interface State System
04_OPERATOR/Behavioral_Systems/PH5-0063_Behavioral_Gyroscope.md,PH5-0063 — Behavioral Gyroscope,Environmental Engine
04_OPERATOR/Behavioral_Systems/PH5-0064_Artificial_Horizon.md,PH5-0064 — Artificial Horizon,HQOS State Engine
04_OPERATOR/Behavioral_Systems/PH5-0064_Artificial_Horizon.md,PH5-0064 — Artificial Horizon,Mission Lifecycle
04_OPERATOR/Behavioral_Systems/PH5-0064_Artificial_Horizon.md,PH5-0064 — Artificial Horizon,Operator Model
04_OPERATOR/Behavioral_Systems/PH5-0064_Artificial_Horizon.md,PH5-0064 — Artificial Horizon,Archives
04_OPERATOR/Behavioral_Systems/PH5-0064_Artificial_Horizon.md,PH5-0064 — Artificial Horizon,Doctrine Library
04_OPERATOR/Behavioral_Systems/PH5-0064_Artificial_Horizon.md,PH5-0064 — Artificial Horizon,Interface State System
04_OPERATOR/Behavioral_Systems/PH5-0064_Artificial_Horizon.md,PH5-0064 — Artificial Horizon,Environmental Engine
04_OPERATOR/Behavioral_Systems/PH5-0068_Behavioral_Recorder.md,PH5-0068 — Behavioral Recorder,HQOS State Engine
04_OPERATOR/Behavioral_Systems/PH5-0068_Behavioral_Recorder.md,PH5-0068 — Behavioral Recorder,Mission Lifecycle
04_OPERATOR/Behavioral_Systems/PH5-0068_Behavioral_Recorder.md,PH5-0068 — Behavioral Recorder,Operator Model
04_OPERATOR/Behavioral_Systems/PH5-0068_Behavioral_Recorder.md,PH5-0068 — Behavioral Recorder,Archives
04_OPERATOR/Behavioral_Systems/PH5-0068_Behavioral_Recorder.md,PH5-0068 — Behavioral Recorder,Doctrine Library
04_OPERATOR/Behavioral_Systems/PH5-0068_Behavioral_Recorder.md,PH5-0068 — Behavioral Recorder,Institutional Memory Core
04_OPERATOR/Behavioral_Systems/PH5-0068_Behavioral_Recorder.md,PH5-0068 — Behavioral Recorder,SQLite Archive Schema
04_OPERATOR/Behavioral_Systems/PH5-0083_Professional_Alignment_Score.md,PH5-0083 — Professional Alignment Score,HQOS State Engine
04_OPERATOR/Behavioral_Systems/PH5-0083_Professional_Alignment_Score.md,PH5-0083 — Professional Alignment Score,Mission Lifecycle
04_OPERATOR/Behavioral_Systems/PH5-0083_Professional_Alignment_Score.md,PH5-0083 — Professional Alignment Score,Operator Model
04_OPERATOR/Behavioral_Systems/PH5-0083_Professional_Alignment_Score.md,PH5-0083 — Professional Alignment Score,Archives
04_OPERATOR/Behavioral_Systems/PH5-0083_Professional_Alignment_Score.md,PH5-0083 — Professional Alignment Score,Doctrine Library
04_OPERATOR/Behavioral_Systems/PH5-0084_Behavior_Match_Confidence.md,PH5-0084 — Behavior Match Confidence,HQOS State Engine
04_OPERATOR/Behavioral_Systems/PH5-0084_Behavior_Match_Confidence.md,PH5-0084 — Behavior Match Confidence,Mission Lifecycle
04_OPERATOR/Behavioral_Systems/PH5-0084_Behavior_Match_Confidence.md,PH5-0084 — Behavior Match Confidence,Operator Model
04_OPERATOR/Behavioral_Systems/PH5-0084_Behavior_Match_Confidence.md,PH5-0084 — Behavior Match Confidence,Archives
04_OPERATOR/Behavioral_Systems/PH5-0084_Behavior_Match_Confidence.md,PH5-0084 — Behavior Match Confidence,Doctrine Library
04_OPERATOR/Behavioral_Systems/PH5-0084_Behavior_Match_Confidence.md,PH5-0084 — Behavior Match Confidence,Council Protocol
04_OPERATOR/Behavioral_Systems/PH5-0084_Behavior_Match_Confidence.md,PH5-0084 — Behavior Match Confidence,Evidence Confidence System
04_OPERATOR/Behavioral_Systems/PH6-0017_Success_Drift.md,PH6-0017 — Success Drift,HQOS Event Bus
04_OPERATOR/Behavioral_Systems/PH6-0017_Success_Drift.md,PH6-0017 — Success Drift,Mission Lifecycle
04_OPERATOR/Behavioral_Systems/PH6-0017_Success_Drift.md,PH6-0017 — Success Drift,Operator Model
04_OPERATOR/Behavioral_Systems/PH6-0017_Success_Drift.md,PH6-0017 — Success Drift,Archives
04_OPERATOR/Behavioral_Systems/PH6-0017_Success_Drift.md,PH6-0017 — Success Drift,Doctrine Library
04_OPERATOR/Behavioral_Systems/PH6-0017_Success_Drift.md,PH6-0017 — Success Drift,Council Protocol
04_OPERATOR/Behavioral_Systems/PH6-0017_Success_Drift.md,PH6-0017 — Success Drift,Evidence Confidence System
04_OPERATOR/Behavioral_Systems/PH6-0018_Confidence_Ceiling.md,PH6-0018 — Confidence Ceiling,HQOS Event Bus
04_OPERATOR/Behavioral_Systems/PH6-0018_Confidence_Ceiling.md,PH6-0018 — Confidence Ceiling,Mission Lifecycle
04_OPERATOR/Behavioral_Systems/PH6-0018_Confidence_Ceiling.md,PH6-0018 — Confidence Ceiling,Operator Model
04_OPERATOR/Behavioral_Systems/PH6-0018_Confidence_Ceiling.md,PH6-0018 — Confidence Ceiling,Archives
04_OPERATOR/Behavioral_Systems/PH6-0018_Confidence_Ceiling.md,PH6-0018 — Confidence Ceiling,Doctrine Library
04_OPERATOR/Behavioral_Systems/PH6-0018_Confidence_Ceiling.md,PH6-0018 — Confidence Ceiling,Council Protocol
04_OPERATOR/Behavioral_Systems/PH6-0018_Confidence_Ceiling.md,PH6-0018 — Confidence Ceiling,Evidence Confidence System
04_OPERATOR/Behavioral_Systems/PH6-0024_Decay_Engine.md,PH6-0024 — Decay Engine,HQOS Event Bus
04_OPERATOR/Behavioral_Systems/PH6-0024_Decay_Engine.md,PH6-0024 — Decay Engine,Mission Lifecycle
04_OPERATOR/Behavioral_Systems/PH6-0024_Decay_Engine.md,PH6-0024 — Decay Engine,Operator Model
04_OPERATOR/Behavioral_Systems/PH6-0024_Decay_Engine.md,PH6-0024 — Decay Engine,Archives
04_OPERATOR/Behavioral_Systems/PH6-0024_Decay_Engine.md,PH6-0024 — Decay Engine,Doctrine Library
04_OPERATOR/Behavioral_Systems/PH6-0024_Decay_Engine.md,PH6-0024 — Decay Engine,Council Protocol
04_OPERATOR/Behavioral_Systems/PH6-0024_Decay_Engine.md,PH6-0024 — Decay Engine,Evidence Confidence System
04_OPERATOR/Behavioral_Systems/PH6-0048_Command_Authority_Detection.md,PH6-0048 — Command Authority Detection,HQOS Event Bus
04_OPERATOR/Behavioral_Systems/PH6-0048_Command_Authority_Detection.md,PH6-0048 — Command Authority Detection,Mission Lifecycle
04_OPERATOR/Behavioral_Systems/PH6-0048_Command_Authority_Detection.md,PH6-0048 — Command Authority Detection,Operator Model
04_OPERATOR/Behavioral_Systems/PH6-0048_Command_Authority_Detection.md,PH6-0048 — Command Authority Detection,Archives
04_OPERATOR/Behavioral_Systems/PH6-0048_Command_Authority_Detection.md,PH6-0048 — Command Authority Detection,Doctrine Library
04_OPERATOR/Behavioral_Systems/PH6-0048_Command_Authority_Detection.md,PH6-0048 — Command Authority Detection,Council Protocol
04_OPERATOR/Behavioral_Systems/PH6-0048_Command_Authority_Detection.md,PH6-0048 — Command Authority Detection,Evidence Confidence System
04_OPERATOR/Behavioral_Systems/PH6-0060_Operator_Passport.md,PH6-0060 — Operator Passport,HQOS Event Bus
04_OPERATOR/Behavioral_Systems/PH6-0060_Operator_Passport.md,PH6-0060 — Operator Passport,Mission Lifecycle
04_OPERATOR/Behavioral_Systems/PH6-0060_Operator_Passport.md,PH6-0060 — Operator Passport,Operator Model
04_OPERATOR/Behavioral_Systems/PH6-0060_Operator_Passport.md,PH6-0060 — Operator Passport,Archives
04_OPERATOR/Behavioral_Systems/PH6-0060_Operator_Passport.md,PH6-0060 — Operator Passport,Doctrine Library
04_OPERATOR/Behavioral_Systems/PH6-0060_Operator_Passport.md,PH6-0060 — Operator Passport,Council Protocol
04_OPERATOR/Behavioral_Systems/PH6-0060_Operator_Passport.md,PH6-0060 — Operator Passport,Evidence Confidence System
04_OPERATOR/Behavioral_Systems/PH6-0092_Operator_Seasons.md,PH6-0092 — Operator Seasons,HQOS Event Bus
04_OPERATOR/Behavioral_Systems/PH6-0092_Operator_Seasons.md,PH6-0092 — Operator Seasons,Mission Lifecycle
04_OPERATOR/Behavioral_Systems/PH6-0092_Operator_Seasons.md,PH6-0092 — Operator Seasons,Operator Model
04_OPERATOR/Behavioral_Systems/PH6-0092_Operator_Seasons.md,PH6-0092 — Operator Seasons,Archives
04_OPERATOR/Behavioral_Systems/PH6-0092_Operator_Seasons.md,PH6-0092 — Operator Seasons,Doctrine Library
04_OPERATOR/Behavioral_Systems/PH6-0092_Operator_Seasons.md,PH6-0092 — Operator Seasons,Council Protocol
04_OPERATOR/Behavioral_Systems/PH6-0092_Operator_Seasons.md,PH6-0092 — Operator Seasons,Evidence Confidence System
04_OPERATOR/Behavioral_Systems/PH6-0095_Mission_Drift_Detection.md,PH6-0095 — Mission Drift Detection,HQOS Event Bus
04_OPERATOR/Behavioral_Systems/PH6-0095_Mission_Drift_Detection.md,PH6-0095 — Mission Drift Detection,Mission Lifecycle
04_OPERATOR/Behavioral_Systems/PH6-0095_Mission_Drift_Detection.md,PH6-0095 — Mission Drift Detection,Operator Model
04_OPERATOR/Behavioral_Systems/PH6-0095_Mission_Drift_Detection.md,PH6-0095 — Mission Drift Detection,Archives
04_OPERATOR/Behavioral_Systems/PH6-0095_Mission_Drift_Detection.md,PH6-0095 — Mission Drift Detection,Doctrine Library
04_OPERATOR/Behavioral_Systems/PH6-0095_Mission_Drift_Detection.md,PH6-0095 — Mission Drift Detection,Council Protocol
04_OPERATOR/Behavioral_Systems/PH6-0095_Mission_Drift_Detection.md,PH6-0095 — Mission Drift Detection,Evidence Confidence System
04_OPERATOR/Behavioral_Systems/REC-0643_Operator_Seasons.md,REC-0643 — Operator Seasons,Archives
04_OPERATOR/Behavioral_Systems/REC-0643_Operator_Seasons.md,REC-0643 — Operator Seasons,SQLite Schema
04_OPERATOR/Behavioral_Systems/REC-0643_Operator_Seasons.md,REC-0643 — Operator Seasons,Historian
04_OPERATOR/Behavioral_Systems/REC-0643_Operator_Seasons.md,REC-0643 — Operator Seasons,Mission Engine
04_OPERATOR/Behavioral_Systems/REC-0643_Operator_Seasons.md,REC-0643 — Operator Seasons,Campaign Engine
04_OPERATOR/Behavioral_Systems/REC-0722_Operator_Model_Single_Truth.md,REC-0722 — Operator Model Single Truth,HQOS
04_OPERATOR/Behavioral_Systems/REC-0722_Operator_Model_Single_Truth.md,REC-0722 — Operator Model Single Truth,Master Index
04_OPERATOR/Behavioral_Systems/REC-0722_Operator_Model_Single_Truth.md,REC-0722 — Operator Model Single Truth,Archives
04_OPERATOR/Behavioral_Systems/REC-0722_Operator_Model_Single_Truth.md,REC-0722 — Operator Model Single Truth,Council
04_OPERATOR/Behavioral_Systems/REC-0722_Operator_Model_Single_Truth.md,REC-0722 — Operator Model Single Truth,Repository Standards
04_OPERATOR/Behavioral_Systems/REC-0610_Chain_of_Command.md,REC-0610 — Chain of Command,Operator Model
04_OPERATOR/Behavioral_Systems/REC-0610_Chain_of_Command.md,REC-0610 — Chain of Command,Behavior Engine
04_OPERATOR/Behavioral_Systems/REC-0610_Chain_of_Command.md,REC-0610 — Chain of Command,Mission State
04_OPERATOR/Behavioral_Systems/REC-0610_Chain_of_Command.md,REC-0610 — Chain of Command,Guardian
04_OPERATOR/Behavioral_Systems/REC-0610_Chain_of_Command.md,REC-0610 — Chain of Command,HQOS Event Bus
04_OPERATOR/Behavioral_Systems/REC-0612_Command_Transfer_Ceremony.md,REC-0612 — Command Transfer Ceremony,Operator Model
04_OPERATOR/Behavioral_Systems/REC-0612_Command_Transfer_Ceremony.md,REC-0612 — Command Transfer Ceremony,Behavior Engine
04_OPERATOR/Behavioral_Systems/REC-0612_Command_Transfer_Ceremony.md,REC-0612 — Command Transfer Ceremony,Mission State
04_OPERATOR/Behavioral_Systems/REC-0612_Command_Transfer_Ceremony.md,REC-0612 — Command Transfer Ceremony,Guardian
04_OPERATOR/Behavioral_Systems/REC-0612_Command_Transfer_Ceremony.md,REC-0612 — Command Transfer Ceremony,HQOS Event Bus
04_OPERATOR/Behavioral_Systems/REC-0613_Emergency_Succession.md,REC-0613 — Emergency Succession,Operator Model
04_OPERATOR/Behavioral_Systems/REC-0613_Emergency_Succession.md,REC-0613 — Emergency Succession,Behavior Engine
04_OPERATOR/Behavioral_Systems/REC-0613_Emergency_Succession.md,REC-0613 — Emergency Succession,Mission State
04_OPERATOR/Behavioral_Systems/REC-0613_Emergency_Succession.md,REC-0613 — Emergency Succession,Guardian
04_OPERATOR/Behavioral_Systems/REC-0613_Emergency_Succession.md,REC-0613 — Emergency Succession,HQOS Event Bus
04_OPERATOR/Behavioral_Systems/REC-0614_Rules_of_Engagement.md,REC-0614 — Rules of Engagement,Operator Model
04_OPERATOR/Behavioral_Systems/REC-0614_Rules_of_Engagement.md,REC-0614 — Rules of Engagement,Behavior Engine
04_OPERATOR/Behavioral_Systems/REC-0614_Rules_of_Engagement.md,REC-0614 — Rules of Engagement,Mission State
04_OPERATOR/Behavioral_Systems/REC-0614_Rules_of_Engagement.md,REC-0614 — Rules of Engagement,Guardian
04_OPERATOR/Behavioral_Systems/REC-0614_Rules_of_Engagement.md,REC-0614 — Rules of Engagement,HQOS Event Bus
04_OPERATOR/Behavioral_Systems/REC-0615_Authority_Levels.md,REC-0615 — Authority Levels,Operator Model
04_OPERATOR/Behavioral_Systems/REC-0615_Authority_Levels.md,REC-0615 — Authority Levels,Behavior Engine
04_OPERATOR/Behavioral_Systems/REC-0615_Authority_Levels.md,REC-0615 — Authority Levels,Mission State
04_OPERATOR/Behavioral_Systems/REC-0615_Authority_Levels.md,REC-0615 — Authority Levels,Guardian
04_OPERATOR/Behavioral_Systems/REC-0615_Authority_Levels.md,REC-0615 — Authority Levels,HQOS Event Bus
04_OPERATOR/Behavioral_Systems/REC-0616_Command_Ledger.md,REC-0616 — Command Ledger,Operator Model
04_OPERATOR/Behavioral_Systems/REC-0616_Command_Ledger.md,REC-0616 — Command Ledger,Behavior Engine
04_OPERATOR/Behavioral_Systems/REC-0616_Command_Ledger.md,REC-0616 — Command Ledger,Mission State
04_OPERATOR/Behavioral_Systems/REC-0616_Command_Ledger.md,REC-0616 — Command Ledger,Guardian
04_OPERATOR/Behavioral_Systems/REC-0616_Command_Ledger.md,REC-0616 — Command Ledger,HQOS Event Bus
04_OPERATOR/Behavioral_Systems/REC-0617_Operational_Readiness_Conditions.md,REC-0617 — Operational Readiness Conditions,Operator Model
04_OPERATOR/Behavioral_Systems/REC-0617_Operational_Readiness_Conditions.md,REC-0617 — Operational Readiness Conditions,Behavior Engine
04_OPERATOR/Behavioral_Systems/REC-0617_Operational_Readiness_Conditions.md,REC-0617 — Operational Readiness Conditions,Mission State
04_OPERATOR/Behavioral_Systems/REC-0617_Operational_Readiness_Conditions.md,REC-0617 — Operational Readiness Conditions,Guardian
04_OPERATOR/Behavioral_Systems/REC-0617_Operational_Readiness_Conditions.md,REC-0617 — Operational Readiness Conditions,HQOS Event Bus
04_OPERATOR/Behavioral_Systems/REC-0619_Last_Resort_Protocol.md,REC-0619 — Last Resort Protocol,Operator Model
04_OPERATOR/Behavioral_Systems/REC-0619_Last_Resort_Protocol.md,REC-0619 — Last Resort Protocol,Behavior Engine
04_OPERATOR/Behavioral_Systems/REC-0619_Last_Resort_Protocol.md,REC-0619 — Last Resort Protocol,Mission State
04_OPERATOR/Behavioral_Systems/REC-0619_Last_Resort_Protocol.md,REC-0619 — Last Resort Protocol,Guardian
04_OPERATOR/Behavioral_Systems/REC-0619_Last_Resort_Protocol.md,REC-0619 — Last Resort Protocol,HQOS Event Bus
04_OPERATOR/Judgment/REC-0690_Stewardship_Engine.md,REC-0690 — Stewardship Engine,Funded Mode
04_OPERATOR/Judgment/REC-0690_Stewardship_Engine.md,REC-0690 — Stewardship Engine,Guardian
04_OPERATOR/Judgment/REC-0690_Stewardship_Engine.md,REC-0690 — Stewardship Engine,Operator Model
04_OPERATOR/Judgment/REC-0690_Stewardship_Engine.md,REC-0690 — Stewardship Engine,Mission Events
04_OPERATOR/Judgment/REC-0690_Stewardship_Engine.md,REC-0690 — Stewardship Engine,Archives
04_OPERATOR/Judgment/REC-0691_Capital_Under_Protection_Language.md,REC-0691 — Capital Under Protection Language,Funded Mode
04_OPERATOR/Judgment/REC-0691_Capital_Under_Protection_Language.md,REC-0691 — Capital Under Protection Language,Guardian
04_OPERATOR/Judgment/REC-0691_Capital_Under_Protection_Language.md,REC-0691 — Capital Under Protection Language,Operator Model
04_OPERATOR/Judgment/REC-0691_Capital_Under_Protection_Language.md,REC-0691 — Capital Under Protection Language,Mission Events
04_OPERATOR/Judgment/REC-0691_Capital_Under_Protection_Language.md,REC-0691 — Capital Under Protection Language,Archives
04_OPERATOR/Judgment/REC-0692_Stewards_Desk.md,REC-0692 — Stewards Desk,Funded Mode
04_OPERATOR/Judgment/REC-0692_Stewards_Desk.md,REC-0692 — Stewards Desk,Guardian
04_OPERATOR/Judgment/REC-0692_Stewards_Desk.md,REC-0692 — Stewards Desk,Operator Model
04_OPERATOR/Judgment/REC-0692_Stewards_Desk.md,REC-0692 — Stewards Desk,Mission Events
04_OPERATOR/Judgment/REC-0692_Stewards_Desk.md,REC-0692 — Stewards Desk,Archives
04_OPERATOR/Judgment/REC-0694_Custodian_Oath.md,REC-0694 — Custodian Oath,Funded Mode
04_OPERATOR/Judgment/REC-0694_Custodian_Oath.md,REC-0694 — Custodian Oath,Guardian
04_OPERATOR/Judgment/REC-0694_Custodian_Oath.md,REC-0694 — Custodian Oath,Operator Model
04_OPERATOR/Judgment/REC-0694_Custodian_Oath.md,REC-0694 — Custodian Oath,Mission Events
04_OPERATOR/Judgment/REC-0694_Custodian_Oath.md,REC-0694 — Custodian Oath,Archives
04_OPERATOR/Judgment/REC-0695_Capital_Integrity.md,REC-0695 — Capital Integrity,Funded Mode
04_OPERATOR/Judgment/REC-0695_Capital_Integrity.md,REC-0695 — Capital Integrity,Guardian
04_OPERATOR/Judgment/REC-0695_Capital_Integrity.md,REC-0695 — Capital Integrity,Operator Model
04_OPERATOR/Judgment/REC-0695_Capital_Integrity.md,REC-0695 — Capital Integrity,Mission Events
04_OPERATOR/Judgment/REC-0695_Capital_Integrity.md,REC-0695 — Capital Integrity,Archives
04_OPERATOR/Judgment/REC-0696_Success_Burden.md,REC-0696 — Success Burden,Funded Mode
04_OPERATOR/Judgment/REC-0696_Success_Burden.md,REC-0696 — Success Burden,Guardian
04_OPERATOR/Judgment/REC-0696_Success_Burden.md,REC-0696 — Success Burden,Operator Model
04_OPERATOR/Judgment/REC-0696_Success_Burden.md,REC-0696 — Success Burden,Mission Events
04_OPERATOR/Judgment/REC-0696_Success_Burden.md,REC-0696 — Success Burden,Archives
04_OPERATOR/Judgment/REC-0700_Judgment_Engine.md,REC-0700 — Judgment Engine,Funded Mode
04_OPERATOR/Judgment/REC-0700_Judgment_Engine.md,REC-0700 — Judgment Engine,Guardian
04_OPERATOR/Judgment/REC-0700_Judgment_Engine.md,REC-0700 — Judgment Engine,Operator Model
04_OPERATOR/Judgment/REC-0700_Judgment_Engine.md,REC-0700 — Judgment Engine,Mission Events
04_OPERATOR/Judgment/REC-0700_Judgment_Engine.md,REC-0700 — Judgment Engine,Archives
04_OPERATOR/Judgment/REC-0701_Judgment_Reserve.md,REC-0701 — Judgment Reserve,Funded Mode
04_OPERATOR/Judgment/REC-0701_Judgment_Reserve.md,REC-0701 — Judgment Reserve,Guardian
04_OPERATOR/Judgment/REC-0701_Judgment_Reserve.md,REC-0701 — Judgment Reserve,Operator Model
04_OPERATOR/Judgment/REC-0701_Judgment_Reserve.md,REC-0701 — Judgment Reserve,Mission Events
04_OPERATOR/Judgment/REC-0701_Judgment_Reserve.md,REC-0701 — Judgment Reserve,Archives
04_OPERATOR/Judgment/REC-0702_Decision_Fatigue_Counter.md,REC-0702 — Decision Fatigue Counter,Funded Mode
04_OPERATOR/Judgment/REC-0702_Decision_Fatigue_Counter.md,REC-0702 — Decision Fatigue Counter,Guardian
04_OPERATOR/Judgment/REC-0702_Decision_Fatigue_Counter.md,REC-0702 — Decision Fatigue Counter,Operator Model
04_OPERATOR/Judgment/REC-0702_Decision_Fatigue_Counter.md,REC-0702 — Decision Fatigue Counter,Mission Events
04_OPERATOR/Judgment/REC-0702_Decision_Fatigue_Counter.md,REC-0702 — Decision Fatigue Counter,Archives
04_OPERATOR/Judgment/REC-0703_Decision_Precision.md,REC-0703 — Decision Precision,Funded Mode
04_OPERATOR/Judgment/REC-0703_Decision_Precision.md,REC-0703 — Decision Precision,Guardian
04_OPERATOR/Judgment/REC-0703_Decision_Precision.md,REC-0703 — Decision Precision,Operator Model
04_OPERATOR/Judgment/REC-0703_Decision_Precision.md,REC-0703 — Decision Precision,Mission Events
04_OPERATOR/Judgment/REC-0703_Decision_Precision.md,REC-0703 — Decision Precision,Archives
04_OPERATOR/Judgment/REC-0704_Mental_Noise_Detector.md,REC-0704 — Mental Noise Detector,Funded Mode
04_OPERATOR/Judgment/REC-0704_Mental_Noise_Detector.md,REC-0704 — Mental Noise Detector,Guardian
04_OPERATOR/Judgment/REC-0704_Mental_Noise_Detector.md,REC-0704 — Mental Noise Detector,Operator Model
04_OPERATOR/Judgment/REC-0704_Mental_Noise_Detector.md,REC-0704 — Mental Noise Detector,Mission Events
04_OPERATOR/Judgment/REC-0704_Mental_Noise_Detector.md,REC-0704 — Mental Noise Detector,Archives
04_OPERATOR/Judgment/REC-0705_Noise_Floor.md,REC-0705 — Noise Floor,Funded Mode
04_OPERATOR/Judgment/REC-0705_Noise_Floor.md,REC-0705 — Noise Floor,Guardian
04_OPERATOR/Judgment/REC-0705_Noise_Floor.md,REC-0705 — Noise Floor,Operator Model
04_OPERATOR/Judgment/REC-0705_Noise_Floor.md,REC-0705 — Noise Floor,Mission Events
04_OPERATOR/Judgment/REC-0705_Noise_Floor.md,REC-0705 — Noise Floor,Archives
04_OPERATOR/Judgment/REC-0706_Decision_Latency_Graph.md,REC-0706 — Decision Latency Graph,Funded Mode
04_OPERATOR/Judgment/REC-0706_Decision_Latency_Graph.md,REC-0706 — Decision Latency Graph,Guardian
04_OPERATOR/Judgment/REC-0706_Decision_Latency_Graph.md,REC-0706 — Decision Latency Graph,Operator Model
04_OPERATOR/Judgment/REC-0706_Decision_Latency_Graph.md,REC-0706 — Decision Latency Graph,Mission Events
04_OPERATOR/Judgment/REC-0706_Decision_Latency_Graph.md,REC-0706 — Decision Latency Graph,Archives
04_OPERATOR/Judgment/REC-0708_Judgment_Echoes.md,REC-0708 — Judgment Echoes,Funded Mode
04_OPERATOR/Judgment/REC-0708_Judgment_Echoes.md,REC-0708 — Judgment Echoes,Guardian
04_OPERATOR/Judgment/REC-0708_Judgment_Echoes.md,REC-0708 — Judgment Echoes,Operator Model
04_OPERATOR/Judgment/REC-0708_Judgment_Echoes.md,REC-0708 — Judgment Echoes,Mission Events
04_OPERATOR/Judgment/REC-0708_Judgment_Echoes.md,REC-0708 — Judgment Echoes,Archives
04_OPERATOR/Stewardship/REC-0743_Annual_Stewardship_Review.md,REC-0743 — Annual Stewardship Review,HQOS
04_OPERATOR/Stewardship/REC-0743_Annual_Stewardship_Review.md,REC-0743 — Annual Stewardship Review,Master Index
04_OPERATOR/Stewardship/REC-0743_Annual_Stewardship_Review.md,REC-0743 — Annual Stewardship Review,Archives
04_OPERATOR/Stewardship/REC-0743_Annual_Stewardship_Review.md,REC-0743 — Annual Stewardship Review,Council
04_OPERATOR/Stewardship/REC-0743_Annual_Stewardship_Review.md,REC-0743 — Annual Stewardship Review,Repository Standards
03_BUILDING/Rooms/PH4-0015_Dynamic_Initial_Room_Selection.md,PH4-0015 — Dynamic Initial Room Selection,HQOS State Engine
03_BUILDING/Rooms/PH4-0015_Dynamic_Initial_Room_Selection.md,PH4-0015 — Dynamic Initial Room Selection,Mission Lifecycle
03_BUILDING/Rooms/PH4-0015_Dynamic_Initial_Room_Selection.md,PH4-0015 — Dynamic Initial Room Selection,Operator Model
03_BUILDING/Rooms/PH4-0015_Dynamic_Initial_Room_Selection.md,PH4-0015 — Dynamic Initial Room Selection,Archives
03_BUILDING/Rooms/PH4-0015_Dynamic_Initial_Room_Selection.md,PH4-0015 — Dynamic Initial Room Selection,Doctrine Library
03_BUILDING/Rooms/PH4-0048_Archive_Vault.md,PH4-0048 — Archive Vault,HQOS State Engine
03_BUILDING/Rooms/PH4-0048_Archive_Vault.md,PH4-0048 — Archive Vault,Mission Lifecycle
03_BUILDING/Rooms/PH4-0048_Archive_Vault.md,PH4-0048 — Archive Vault,Operator Model
03_BUILDING/Rooms/PH4-0048_Archive_Vault.md,PH4-0048 — Archive Vault,Archives
03_BUILDING/Rooms/PH4-0048_Archive_Vault.md,PH4-0048 — Archive Vault,Doctrine Library
03_BUILDING/Rooms/PH4-0079_Hall_Of_Decisions.md,PH4-0079 — Hall Of Decisions,HQOS State Engine
03_BUILDING/Rooms/PH4-0079_Hall_Of_Decisions.md,PH4-0079 — Hall Of Decisions,Mission Lifecycle
03_BUILDING/Rooms/PH4-0079_Hall_Of_Decisions.md,PH4-0079 — Hall Of Decisions,Operator Model
03_BUILDING/Rooms/PH4-0079_Hall_Of_Decisions.md,PH4-0079 — Hall Of Decisions,Archives
03_BUILDING/Rooms/PH4-0079_Hall_Of_Decisions.md,PH4-0079 — Hall Of Decisions,Doctrine Library
03_BUILDING/Rooms/PH5-0028_Hall_of_Decisions.md,PH5-0028 — Hall of Decisions,HQOS State Engine
03_BUILDING/Rooms/PH5-0028_Hall_of_Decisions.md,PH5-0028 — Hall of Decisions,Mission Lifecycle
03_BUILDING/Rooms/PH5-0028_Hall_of_Decisions.md,PH5-0028 — Hall of Decisions,Operator Model
03_BUILDING/Rooms/PH5-0028_Hall_of_Decisions.md,PH5-0028 — Hall of Decisions,Archives
03_BUILDING/Rooms/PH5-0028_Hall_of_Decisions.md,PH5-0028 — Hall of Decisions,Doctrine Library
03_BUILDING/Rooms/PH5-0028_Hall_of_Decisions.md,PH5-0028 — Hall of Decisions,Interface State System
03_BUILDING/Rooms/PH5-0028_Hall_of_Decisions.md,PH5-0028 — Hall of Decisions,Environmental Engine
03_BUILDING/Rooms/PH5-0041_Legacy_Projection_Room.md,PH5-0041 — Legacy Projection Room,HQOS State Engine
03_BUILDING/Rooms/PH5-0041_Legacy_Projection_Room.md,PH5-0041 — Legacy Projection Room,Mission Lifecycle
03_BUILDING/Rooms/PH5-0041_Legacy_Projection_Room.md,PH5-0041 — Legacy Projection Room,Operator Model
03_BUILDING/Rooms/PH5-0041_Legacy_Projection_Room.md,PH5-0041 — Legacy Projection Room,Archives
03_BUILDING/Rooms/PH5-0041_Legacy_Projection_Room.md,PH5-0041 — Legacy Projection Room,Doctrine Library
03_BUILDING/Rooms/PH5-0041_Legacy_Projection_Room.md,PH5-0041 — Legacy Projection Room,Interface State System
03_BUILDING/Rooms/PH5-0041_Legacy_Projection_Room.md,PH5-0041 — Legacy Projection Room,Environmental Engine
03_BUILDING/Rooms/PH5-0045_Strategy_Chamber.md,PH5-0045 — Strategy Chamber,HQOS State Engine
03_BUILDING/Rooms/PH5-0045_Strategy_Chamber.md,PH5-0045 — Strategy Chamber,Mission Lifecycle
03_BUILDING/Rooms/PH5-0045_Strategy_Chamber.md,PH5-0045 — Strategy Chamber,Operator Model
03_BUILDING/Rooms/PH5-0045_Strategy_Chamber.md,PH5-0045 — Strategy Chamber,Archives
03_BUILDING/Rooms/PH5-0045_Strategy_Chamber.md,PH5-0045 — Strategy Chamber,Doctrine Library
03_BUILDING/Rooms/PH5-0045_Strategy_Chamber.md,PH5-0045 — Strategy Chamber,Interface State System
03_BUILDING/Rooms/PH5-0045_Strategy_Chamber.md,PH5-0045 — Strategy Chamber,Environmental Engine
03_BUILDING/Rooms/PH5-0050_Butterfly_Room.md,PH5-0050 — Butterfly Room,HQOS State Engine
03_BUILDING/Rooms/PH5-0050_Butterfly_Room.md,PH5-0050 — Butterfly Room,Mission Lifecycle
03_BUILDING/Rooms/PH5-0050_Butterfly_Room.md,PH5-0050 — Butterfly Room,Operator Model
03_BUILDING/Rooms/PH5-0050_Butterfly_Room.md,PH5-0050 — Butterfly Room,Archives
03_BUILDING/Rooms/PH5-0050_Butterfly_Room.md,PH5-0050 — Butterfly Room,Doctrine Library
03_BUILDING/Rooms/PH5-0050_Butterfly_Room.md,PH5-0050 — Butterfly Room,Interface State System
03_BUILDING/Rooms/PH5-0050_Butterfly_Room.md,PH5-0050 — Butterfly Room,Environmental Engine
03_BUILDING/Rooms/PH5-0060_Mission_Forecast_Room.md,PH5-0060 — Mission Forecast Room,HQOS State Engine
03_BUILDING/Rooms/PH5-0060_Mission_Forecast_Room.md,PH5-0060 — Mission Forecast Room,Mission Lifecycle
03_BUILDING/Rooms/PH5-0060_Mission_Forecast_Room.md,PH5-0060 — Mission Forecast Room,Operator Model
03_BUILDING/Rooms/PH5-0060_Mission_Forecast_Room.md,PH5-0060 — Mission Forecast Room,Archives
03_BUILDING/Rooms/PH5-0060_Mission_Forecast_Room.md,PH5-0060 — Mission Forecast Room,Doctrine Library
03_BUILDING/Rooms/PH5-0060_Mission_Forecast_Room.md,PH5-0060 — Mission Forecast Room,Interface State System
03_BUILDING/Rooms/PH5-0060_Mission_Forecast_Room.md,PH5-0060 — Mission Forecast Room,Environmental Engine
03_BUILDING/Rooms/PH5-0066_Gravity_Room.md,PH5-0066 — Gravity Room,HQOS State Engine
03_BUILDING/Rooms/PH5-0066_Gravity_Room.md,PH5-0066 — Gravity Room,Mission Lifecycle
03_BUILDING/Rooms/PH5-0066_Gravity_Room.md,PH5-0066 — Gravity Room,Operator Model
03_BUILDING/Rooms/PH5-0066_Gravity_Room.md,PH5-0066 — Gravity Room,Archives
03_BUILDING/Rooms/PH5-0066_Gravity_Room.md,PH5-0066 — Gravity Room,Doctrine Library
03_BUILDING/Rooms/PH5-0066_Gravity_Room.md,PH5-0066 — Gravity Room,Interface State System
03_BUILDING/Rooms/PH5-0066_Gravity_Room.md,PH5-0066 — Gravity Room,Environmental Engine
03_BUILDING/Rooms/PH5-0073_Intelligence_Officer_Three_Observations.md,PH5-0073 — Intelligence Officer Three Observations,HQOS State Engine
03_BUILDING/Rooms/PH5-0073_Intelligence_Officer_Three_Observations.md,PH5-0073 — Intelligence Officer Three Observations,Mission Lifecycle
03_BUILDING/Rooms/PH5-0073_Intelligence_Officer_Three_Observations.md,PH5-0073 — Intelligence Officer Three Observations,Operator Model
03_BUILDING/Rooms/PH5-0073_Intelligence_Officer_Three_Observations.md,PH5-0073 — Intelligence Officer Three Observations,Archives
03_BUILDING/Rooms/PH5-0073_Intelligence_Officer_Three_Observations.md,PH5-0073 — Intelligence Officer Three Observations,Doctrine Library
03_BUILDING/Rooms/PH5-0073_Intelligence_Officer_Three_Observations.md,PH5-0073 — Intelligence Officer Three Observations,Council Protocol
03_BUILDING/Rooms/PH5-0073_Intelligence_Officer_Three_Observations.md,PH5-0073 — Intelligence Officer Three Observations,Evidence Confidence System
03_BUILDING/Rooms/PH5-0076_Campaign_Table.md,PH5-0076 — Campaign Table,HQOS State Engine
03_BUILDING/Rooms/PH5-0076_Campaign_Table.md,PH5-0076 — Campaign Table,Mission Lifecycle
03_BUILDING/Rooms/PH5-0076_Campaign_Table.md,PH5-0076 — Campaign Table,Operator Model
03_BUILDING/Rooms/PH5-0076_Campaign_Table.md,PH5-0076 — Campaign Table,Archives
03_BUILDING/Rooms/PH5-0076_Campaign_Table.md,PH5-0076 — Campaign Table,Doctrine Library
03_BUILDING/Rooms/PH5-0076_Campaign_Table.md,PH5-0076 — Campaign Table,Interface State System
03_BUILDING/Rooms/PH5-0076_Campaign_Table.md,PH5-0076 — Campaign Table,Environmental Engine
03_BUILDING/Rooms/PH6-0005_Doctrine_Chamber.md,PH6-0005 — Doctrine Chamber,HQOS Event Bus
03_BUILDING/Rooms/PH6-0005_Doctrine_Chamber.md,PH6-0005 — Doctrine Chamber,Mission Lifecycle
03_BUILDING/Rooms/PH6-0005_Doctrine_Chamber.md,PH6-0005 — Doctrine Chamber,Operator Model
03_BUILDING/Rooms/PH6-0005_Doctrine_Chamber.md,PH6-0005 — Doctrine Chamber,Archives
03_BUILDING/Rooms/PH6-0005_Doctrine_Chamber.md,PH6-0005 — Doctrine Chamber,Doctrine Library
03_BUILDING/Rooms/PH6-0005_Doctrine_Chamber.md,PH6-0005 — Doctrine Chamber,Council Protocol
03_BUILDING/Rooms/PH6-0005_Doctrine_Chamber.md,PH6-0005 — Doctrine Chamber,Evidence Confidence System
03_BUILDING/Rooms/PH6-0021_Trophy_Room_of_Evidence.md,PH6-0021 — Trophy Room of Evidence,HQOS Event Bus
03_BUILDING/Rooms/PH6-0021_Trophy_Room_of_Evidence.md,PH6-0021 — Trophy Room of Evidence,Mission Lifecycle
03_BUILDING/Rooms/PH6-0021_Trophy_Room_of_Evidence.md,PH6-0021 — Trophy Room of Evidence,Operator Model
03_BUILDING/Rooms/PH6-0021_Trophy_Room_of_Evidence.md,PH6-0021 — Trophy Room of Evidence,Archives
03_BUILDING/Rooms/PH6-0021_Trophy_Room_of_Evidence.md,PH6-0021 — Trophy Room of Evidence,Doctrine Library
03_BUILDING/Rooms/PH6-0021_Trophy_Room_of_Evidence.md,PH6-0021 — Trophy Room of Evidence,Council Protocol
03_BUILDING/Rooms/PH6-0021_Trophy_Room_of_Evidence.md,PH6-0021 — Trophy Room of Evidence,Evidence Confidence System
03_BUILDING/Rooms/PH6-0022_Hall_of_Fallen_Giants.md,PH6-0022 — Hall of Fallen Giants,HQOS Event Bus
03_BUILDING/Rooms/PH6-0022_Hall_of_Fallen_Giants.md,PH6-0022 — Hall of Fallen Giants,Mission Lifecycle
03_BUILDING/Rooms/PH6-0022_Hall_of_Fallen_Giants.md,PH6-0022 — Hall of Fallen Giants,Operator Model
03_BUILDING/Rooms/PH6-0022_Hall_of_Fallen_Giants.md,PH6-0022 — Hall of Fallen Giants,Archives
03_BUILDING/Rooms/PH6-0022_Hall_of_Fallen_Giants.md,PH6-0022 — Hall of Fallen Giants,Doctrine Library
03_BUILDING/Rooms/PH6-0022_Hall_of_Fallen_Giants.md,PH6-0022 — Hall of Fallen Giants,Council Protocol
03_BUILDING/Rooms/PH6-0022_Hall_of_Fallen_Giants.md,PH6-0022 — Hall of Fallen Giants,Evidence Confidence System
03_BUILDING/Rooms/PH6-0027_Hall_of_Future_Operators.md,PH6-0027 — Hall of Future Operators,HQOS Event Bus
03_BUILDING/Rooms/PH6-0027_Hall_of_Future_Operators.md,PH6-0027 — Hall of Future Operators,Mission Lifecycle
03_BUILDING/Rooms/PH6-0027_Hall_of_Future_Operators.md,PH6-0027 — Hall of Future Operators,Operator Model
03_BUILDING/Rooms/PH6-0027_Hall_of_Future_Operators.md,PH6-0027 — Hall of Future Operators,Archives
03_BUILDING/Rooms/PH6-0027_Hall_of_Future_Operators.md,PH6-0027 — Hall of Future Operators,Doctrine Library
03_BUILDING/Rooms/PH6-0027_Hall_of_Future_Operators.md,PH6-0027 — Hall of Future Operators,Council Protocol
03_BUILDING/Rooms/PH6-0027_Hall_of_Future_Operators.md,PH6-0027 — Hall of Future Operators,Evidence Confidence System
03_BUILDING/Rooms/PH6-0055_Situation_Room.md,PH6-0055 — Situation Room,HQOS Event Bus
03_BUILDING/Rooms/PH6-0055_Situation_Room.md,PH6-0055 — Situation Room,Mission Lifecycle
03_BUILDING/Rooms/PH6-0055_Situation_Room.md,PH6-0055 — Situation Room,Operator Model
03_BUILDING/Rooms/PH6-0055_Situation_Room.md,PH6-0055 — Situation Room,Archives
03_BUILDING/Rooms/PH6-0055_Situation_Room.md,PH6-0055 — Situation Room,Doctrine Library
03_BUILDING/Rooms/PH6-0055_Situation_Room.md,PH6-0055 — Situation Room,Council Protocol
03_BUILDING/Rooms/PH6-0055_Situation_Room.md,PH6-0055 — Situation Room,Evidence Confidence System
03_BUILDING/Rooms/PH6-0068_Founders_Office_Locked_Door.md,PH6-0068 — Founders Office Locked Door,HQOS Event Bus
03_BUILDING/Rooms/PH6-0068_Founders_Office_Locked_Door.md,PH6-0068 — Founders Office Locked Door,Mission Lifecycle
03_BUILDING/Rooms/PH6-0068_Founders_Office_Locked_Door.md,PH6-0068 — Founders Office Locked Door,Operator Model
03_BUILDING/Rooms/PH6-0068_Founders_Office_Locked_Door.md,PH6-0068 — Founders Office Locked Door,Archives
03_BUILDING/Rooms/PH6-0068_Founders_Office_Locked_Door.md,PH6-0068 — Founders Office Locked Door,Doctrine Library
03_BUILDING/Rooms/PH6-0068_Founders_Office_Locked_Door.md,PH6-0068 — Founders Office Locked Door,Council Protocol
03_BUILDING/Rooms/PH6-0068_Founders_Office_Locked_Door.md,PH6-0068 — Founders Office Locked Door,Evidence Confidence System
03_BUILDING/Rooms/PH6-0083_Hall_of_Recovery.md,PH6-0083 — Hall of Recovery,HQOS Event Bus
03_BUILDING/Rooms/PH6-0083_Hall_of_Recovery.md,PH6-0083 — Hall of Recovery,Mission Lifecycle
03_BUILDING/Rooms/PH6-0083_Hall_of_Recovery.md,PH6-0083 — Hall of Recovery,Operator Model
03_BUILDING/Rooms/PH6-0083_Hall_of_Recovery.md,PH6-0083 — Hall of Recovery,Archives
03_BUILDING/Rooms/PH6-0083_Hall_of_Recovery.md,PH6-0083 — Hall of Recovery,Doctrine Library
03_BUILDING/Rooms/PH6-0083_Hall_of_Recovery.md,PH6-0083 — Hall of Recovery,Council Protocol
03_BUILDING/Rooms/PH6-0083_Hall_of_Recovery.md,PH6-0083 — Hall of Recovery,Evidence Confidence System
03_BUILDING/Rooms/PH6-0094_Campaign_Room.md,PH6-0094 — Campaign Room,HQOS Event Bus
03_BUILDING/Rooms/PH6-0094_Campaign_Room.md,PH6-0094 — Campaign Room,Mission Lifecycle
03_BUILDING/Rooms/PH6-0094_Campaign_Room.md,PH6-0094 — Campaign Room,Operator Model
03_BUILDING/Rooms/PH6-0094_Campaign_Room.md,PH6-0094 — Campaign Room,Archives
03_BUILDING/Rooms/PH6-0094_Campaign_Room.md,PH6-0094 — Campaign Room,Doctrine Library
03_BUILDING/Rooms/PH6-0094_Campaign_Room.md,PH6-0094 — Campaign Room,Council Protocol
03_BUILDING/Rooms/PH6-0094_Campaign_Room.md,PH6-0094 — Campaign Room,Evidence Confidence System
03_BUILDING/Rooms/PH6-0096_Future_Archive_Shelves.md,PH6-0096 — Future Archive Shelves,HQOS Event Bus
03_BUILDING/Rooms/PH6-0096_Future_Archive_Shelves.md,PH6-0096 — Future Archive Shelves,Mission Lifecycle
03_BUILDING/Rooms/PH6-0096_Future_Archive_Shelves.md,PH6-0096 — Future Archive Shelves,Operator Model
03_BUILDING/Rooms/PH6-0096_Future_Archive_Shelves.md,PH6-0096 — Future Archive Shelves,Archives
03_BUILDING/Rooms/PH6-0096_Future_Archive_Shelves.md,PH6-0096 — Future Archive Shelves,Doctrine Library
03_BUILDING/Rooms/PH6-0096_Future_Archive_Shelves.md,PH6-0096 — Future Archive Shelves,Council Protocol
03_BUILDING/Rooms/PH6-0096_Future_Archive_Shelves.md,PH6-0096 — Future Archive Shelves,Evidence Confidence System
03_BUILDING/Rooms/REC-0628_Exit_Wall_Inscription.md,REC-0628 — Exit Wall Inscription,HQOS Heartbeat
03_BUILDING/Rooms/REC-0628_Exit_Wall_Inscription.md,REC-0628 — Exit Wall Inscription,Archives
03_BUILDING/Rooms/REC-0628_Exit_Wall_Inscription.md,REC-0628 — Exit Wall Inscription,Night Operations
03_BUILDING/Rooms/REC-0628_Exit_Wall_Inscription.md,REC-0628 — Exit Wall Inscription,Rhythm Engine
03_BUILDING/Rooms/REC-0654_Ready_Room_Lockers.md,REC-0654 — Ready Room Lockers,HQOS
03_BUILDING/Rooms/REC-0654_Ready_Room_Lockers.md,REC-0654 — Ready Room Lockers,Mission State
03_BUILDING/Rooms/REC-0654_Ready_Room_Lockers.md,REC-0654 — Ready Room Lockers,Operator Model
03_BUILDING/Rooms/REC-0654_Ready_Room_Lockers.md,REC-0654 — Ready Room Lockers,Archives
03_BUILDING/Rooms/REC-0670_Presence_Engine.md,REC-0670 — Presence Engine,HQOS
03_BUILDING/Rooms/REC-0670_Presence_Engine.md,REC-0670 — Presence Engine,Mission State
03_BUILDING/Rooms/REC-0670_Presence_Engine.md,REC-0670 — Presence Engine,Operator Model
03_BUILDING/Rooms/REC-0670_Presence_Engine.md,REC-0670 — Presence Engine,Archives
03_BUILDING/Rooms/REC-0671_Transition_Zone.md,REC-0671 — Transition Zone,HQOS
03_BUILDING/Rooms/REC-0671_Transition_Zone.md,REC-0671 — Transition Zone,Mission State
03_BUILDING/Rooms/REC-0671_Transition_Zone.md,REC-0671 — Transition Zone,Operator Model
03_BUILDING/Rooms/REC-0671_Transition_Zone.md,REC-0671 — Transition Zone,Archives
03_BUILDING/Rooms/REC-0672_Command_Light_Alignment.md,REC-0672 — Command Light Alignment,HQOS
03_BUILDING/Rooms/REC-0672_Command_Light_Alignment.md,REC-0672 — Command Light Alignment,Mission State
03_BUILDING/Rooms/REC-0672_Command_Light_Alignment.md,REC-0672 — Command Light Alignment,Operator Model
03_BUILDING/Rooms/REC-0672_Command_Light_Alignment.md,REC-0672 — Command Light Alignment,Archives
03_BUILDING/Rooms/REC-0674_Dawn_Protocol.md,REC-0674 — Dawn Protocol,HQOS
03_BUILDING/Rooms/REC-0674_Dawn_Protocol.md,REC-0674 — Dawn Protocol,Mission State
03_BUILDING/Rooms/REC-0674_Dawn_Protocol.md,REC-0674 — Dawn Protocol,Operator Model
03_BUILDING/Rooms/REC-0674_Dawn_Protocol.md,REC-0674 — Dawn Protocol,Archives
03_BUILDING/Rooms/REC-0675_Night_Protocol.md,REC-0675 — Night Protocol,HQOS
03_BUILDING/Rooms/REC-0675_Night_Protocol.md,REC-0675 — Night Protocol,Mission State
03_BUILDING/Rooms/REC-0675_Night_Protocol.md,REC-0675 — Night Protocol,Operator Model
03_BUILDING/Rooms/REC-0675_Night_Protocol.md,REC-0675 — Night Protocol,Archives
03_BUILDING/Rooms/REC-0623_Founder_Locked_Office.md,REC-0623 — Founder Locked Office,HQOS Heartbeat
03_BUILDING/Rooms/REC-0623_Founder_Locked_Office.md,REC-0623 — Founder Locked Office,Archives
03_BUILDING/Rooms/REC-0623_Founder_Locked_Office.md,REC-0623 — Founder Locked Office,Night Operations
03_BUILDING/Rooms/REC-0623_Founder_Locked_Office.md,REC-0623 — Founder Locked Office,Rhythm Engine
03_BUILDING/Rooms/REC-0693_Vault_Walk.md,REC-0693 — Vault Walk,Funded Mode
03_BUILDING/Rooms/REC-0693_Vault_Walk.md,REC-0693 — Vault Walk,Guardian
03_BUILDING/Rooms/REC-0693_Vault_Walk.md,REC-0693 — Vault Walk,Operator Model
03_BUILDING/Rooms/REC-0693_Vault_Walk.md,REC-0693 — Vault Walk,Mission Events
03_BUILDING/Rooms/REC-0693_Vault_Walk.md,REC-0693 — Vault Walk,Archives
03_BUILDING/Rooms/REC-0707_Thinking_Room_Protocol.md,REC-0707 — Thinking Room Protocol,Funded Mode
03_BUILDING/Rooms/REC-0707_Thinking_Room_Protocol.md,REC-0707 — Thinking Room Protocol,Guardian
03_BUILDING/Rooms/REC-0707_Thinking_Room_Protocol.md,REC-0707 — Thinking Room Protocol,Operator Model
03_BUILDING/Rooms/REC-0707_Thinking_Room_Protocol.md,REC-0707 — Thinking Room Protocol,Mission Events
03_BUILDING/Rooms/REC-0707_Thinking_Room_Protocol.md,REC-0707 — Thinking Room Protocol,Archives
03_BUILDING/Rooms/REC-0709_Hall_of_Restraint.md,REC-0709 — Hall of Restraint,Funded Mode
03_BUILDING/Rooms/REC-0709_Hall_of_Restraint.md,REC-0709 — Hall of Restraint,Guardian
03_BUILDING/Rooms/REC-0709_Hall_of_Restraint.md,REC-0709 — Hall of Restraint,Operator Model
03_BUILDING/Rooms/REC-0709_Hall_of_Restraint.md,REC-0709 — Hall of Restraint,Mission Events
03_BUILDING/Rooms/REC-0709_Hall_of_Restraint.md,REC-0709 — Hall of Restraint,Archives
03_BUILDING/Environmental_Systems/PH4-0012_Room_Soundtracks.md,PH4-0012 — Room Soundtracks,HQOS State Engine
03_BUILDING/Environmental_Systems/PH4-0012_Room_Soundtracks.md,PH4-0012 — Room Soundtracks,Mission Lifecycle
03_BUILDING/Environmental_Systems/PH4-0012_Room_Soundtracks.md,PH4-0012 — Room Soundtracks,Operator Model
03_BUILDING/Environmental_Systems/PH4-0012_Room_Soundtracks.md,PH4-0012 — Room Soundtracks,Archives
03_BUILDING/Environmental_Systems/PH4-0012_Room_Soundtracks.md,PH4-0012 — Room Soundtracks,Doctrine Library
03_BUILDING/Environmental_Systems/PH4-0013_Lighting_Engine.md,PH4-0013 — Lighting Engine,HQOS State Engine
03_BUILDING/Environmental_Systems/PH4-0013_Lighting_Engine.md,PH4-0013 — Lighting Engine,Mission Lifecycle
03_BUILDING/Environmental_Systems/PH4-0013_Lighting_Engine.md,PH4-0013 — Lighting Engine,Operator Model
03_BUILDING/Environmental_Systems/PH4-0013_Lighting_Engine.md,PH4-0013 — Lighting Engine,Archives
03_BUILDING/Environmental_Systems/PH4-0013_Lighting_Engine.md,PH4-0013 — Lighting Engine,Doctrine Library
03_BUILDING/Environmental_Systems/PH5-0034_Behavioral_Weather_Forecast.md,PH5-0034 — Behavioral Weather Forecast,HQOS State Engine
03_BUILDING/Environmental_Systems/PH5-0034_Behavioral_Weather_Forecast.md,PH5-0034 — Behavioral Weather Forecast,Mission Lifecycle
03_BUILDING/Environmental_Systems/PH5-0034_Behavioral_Weather_Forecast.md,PH5-0034 — Behavioral Weather Forecast,Operator Model
03_BUILDING/Environmental_Systems/PH5-0034_Behavioral_Weather_Forecast.md,PH5-0034 — Behavioral Weather Forecast,Archives
03_BUILDING/Environmental_Systems/PH5-0034_Behavioral_Weather_Forecast.md,PH5-0034 — Behavioral Weather Forecast,Doctrine Library
03_BUILDING/Environmental_Systems/REC-0784_Hydraulic_Door_Transition.md,REC-0784 — Hydraulic Door Transition,HQOS
03_BUILDING/Environmental_Systems/REC-0784_Hydraulic_Door_Transition.md,REC-0784 — Hydraulic Door Transition,Interface System
03_BUILDING/Environmental_Systems/REC-0784_Hydraulic_Door_Transition.md,REC-0784 — Hydraulic Door Transition,Archives
03_BUILDING/Environmental_Systems/REC-0784_Hydraulic_Door_Transition.md,REC-0784 — Hydraulic Door Transition,Master Index
03_BUILDING/Environmental_Systems/REC-0673_Shadow_Protocol.md,REC-0673 — Shadow Protocol,HQOS
03_BUILDING/Environmental_Systems/REC-0673_Shadow_Protocol.md,REC-0673 — Shadow Protocol,Mission State
03_BUILDING/Environmental_Systems/REC-0673_Shadow_Protocol.md,REC-0673 — Shadow Protocol,Operator Model
03_BUILDING/Environmental_Systems/REC-0673_Shadow_Protocol.md,REC-0673 — Shadow Protocol,Archives
03_BUILDING/Environmental_Systems/REC-0789_Building_Breathing.md,REC-0789 — Building Breathing,HQOS
03_BUILDING/Environmental_Systems/REC-0789_Building_Breathing.md,REC-0789 — Building Breathing,Interface System
03_BUILDING/Environmental_Systems/REC-0789_Building_Breathing.md,REC-0789 — Building Breathing,Archives
03_BUILDING/Environmental_Systems/REC-0789_Building_Breathing.md,REC-0789 — Building Breathing,Master Index
03_BUILDING/Environmental_Systems/REC-0790_Operational_Weather.md,REC-0790 — Operational Weather,HQOS
03_BUILDING/Environmental_Systems/REC-0790_Operational_Weather.md,REC-0790 — Operational Weather,Interface System
03_BUILDING/Environmental_Systems/REC-0790_Operational_Weather.md,REC-0790 — Operational Weather,Archives
03_BUILDING/Environmental_Systems/REC-0790_Operational_Weather.md,REC-0790 — Operational Weather,Master Index
03_BUILDING/Environmental_Systems/REC-0791_Seasonal_Headquarters.md,REC-0791 — Seasonal Headquarters,HQOS
03_BUILDING/Environmental_Systems/REC-0791_Seasonal_Headquarters.md,REC-0791 — Seasonal Headquarters,Interface System
03_BUILDING/Environmental_Systems/REC-0791_Seasonal_Headquarters.md,REC-0791 — Seasonal Headquarters,Archives
03_BUILDING/Environmental_Systems/REC-0791_Seasonal_Headquarters.md,REC-0791 — Seasonal Headquarters,Master Index
03_BUILDING/Environmental_Systems/REC-0810_Doctrine_Printer.md,REC-0810 — Doctrine Printer,HQOS
03_BUILDING/Environmental_Systems/REC-0810_Doctrine_Printer.md,REC-0810 — Doctrine Printer,Interface System
03_BUILDING/Environmental_Systems/REC-0810_Doctrine_Printer.md,REC-0810 — Doctrine Printer,Archives
03_BUILDING/Environmental_Systems/REC-0810_Doctrine_Printer.md,REC-0810 — Doctrine Printer,Master Index
03_BUILDING/Environmental_Systems/REC-0734_HQOS_Heartbeat.md,REC-0734 — HQOS Heartbeat,HQOS
03_BUILDING/Environmental_Systems/REC-0734_HQOS_Heartbeat.md,REC-0734 — HQOS Heartbeat,Master Index
03_BUILDING/Environmental_Systems/REC-0734_HQOS_Heartbeat.md,REC-0734 — HQOS Heartbeat,Archives
03_BUILDING/Environmental_Systems/REC-0734_HQOS_Heartbeat.md,REC-0734 — HQOS Heartbeat,Council
03_BUILDING/Environmental_Systems/REC-0734_HQOS_Heartbeat.md,REC-0734 — HQOS Heartbeat,Repository Standards
03_BUILDING/Environmental_Systems/REC-0786_Vault_Lock_Acoustic.md,REC-0786 — Vault Lock Acoustic,HQOS
03_BUILDING/Environmental_Systems/REC-0786_Vault_Lock_Acoustic.md,REC-0786 — Vault Lock Acoustic,Interface System
03_BUILDING/Environmental_Systems/REC-0786_Vault_Lock_Acoustic.md,REC-0786 — Vault Lock Acoustic,Archives
03_BUILDING/Environmental_Systems/REC-0786_Vault_Lock_Acoustic.md,REC-0786 — Vault Lock Acoustic,Master Index
03_BUILDING/Environmental_Systems/REC-0788_Radar_Sweep_Ambient.md,REC-0788 — Radar Sweep Ambient,HQOS
03_BUILDING/Environmental_Systems/REC-0788_Radar_Sweep_Ambient.md,REC-0788 — Radar Sweep Ambient,Interface System
03_BUILDING/Environmental_Systems/REC-0788_Radar_Sweep_Ambient.md,REC-0788 — Radar Sweep Ambient,Archives
03_BUILDING/Environmental_Systems/REC-0788_Radar_Sweep_Ambient.md,REC-0788 — Radar Sweep Ambient,Master Index
03_BUILDING/Symbolic_Objects/PH4-0014_Command_Chair_Control_Symbol.md,PH4-0014 — Command Chair Control Symbol,HQOS State Engine
03_BUILDING/Symbolic_Objects/PH4-0014_Command_Chair_Control_Symbol.md,PH4-0014 — Command Chair Control Symbol,Mission Lifecycle
03_BUILDING/Symbolic_Objects/PH4-0014_Command_Chair_Control_Symbol.md,PH4-0014 — Command Chair Control Symbol,Operator Model
03_BUILDING/Symbolic_Objects/PH4-0014_Command_Chair_Control_Symbol.md,PH4-0014 — Command Chair Control Symbol,Archives
03_BUILDING/Symbolic_Objects/PH4-0014_Command_Chair_Control_Symbol.md,PH4-0014 — Command Chair Control Symbol,Doctrine Library
03_BUILDING/Symbolic_Objects/PH4-0054_Command_Chair_Engine.md,PH4-0054 — Command Chair Engine,HQOS State Engine
03_BUILDING/Symbolic_Objects/PH4-0054_Command_Chair_Engine.md,PH4-0054 — Command Chair Engine,Mission Lifecycle
03_BUILDING/Symbolic_Objects/PH4-0054_Command_Chair_Engine.md,PH4-0054 — Command Chair Engine,Operator Model
03_BUILDING/Symbolic_Objects/PH4-0054_Command_Chair_Engine.md,PH4-0054 — Command Chair Engine,Archives
03_BUILDING/Symbolic_Objects/PH4-0054_Command_Chair_Engine.md,PH4-0054 — Command Chair Engine,Doctrine Library
03_BUILDING/Symbolic_Objects/PH5-0002_Command_Chair_Engine.md,PH5-0002 — Command Chair Engine,HQOS State Engine
03_BUILDING/Symbolic_Objects/PH5-0002_Command_Chair_Engine.md,PH5-0002 — Command Chair Engine,Mission Lifecycle
03_BUILDING/Symbolic_Objects/PH5-0002_Command_Chair_Engine.md,PH5-0002 — Command Chair Engine,Operator Model
03_BUILDING/Symbolic_Objects/PH5-0002_Command_Chair_Engine.md,PH5-0002 — Command Chair Engine,Archives
03_BUILDING/Symbolic_Objects/PH5-0002_Command_Chair_Engine.md,PH5-0002 — Command Chair Engine,Doctrine Library
03_BUILDING/Symbolic_Objects/PH5-0079_Command_Chair_Floor_Inscription.md,PH5-0079 — Command Chair Floor Inscription,HQOS State Engine
03_BUILDING/Symbolic_Objects/PH5-0079_Command_Chair_Floor_Inscription.md,PH5-0079 — Command Chair Floor Inscription,Mission Lifecycle
03_BUILDING/Symbolic_Objects/PH5-0079_Command_Chair_Floor_Inscription.md,PH5-0079 — Command Chair Floor Inscription,Operator Model
03_BUILDING/Symbolic_Objects/PH5-0079_Command_Chair_Floor_Inscription.md,PH5-0079 — Command Chair Floor Inscription,Archives
03_BUILDING/Symbolic_Objects/PH5-0079_Command_Chair_Floor_Inscription.md,PH5-0079 — Command Chair Floor Inscription,Doctrine Library
03_BUILDING/Symbolic_Objects/PH5-0079_Command_Chair_Floor_Inscription.md,PH5-0079 — Command Chair Floor Inscription,Interface State System
03_BUILDING/Symbolic_Objects/PH5-0079_Command_Chair_Floor_Inscription.md,PH5-0079 — Command Chair Floor Inscription,Environmental Engine
03_BUILDING/Symbolic_Objects/PH6-0059_Chair_Never_Lies_Symbol.md,PH6-0059 — Chair Never Lies Symbol,HQOS Event Bus
03_BUILDING/Symbolic_Objects/PH6-0059_Chair_Never_Lies_Symbol.md,PH6-0059 — Chair Never Lies Symbol,Mission Lifecycle
03_BUILDING/Symbolic_Objects/PH6-0059_Chair_Never_Lies_Symbol.md,PH6-0059 — Chair Never Lies Symbol,Operator Model
03_BUILDING/Symbolic_Objects/PH6-0059_Chair_Never_Lies_Symbol.md,PH6-0059 — Chair Never Lies Symbol,Archives
03_BUILDING/Symbolic_Objects/PH6-0059_Chair_Never_Lies_Symbol.md,PH6-0059 — Chair Never Lies Symbol,Doctrine Library
03_BUILDING/Symbolic_Objects/PH6-0059_Chair_Never_Lies_Symbol.md,PH6-0059 — Chair Never Lies Symbol,Council Protocol
03_BUILDING/Symbolic_Objects/PH6-0059_Chair_Never_Lies_Symbol.md,PH6-0059 — Chair Never Lies Symbol,Evidence Confidence System
03_BUILDING/Symbolic_Objects/PH6-0064_Daily_Command_Chair_Question.md,PH6-0064 — Daily Command Chair Question,HQOS Event Bus
03_BUILDING/Symbolic_Objects/PH6-0064_Daily_Command_Chair_Question.md,PH6-0064 — Daily Command Chair Question,Mission Lifecycle
03_BUILDING/Symbolic_Objects/PH6-0064_Daily_Command_Chair_Question.md,PH6-0064 — Daily Command Chair Question,Operator Model
03_BUILDING/Symbolic_Objects/PH6-0064_Daily_Command_Chair_Question.md,PH6-0064 — Daily Command Chair Question,Archives
03_BUILDING/Symbolic_Objects/PH6-0064_Daily_Command_Chair_Question.md,PH6-0064 — Daily Command Chair Question,Doctrine Library
03_BUILDING/Symbolic_Objects/PH6-0064_Daily_Command_Chair_Question.md,PH6-0064 — Daily Command Chair Question,Council Protocol
03_BUILDING/Symbolic_Objects/PH6-0064_Daily_Command_Chair_Question.md,PH6-0064 — Daily Command Chair Question,Evidence Confidence System
03_BUILDING/Symbolic_Objects/PH6-0072_Doctrine_Flame.md,PH6-0072 — Doctrine Flame,HQOS Event Bus
03_BUILDING/Symbolic_Objects/PH6-0072_Doctrine_Flame.md,PH6-0072 — Doctrine Flame,Mission Lifecycle
03_BUILDING/Symbolic_Objects/PH6-0072_Doctrine_Flame.md,PH6-0072 — Doctrine Flame,Operator Model
03_BUILDING/Symbolic_Objects/PH6-0072_Doctrine_Flame.md,PH6-0072 — Doctrine Flame,Archives
03_BUILDING/Symbolic_Objects/PH6-0072_Doctrine_Flame.md,PH6-0072 — Doctrine Flame,Doctrine Library
03_BUILDING/Symbolic_Objects/PH6-0072_Doctrine_Flame.md,PH6-0072 — Doctrine Flame,Council Protocol
03_BUILDING/Symbolic_Objects/PH6-0072_Doctrine_Flame.md,PH6-0072 — Doctrine Flame,Evidence Confidence System
03_BUILDING/Symbolic_Objects/REC-0626_Doctrine_Flame.md,REC-0626 — Doctrine Flame,HQOS Heartbeat
03_BUILDING/Symbolic_Objects/REC-0626_Doctrine_Flame.md,REC-0626 — Doctrine Flame,Archives
03_BUILDING/Symbolic_Objects/REC-0626_Doctrine_Flame.md,REC-0626 — Doctrine Flame,Night Operations
03_BUILDING/Symbolic_Objects/REC-0626_Doctrine_Flame.md,REC-0626 — Doctrine Flame,Rhythm Engine
03_BUILDING/Symbolic_Objects/REC-0792_Campaign_Flags_Corridor.md,REC-0792 — Campaign Flags Corridor,HQOS
03_BUILDING/Symbolic_Objects/REC-0792_Campaign_Flags_Corridor.md,REC-0792 — Campaign Flags Corridor,Interface System
03_BUILDING/Symbolic_Objects/REC-0792_Campaign_Flags_Corridor.md,REC-0792 — Campaign Flags Corridor,Archives
03_BUILDING/Symbolic_Objects/REC-0792_Campaign_Flags_Corridor.md,REC-0792 — Campaign Flags Corridor,Master Index
03_BUILDING/Symbolic_Objects/REC-0618_Chair_Never_Lies_Indicator.md,REC-0618 — Chair Never Lies Indicator,Operator Model
03_BUILDING/Symbolic_Objects/REC-0618_Chair_Never_Lies_Indicator.md,REC-0618 — Chair Never Lies Indicator,Behavior Engine
03_BUILDING/Symbolic_Objects/REC-0618_Chair_Never_Lies_Indicator.md,REC-0618 — Chair Never Lies Indicator,Mission State
03_BUILDING/Symbolic_Objects/REC-0618_Chair_Never_Lies_Indicator.md,REC-0618 — Chair Never Lies Indicator,Guardian
03_BUILDING/Symbolic_Objects/REC-0618_Chair_Never_Lies_Indicator.md,REC-0618 — Chair Never Lies Indicator,HQOS Event Bus
02_INSTITUTION/Departments/PH4-0017_No_Commander_Avatar_Rule.md,PH4-0017 — No Commander Avatar Rule,HQOS State Engine
02_INSTITUTION/Departments/PH4-0017_No_Commander_Avatar_Rule.md,PH4-0017 — No Commander Avatar Rule,Mission Lifecycle
02_INSTITUTION/Departments/PH4-0017_No_Commander_Avatar_Rule.md,PH4-0017 — No Commander Avatar Rule,Operator Model
02_INSTITUTION/Departments/PH4-0017_No_Commander_Avatar_Rule.md,PH4-0017 — No Commander Avatar Rule,Archives
02_INSTITUTION/Departments/PH4-0017_No_Commander_Avatar_Rule.md,PH4-0017 — No Commander Avatar Rule,Doctrine Library
02_INSTITUTION/Departments/PH4-0018_Institutional_Heartbeat.md,PH4-0018 — Institutional Heartbeat,HQOS State Engine
02_INSTITUTION/Departments/PH4-0018_Institutional_Heartbeat.md,PH4-0018 — Institutional Heartbeat,Mission Lifecycle
02_INSTITUTION/Departments/PH4-0018_Institutional_Heartbeat.md,PH4-0018 — Institutional Heartbeat,Operator Model
02_INSTITUTION/Departments/PH4-0018_Institutional_Heartbeat.md,PH4-0018 — Institutional Heartbeat,Archives
02_INSTITUTION/Departments/PH4-0018_Institutional_Heartbeat.md,PH4-0018 — Institutional Heartbeat,Doctrine Library
02_INSTITUTION/Departments/PH4-0021_Internal_Affairs_Department.md,PH4-0021 — Internal Affairs Department,HQOS State Engine
02_INSTITUTION/Departments/PH4-0021_Internal_Affairs_Department.md,PH4-0021 — Internal Affairs Department,Mission Lifecycle
02_INSTITUTION/Departments/PH4-0021_Internal_Affairs_Department.md,PH4-0021 — Internal Affairs Department,Operator Model
02_INSTITUTION/Departments/PH4-0021_Internal_Affairs_Department.md,PH4-0021 — Internal Affairs Department,Archives
02_INSTITUTION/Departments/PH4-0021_Internal_Affairs_Department.md,PH4-0021 — Internal Affairs Department,Doctrine Library
02_INSTITUTION/Departments/PH4-0022_Internal_Affairs_Room.md,PH4-0022 — Internal Affairs Room,HQOS State Engine
02_INSTITUTION/Departments/PH4-0022_Internal_Affairs_Room.md,PH4-0022 — Internal Affairs Room,Mission Lifecycle
02_INSTITUTION/Departments/PH4-0022_Internal_Affairs_Room.md,PH4-0022 — Internal Affairs Room,Operator Model
02_INSTITUTION/Departments/PH4-0022_Internal_Affairs_Room.md,PH4-0022 — Internal Affairs Room,Archives
02_INSTITUTION/Departments/PH4-0022_Internal_Affairs_Room.md,PH4-0022 — Internal Affairs Room,Doctrine Library
02_INSTITUTION/Departments/PH4-0027_Institutional_Witness_System.md,PH4-0027 — Institutional Witness System,HQOS State Engine
02_INSTITUTION/Departments/PH4-0027_Institutional_Witness_System.md,PH4-0027 — Institutional Witness System,Mission Lifecycle
02_INSTITUTION/Departments/PH4-0027_Institutional_Witness_System.md,PH4-0027 — Institutional Witness System,Operator Model
02_INSTITUTION/Departments/PH4-0027_Institutional_Witness_System.md,PH4-0027 — Institutional Witness System,Archives
02_INSTITUTION/Departments/PH4-0027_Institutional_Witness_System.md,PH4-0027 — Institutional Witness System,Doctrine Library
02_INSTITUTION/Departments/PH4-0031_Quality_Assurance_Department.md,PH4-0031 — Quality Assurance Department,HQOS State Engine
02_INSTITUTION/Departments/PH4-0031_Quality_Assurance_Department.md,PH4-0031 — Quality Assurance Department,Mission Lifecycle
02_INSTITUTION/Departments/PH4-0031_Quality_Assurance_Department.md,PH4-0031 — Quality Assurance Department,Operator Model
02_INSTITUTION/Departments/PH4-0031_Quality_Assurance_Department.md,PH4-0031 — Quality Assurance Department,Archives
02_INSTITUTION/Departments/PH4-0031_Quality_Assurance_Department.md,PH4-0031 — Quality Assurance Department,Doctrine Library
02_INSTITUTION/Departments/PH4-0032_Institution_Admits_Mistakes.md,PH4-0032 — Institution Admits Mistakes,HQOS State Engine
02_INSTITUTION/Departments/PH4-0032_Institution_Admits_Mistakes.md,PH4-0032 — Institution Admits Mistakes,Mission Lifecycle
02_INSTITUTION/Departments/PH4-0032_Institution_Admits_Mistakes.md,PH4-0032 — Institution Admits Mistakes,Operator Model
02_INSTITUTION/Departments/PH4-0032_Institution_Admits_Mistakes.md,PH4-0032 — Institution Admits Mistakes,Archives
02_INSTITUTION/Departments/PH4-0032_Institution_Admits_Mistakes.md,PH4-0032 — Institution Admits Mistakes,Doctrine Library
02_INSTITUTION/Departments/PH4-0033_Ethics_Committee.md,PH4-0033 — Ethics Committee,HQOS State Engine
02_INSTITUTION/Departments/PH4-0033_Ethics_Committee.md,PH4-0033 — Ethics Committee,Mission Lifecycle
02_INSTITUTION/Departments/PH4-0033_Ethics_Committee.md,PH4-0033 — Ethics Committee,Operator Model
02_INSTITUTION/Departments/PH4-0033_Ethics_Committee.md,PH4-0033 — Ethics Committee,Archives
02_INSTITUTION/Departments/PH4-0033_Ethics_Committee.md,PH4-0033 — Ethics Committee,Doctrine Library
02_INSTITUTION/Departments/PH4-0036_Engineering_Philosophy.md,PH4-0036 — Engineering Philosophy,HQOS State Engine
02_INSTITUTION/Departments/PH4-0036_Engineering_Philosophy.md,PH4-0036 — Engineering Philosophy,Mission Lifecycle
02_INSTITUTION/Departments/PH4-0036_Engineering_Philosophy.md,PH4-0036 — Engineering Philosophy,Operator Model
02_INSTITUTION/Departments/PH4-0036_Engineering_Philosophy.md,PH4-0036 — Engineering Philosophy,Archives
02_INSTITUTION/Departments/PH4-0036_Engineering_Philosophy.md,PH4-0036 — Engineering Philosophy,Doctrine Library
02_INSTITUTION/Departments/PH4-0037_Friction_Is_A_Feature.md,PH4-0037 — Friction Is A Feature,HQOS State Engine
02_INSTITUTION/Departments/PH4-0037_Friction_Is_A_Feature.md,PH4-0037 — Friction Is A Feature,Mission Lifecycle
02_INSTITUTION/Departments/PH4-0037_Friction_Is_A_Feature.md,PH4-0037 — Friction Is A Feature,Operator Model
02_INSTITUTION/Departments/PH4-0037_Friction_Is_A_Feature.md,PH4-0037 — Friction Is A Feature,Archives
02_INSTITUTION/Departments/PH4-0037_Friction_Is_A_Feature.md,PH4-0037 — Friction Is A Feature,Doctrine Library
02_INSTITUTION/Departments/PH4-0041_Commander_Three_Responsibilities.md,PH4-0041 — Commander Three Responsibilities,HQOS State Engine
02_INSTITUTION/Departments/PH4-0041_Commander_Three_Responsibilities.md,PH4-0041 — Commander Three Responsibilities,Mission Lifecycle
02_INSTITUTION/Departments/PH4-0041_Commander_Three_Responsibilities.md,PH4-0041 — Commander Three Responsibilities,Operator Model
02_INSTITUTION/Departments/PH4-0041_Commander_Three_Responsibilities.md,PH4-0041 — Commander Three Responsibilities,Archives
02_INSTITUTION/Departments/PH4-0041_Commander_Three_Responsibilities.md,PH4-0041 — Commander Three Responsibilities,Doctrine Library
02_INSTITUTION/Departments/PH4-0050_Headquarters_Health.md,PH4-0050 — Headquarters Health,HQOS State Engine
02_INSTITUTION/Departments/PH4-0050_Headquarters_Health.md,PH4-0050 — Headquarters Health,Mission Lifecycle
02_INSTITUTION/Departments/PH4-0050_Headquarters_Health.md,PH4-0050 — Headquarters Health,Operator Model
02_INSTITUTION/Departments/PH4-0050_Headquarters_Health.md,PH4-0050 — Headquarters Health,Archives
02_INSTITUTION/Departments/PH4-0050_Headquarters_Health.md,PH4-0050 — Headquarters Health,Doctrine Library
02_INSTITUTION/Departments/PH4-0052_Founder_Engineering_Creed.md,PH4-0052 — Founder Engineering Creed,HQOS State Engine
02_INSTITUTION/Departments/PH4-0052_Founder_Engineering_Creed.md,PH4-0052 — Founder Engineering Creed,Mission Lifecycle
02_INSTITUTION/Departments/PH4-0052_Founder_Engineering_Creed.md,PH4-0052 — Founder Engineering Creed,Operator Model
02_INSTITUTION/Departments/PH4-0052_Founder_Engineering_Creed.md,PH4-0052 — Founder Engineering Creed,Archives
02_INSTITUTION/Departments/PH4-0052_Founder_Engineering_Creed.md,PH4-0052 — Founder Engineering Creed,Doctrine Library
02_INSTITUTION/Departments/PH4-0060_Commander_Detects_Not_Predicts.md,PH4-0060 — Commander Detects Not Predicts,HQOS State Engine
02_INSTITUTION/Departments/PH4-0060_Commander_Detects_Not_Predicts.md,PH4-0060 — Commander Detects Not Predicts,Mission Lifecycle
02_INSTITUTION/Departments/PH4-0060_Commander_Detects_Not_Predicts.md,PH4-0060 — Commander Detects Not Predicts,Operator Model
02_INSTITUTION/Departments/PH4-0060_Commander_Detects_Not_Predicts.md,PH4-0060 — Commander Detects Not Predicts,Archives
02_INSTITUTION/Departments/PH4-0060_Commander_Detects_Not_Predicts.md,PH4-0060 — Commander Detects Not Predicts,Doctrine Library
02_INSTITUTION/Departments/PH4-0067_Institution_Reputation.md,PH4-0067 — Institution Reputation,HQOS State Engine
02_INSTITUTION/Departments/PH4-0067_Institution_Reputation.md,PH4-0067 — Institution Reputation,Mission Lifecycle
02_INSTITUTION/Departments/PH4-0067_Institution_Reputation.md,PH4-0067 — Institution Reputation,Operator Model
02_INSTITUTION/Departments/PH4-0067_Institution_Reputation.md,PH4-0067 — Institution Reputation,Archives
02_INSTITUTION/Departments/PH4-0067_Institution_Reputation.md,PH4-0067 — Institution Reputation,Doctrine Library
02_INSTITUTION/Departments/PH5-0008_Commander_Evidence_Threshold.md,PH5-0008 — Commander Evidence Threshold,HQOS State Engine
02_INSTITUTION/Departments/PH5-0008_Commander_Evidence_Threshold.md,PH5-0008 — Commander Evidence Threshold,Mission Lifecycle
02_INSTITUTION/Departments/PH5-0008_Commander_Evidence_Threshold.md,PH5-0008 — Commander Evidence Threshold,Operator Model
02_INSTITUTION/Departments/PH5-0008_Commander_Evidence_Threshold.md,PH5-0008 — Commander Evidence Threshold,Archives
02_INSTITUTION/Departments/PH5-0008_Commander_Evidence_Threshold.md,PH5-0008 — Commander Evidence Threshold,Doctrine Library
02_INSTITUTION/Departments/PH5-0008_Commander_Evidence_Threshold.md,PH5-0008 — Commander Evidence Threshold,Council Protocol
02_INSTITUTION/Departments/PH5-0008_Commander_Evidence_Threshold.md,PH5-0008 — Commander Evidence Threshold,Evidence Confidence System
02_INSTITUTION/Departments/PH5-0024_Point_of_No_Return_Detector.md,PH5-0024 — Point of No Return Detector,HQOS State Engine
02_INSTITUTION/Departments/PH5-0024_Point_of_No_Return_Detector.md,PH5-0024 — Point of No Return Detector,Mission Lifecycle
02_INSTITUTION/Departments/PH5-0024_Point_of_No_Return_Detector.md,PH5-0024 — Point of No Return Detector,Operator Model
02_INSTITUTION/Departments/PH5-0024_Point_of_No_Return_Detector.md,PH5-0024 — Point of No Return Detector,Archives
02_INSTITUTION/Departments/PH5-0024_Point_of_No_Return_Detector.md,PH5-0024 — Point of No Return Detector,Doctrine Library
02_INSTITUTION/Departments/PH5-0024_Point_of_No_Return_Detector.md,PH5-0024 — Point of No Return Detector,Council Protocol
02_INSTITUTION/Departments/PH5-0024_Point_of_No_Return_Detector.md,PH5-0024 — Point of No Return Detector,Evidence Confidence System
02_INSTITUTION/Departments/PH5-0025_Intervention_Ladder.md,PH5-0025 — Intervention Ladder,HQOS State Engine
02_INSTITUTION/Departments/PH5-0025_Intervention_Ladder.md,PH5-0025 — Intervention Ladder,Mission Lifecycle
02_INSTITUTION/Departments/PH5-0025_Intervention_Ladder.md,PH5-0025 — Intervention Ladder,Operator Model
02_INSTITUTION/Departments/PH5-0025_Intervention_Ladder.md,PH5-0025 — Intervention Ladder,Archives
02_INSTITUTION/Departments/PH5-0025_Intervention_Ladder.md,PH5-0025 — Intervention Ladder,Doctrine Library
02_INSTITUTION/Departments/PH5-0025_Intervention_Ladder.md,PH5-0025 — Intervention Ladder,Council Protocol
02_INSTITUTION/Departments/PH5-0025_Intervention_Ladder.md,PH5-0025 — Intervention Ladder,Evidence Confidence System
02_INSTITUTION/Departments/PH5-0029_Institutional_Memory_Engine.md,PH5-0029 — Institutional Memory Engine,HQOS State Engine
02_INSTITUTION/Departments/PH5-0029_Institutional_Memory_Engine.md,PH5-0029 — Institutional Memory Engine,Mission Lifecycle
02_INSTITUTION/Departments/PH5-0029_Institutional_Memory_Engine.md,PH5-0029 — Institutional Memory Engine,Operator Model
02_INSTITUTION/Departments/PH5-0029_Institutional_Memory_Engine.md,PH5-0029 — Institutional Memory Engine,Archives
02_INSTITUTION/Departments/PH5-0029_Institutional_Memory_Engine.md,PH5-0029 — Institutional Memory Engine,Doctrine Library
02_INSTITUTION/Departments/PH5-0029_Institutional_Memory_Engine.md,PH5-0029 — Institutional Memory Engine,Institutional Memory Core
02_INSTITUTION/Departments/PH5-0029_Institutional_Memory_Engine.md,PH5-0029 — Institutional Memory Engine,SQLite Archive Schema
02_INSTITUTION/Departments/PH5-0035_Emotional_Pressure_System.md,PH5-0035 — Emotional Pressure System,HQOS State Engine
02_INSTITUTION/Departments/PH5-0035_Emotional_Pressure_System.md,PH5-0035 — Emotional Pressure System,Mission Lifecycle
02_INSTITUTION/Departments/PH5-0035_Emotional_Pressure_System.md,PH5-0035 — Emotional Pressure System,Operator Model
02_INSTITUTION/Departments/PH5-0035_Emotional_Pressure_System.md,PH5-0035 — Emotional Pressure System,Archives
02_INSTITUTION/Departments/PH5-0035_Emotional_Pressure_System.md,PH5-0035 — Emotional Pressure System,Doctrine Library
02_INSTITUTION/Departments/PH5-0035_Emotional_Pressure_System.md,PH5-0035 — Emotional Pressure System,Council Protocol
02_INSTITUTION/Departments/PH5-0035_Emotional_Pressure_System.md,PH5-0035 — Emotional Pressure System,Evidence Confidence System
02_INSTITUTION/Departments/PH5-0037_Cascade_Predictor.md,PH5-0037 — Cascade Predictor,HQOS State Engine
02_INSTITUTION/Departments/PH5-0037_Cascade_Predictor.md,PH5-0037 — Cascade Predictor,Mission Lifecycle
02_INSTITUTION/Departments/PH5-0037_Cascade_Predictor.md,PH5-0037 — Cascade Predictor,Operator Model
02_INSTITUTION/Departments/PH5-0037_Cascade_Predictor.md,PH5-0037 — Cascade Predictor,Archives
02_INSTITUTION/Departments/PH5-0037_Cascade_Predictor.md,PH5-0037 — Cascade Predictor,Doctrine Library
02_INSTITUTION/Departments/PH5-0037_Cascade_Predictor.md,PH5-0037 — Cascade Predictor,Council Protocol
02_INSTITUTION/Departments/PH5-0037_Cascade_Predictor.md,PH5-0037 — Cascade Predictor,Evidence Confidence System
02_INSTITUTION/Departments/PH5-0038_Operation_Echoes.md,PH5-0038 — Operation Echoes,HQOS State Engine
02_INSTITUTION/Departments/PH5-0038_Operation_Echoes.md,PH5-0038 — Operation Echoes,Mission Lifecycle
02_INSTITUTION/Departments/PH5-0038_Operation_Echoes.md,PH5-0038 — Operation Echoes,Operator Model
02_INSTITUTION/Departments/PH5-0038_Operation_Echoes.md,PH5-0038 — Operation Echoes,Archives
02_INSTITUTION/Departments/PH5-0038_Operation_Echoes.md,PH5-0038 — Operation Echoes,Doctrine Library
02_INSTITUTION/Departments/PH5-0043_Dangerous_Phrase_Library.md,PH5-0043 — Dangerous Phrase Library,HQOS State Engine
02_INSTITUTION/Departments/PH5-0043_Dangerous_Phrase_Library.md,PH5-0043 — Dangerous Phrase Library,Mission Lifecycle
02_INSTITUTION/Departments/PH5-0043_Dangerous_Phrase_Library.md,PH5-0043 — Dangerous Phrase Library,Operator Model
02_INSTITUTION/Departments/PH5-0043_Dangerous_Phrase_Library.md,PH5-0043 — Dangerous Phrase Library,Archives
02_INSTITUTION/Departments/PH5-0043_Dangerous_Phrase_Library.md,PH5-0043 — Dangerous Phrase Library,Doctrine Library
02_INSTITUTION/Departments/PH5-0043_Dangerous_Phrase_Library.md,PH5-0043 — Dangerous Phrase Library,Council Protocol
02_INSTITUTION/Departments/PH5-0043_Dangerous_Phrase_Library.md,PH5-0043 — Dangerous Phrase Library,Evidence Confidence System
02_INSTITUTION/Departments/PH5-0044_Recovery_Signature.md,PH5-0044 — Recovery Signature,HQOS State Engine
02_INSTITUTION/Departments/PH5-0044_Recovery_Signature.md,PH5-0044 — Recovery Signature,Mission Lifecycle
02_INSTITUTION/Departments/PH5-0044_Recovery_Signature.md,PH5-0044 — Recovery Signature,Operator Model
02_INSTITUTION/Departments/PH5-0044_Recovery_Signature.md,PH5-0044 — Recovery Signature,Archives
02_INSTITUTION/Departments/PH5-0044_Recovery_Signature.md,PH5-0044 — Recovery Signature,Doctrine Library
02_INSTITUTION/Departments/PH5-0044_Recovery_Signature.md,PH5-0044 — Recovery Signature,Council Protocol
02_INSTITUTION/Departments/PH5-0044_Recovery_Signature.md,PH5-0044 — Recovery Signature,Evidence Confidence System
02_INSTITUTION/Departments/PH5-0070_General_Staff_Model.md,PH5-0070 — General Staff Model,HQOS State Engine
02_INSTITUTION/Departments/PH5-0070_General_Staff_Model.md,PH5-0070 — General Staff Model,Mission Lifecycle
02_INSTITUTION/Departments/PH5-0070_General_Staff_Model.md,PH5-0070 — General Staff Model,Operator Model
02_INSTITUTION/Departments/PH5-0070_General_Staff_Model.md,PH5-0070 — General Staff Model,Archives
02_INSTITUTION/Departments/PH5-0070_General_Staff_Model.md,PH5-0070 — General Staff Model,Doctrine Library
02_INSTITUTION/Departments/PH5-0070_General_Staff_Model.md,PH5-0070 — General Staff Model,Council Protocol
02_INSTITUTION/Departments/PH5-0070_General_Staff_Model.md,PH5-0070 — General Staff Model,Evidence Confidence System
02_INSTITUTION/Departments/PH5-0071_Medical_Officer_Recovery_Prompt.md,PH5-0071 — Medical Officer Recovery Prompt,HQOS State Engine
02_INSTITUTION/Departments/PH5-0071_Medical_Officer_Recovery_Prompt.md,PH5-0071 — Medical Officer Recovery Prompt,Mission Lifecycle
02_INSTITUTION/Departments/PH5-0071_Medical_Officer_Recovery_Prompt.md,PH5-0071 — Medical Officer Recovery Prompt,Operator Model
02_INSTITUTION/Departments/PH5-0071_Medical_Officer_Recovery_Prompt.md,PH5-0071 — Medical Officer Recovery Prompt,Archives
02_INSTITUTION/Departments/PH5-0071_Medical_Officer_Recovery_Prompt.md,PH5-0071 — Medical Officer Recovery Prompt,Doctrine Library
02_INSTITUTION/Departments/PH5-0071_Medical_Officer_Recovery_Prompt.md,PH5-0071 — Medical Officer Recovery Prompt,Council Protocol
02_INSTITUTION/Departments/PH5-0071_Medical_Officer_Recovery_Prompt.md,PH5-0071 — Medical Officer Recovery Prompt,Evidence Confidence System
02_INSTITUTION/Departments/PH5-0072_Engineer_Sunday_Maintenance.md,PH5-0072 — Engineer Sunday Maintenance,HQOS State Engine
02_INSTITUTION/Departments/PH5-0072_Engineer_Sunday_Maintenance.md,PH5-0072 — Engineer Sunday Maintenance,Mission Lifecycle
02_INSTITUTION/Departments/PH5-0072_Engineer_Sunday_Maintenance.md,PH5-0072 — Engineer Sunday Maintenance,Operator Model
02_INSTITUTION/Departments/PH5-0072_Engineer_Sunday_Maintenance.md,PH5-0072 — Engineer Sunday Maintenance,Archives
02_INSTITUTION/Departments/PH5-0072_Engineer_Sunday_Maintenance.md,PH5-0072 — Engineer Sunday Maintenance,Doctrine Library
02_INSTITUTION/Departments/PH5-0074_Operations_Officer_Procedural_Voice.md,PH5-0074 — Operations Officer Procedural Voice,HQOS State Engine
02_INSTITUTION/Departments/PH5-0074_Operations_Officer_Procedural_Voice.md,PH5-0074 — Operations Officer Procedural Voice,Mission Lifecycle
02_INSTITUTION/Departments/PH5-0074_Operations_Officer_Procedural_Voice.md,PH5-0074 — Operations Officer Procedural Voice,Operator Model
02_INSTITUTION/Departments/PH5-0074_Operations_Officer_Procedural_Voice.md,PH5-0074 — Operations Officer Procedural Voice,Archives
02_INSTITUTION/Departments/PH5-0074_Operations_Officer_Procedural_Voice.md,PH5-0074 — Operations Officer Procedural Voice,Doctrine Library
02_INSTITUTION/Departments/PH5-0074_Operations_Officer_Procedural_Voice.md,PH5-0074 — Operations Officer Procedural Voice,Mission Timeline
02_INSTITUTION/Departments/PH5-0074_Operations_Officer_Procedural_Voice.md,PH5-0074 — Operations Officer Procedural Voice,Behavioral Recorder
02_INSTITUTION/Departments/PH5-0090_Precursor_Sequence_Alert.md,PH5-0090 — Precursor Sequence Alert,HQOS State Engine
02_INSTITUTION/Departments/PH5-0090_Precursor_Sequence_Alert.md,PH5-0090 — Precursor Sequence Alert,Mission Lifecycle
02_INSTITUTION/Departments/PH5-0090_Precursor_Sequence_Alert.md,PH5-0090 — Precursor Sequence Alert,Operator Model
02_INSTITUTION/Departments/PH5-0090_Precursor_Sequence_Alert.md,PH5-0090 — Precursor Sequence Alert,Archives
02_INSTITUTION/Departments/PH5-0090_Precursor_Sequence_Alert.md,PH5-0090 — Precursor Sequence Alert,Doctrine Library
02_INSTITUTION/Departments/PH5-0090_Precursor_Sequence_Alert.md,PH5-0090 — Precursor Sequence Alert,Council Protocol
02_INSTITUTION/Departments/PH5-0090_Precursor_Sequence_Alert.md,PH5-0090 — Precursor Sequence Alert,Evidence Confidence System
02_INSTITUTION/Departments/PH6-0015_Complacency_Division.md,PH6-0015 — Complacency Division,HQOS Event Bus
02_INSTITUTION/Departments/PH6-0015_Complacency_Division.md,PH6-0015 — Complacency Division,Mission Lifecycle
02_INSTITUTION/Departments/PH6-0015_Complacency_Division.md,PH6-0015 — Complacency Division,Operator Model
02_INSTITUTION/Departments/PH6-0015_Complacency_Division.md,PH6-0015 — Complacency Division,Archives
02_INSTITUTION/Departments/PH6-0015_Complacency_Division.md,PH6-0015 — Complacency Division,Doctrine Library
02_INSTITUTION/Departments/PH6-0015_Complacency_Division.md,PH6-0015 — Complacency Division,Council Protocol
02_INSTITUTION/Departments/PH6-0015_Complacency_Division.md,PH6-0015 — Complacency Division,Evidence Confidence System
02_INSTITUTION/Departments/PH6-0016_Success_Monitoring.md,PH6-0016 — Success Monitoring,HQOS Event Bus
02_INSTITUTION/Departments/PH6-0016_Success_Monitoring.md,PH6-0016 — Success Monitoring,Mission Lifecycle
02_INSTITUTION/Departments/PH6-0016_Success_Monitoring.md,PH6-0016 — Success Monitoring,Operator Model
02_INSTITUTION/Departments/PH6-0016_Success_Monitoring.md,PH6-0016 — Success Monitoring,Archives
02_INSTITUTION/Departments/PH6-0016_Success_Monitoring.md,PH6-0016 — Success Monitoring,Doctrine Library
02_INSTITUTION/Departments/PH6-0016_Success_Monitoring.md,PH6-0016 — Success Monitoring,Council Protocol
02_INSTITUTION/Departments/PH6-0016_Success_Monitoring.md,PH6-0016 — Success Monitoring,Evidence Confidence System
02_INSTITUTION/Departments/PH6-0020_Guardian_Phase_II_Humility_Protection.md,PH6-0020 — Guardian Phase II Humility Protection,HQOS Event Bus
02_INSTITUTION/Departments/PH6-0020_Guardian_Phase_II_Humility_Protection.md,PH6-0020 — Guardian Phase II Humility Protection,Mission Lifecycle
02_INSTITUTION/Departments/PH6-0020_Guardian_Phase_II_Humility_Protection.md,PH6-0020 — Guardian Phase II Humility Protection,Operator Model
02_INSTITUTION/Departments/PH6-0020_Guardian_Phase_II_Humility_Protection.md,PH6-0020 — Guardian Phase II Humility Protection,Archives
02_INSTITUTION/Departments/PH6-0020_Guardian_Phase_II_Humility_Protection.md,PH6-0020 — Guardian Phase II Humility Protection,Doctrine Library
02_INSTITUTION/Departments/PH6-0020_Guardian_Phase_II_Humility_Protection.md,PH6-0020 — Guardian Phase II Humility Protection,Council Protocol
02_INSTITUTION/Departments/PH6-0020_Guardian_Phase_II_Humility_Protection.md,PH6-0020 — Guardian Phase II Humility Protection,Evidence Confidence System
02_INSTITUTION/Departments/PH6-0037_Institutional_Health.md,PH6-0037 — Institutional Health,HQOS Event Bus
02_INSTITUTION/Departments/PH6-0037_Institutional_Health.md,PH6-0037 — Institutional Health,Mission Lifecycle
02_INSTITUTION/Departments/PH6-0037_Institutional_Health.md,PH6-0037 — Institutional Health,Operator Model
02_INSTITUTION/Departments/PH6-0037_Institutional_Health.md,PH6-0037 — Institutional Health,Archives
02_INSTITUTION/Departments/PH6-0037_Institutional_Health.md,PH6-0037 — Institutional Health,Doctrine Library
02_INSTITUTION/Departments/PH6-0037_Institutional_Health.md,PH6-0037 — Institutional Health,Council Protocol
02_INSTITUTION/Departments/PH6-0037_Institutional_Health.md,PH6-0037 — Institutional Health,Evidence Confidence System
02_INSTITUTION/Departments/PH6-0038_Engineering_Oath.md,PH6-0038 — Engineering Oath,HQOS Event Bus
02_INSTITUTION/Departments/PH6-0038_Engineering_Oath.md,PH6-0038 — Engineering Oath,Mission Lifecycle
02_INSTITUTION/Departments/PH6-0038_Engineering_Oath.md,PH6-0038 — Engineering Oath,Operator Model
02_INSTITUTION/Departments/PH6-0038_Engineering_Oath.md,PH6-0038 — Engineering Oath,Archives
02_INSTITUTION/Departments/PH6-0038_Engineering_Oath.md,PH6-0038 — Engineering Oath,Doctrine Library
02_INSTITUTION/Departments/PH6-0038_Engineering_Oath.md,PH6-0038 — Engineering Oath,Council Protocol
02_INSTITUTION/Departments/PH6-0038_Engineering_Oath.md,PH6-0038 — Engineering Oath,Evidence Confidence System
02_INSTITUTION/Departments/PH6-0042_Architectural_Review_Board.md,PH6-0042 — Architectural Review Board,HQOS Event Bus
02_INSTITUTION/Departments/PH6-0042_Architectural_Review_Board.md,PH6-0042 — Architectural Review Board,Mission Lifecycle
02_INSTITUTION/Departments/PH6-0042_Architectural_Review_Board.md,PH6-0042 — Architectural Review Board,Operator Model
02_INSTITUTION/Departments/PH6-0042_Architectural_Review_Board.md,PH6-0042 — Architectural Review Board,Archives
02_INSTITUTION/Departments/PH6-0042_Architectural_Review_Board.md,PH6-0042 — Architectural Review Board,Doctrine Library
02_INSTITUTION/Departments/PH6-0042_Architectural_Review_Board.md,PH6-0042 — Architectural Review Board,Council Protocol
02_INSTITUTION/Departments/PH6-0042_Architectural_Review_Board.md,PH6-0042 — Architectural Review Board,Evidence Confidence System
02_INSTITUTION/Departments/PH6-0045_Longevity_Optimization.md,PH6-0045 — Longevity Optimization,HQOS Event Bus
02_INSTITUTION/Departments/PH6-0045_Longevity_Optimization.md,PH6-0045 — Longevity Optimization,Mission Lifecycle
02_INSTITUTION/Departments/PH6-0045_Longevity_Optimization.md,PH6-0045 — Longevity Optimization,Operator Model
02_INSTITUTION/Departments/PH6-0045_Longevity_Optimization.md,PH6-0045 — Longevity Optimization,Archives
02_INSTITUTION/Departments/PH6-0045_Longevity_Optimization.md,PH6-0045 — Longevity Optimization,Doctrine Library
02_INSTITUTION/Departments/PH6-0045_Longevity_Optimization.md,PH6-0045 — Longevity Optimization,Council Protocol
02_INSTITUTION/Departments/PH6-0045_Longevity_Optimization.md,PH6-0045 — Longevity Optimization,Evidence Confidence System
02_INSTITUTION/Departments/PH6-0046_Command_Chair_Test.md,PH6-0046 — Command Chair Test,HQOS Event Bus
02_INSTITUTION/Departments/PH6-0046_Command_Chair_Test.md,PH6-0046 — Command Chair Test,Mission Lifecycle
02_INSTITUTION/Departments/PH6-0046_Command_Chair_Test.md,PH6-0046 — Command Chair Test,Operator Model
02_INSTITUTION/Departments/PH6-0046_Command_Chair_Test.md,PH6-0046 — Command Chair Test,Archives
02_INSTITUTION/Departments/PH6-0046_Command_Chair_Test.md,PH6-0046 — Command Chair Test,Doctrine Library
02_INSTITUTION/Departments/PH6-0046_Command_Chair_Test.md,PH6-0046 — Command Chair Test,Council Protocol
02_INSTITUTION/Departments/PH6-0046_Command_Chair_Test.md,PH6-0046 — Command Chair Test,Evidence Confidence System
02_INSTITUTION/Departments/PH6-0047_Chain_of_Command.md,PH6-0047 — Chain of Command,HQOS Event Bus
02_INSTITUTION/Departments/PH6-0047_Chain_of_Command.md,PH6-0047 — Chain of Command,Mission Lifecycle
02_INSTITUTION/Departments/PH6-0047_Chain_of_Command.md,PH6-0047 — Chain of Command,Operator Model
02_INSTITUTION/Departments/PH6-0047_Chain_of_Command.md,PH6-0047 — Chain of Command,Archives
02_INSTITUTION/Departments/PH6-0047_Chain_of_Command.md,PH6-0047 — Chain of Command,Doctrine Library
02_INSTITUTION/Departments/PH6-0047_Chain_of_Command.md,PH6-0047 — Chain of Command,Council Protocol
02_INSTITUTION/Departments/PH6-0047_Chain_of_Command.md,PH6-0047 — Chain of Command,Evidence Confidence System
02_INSTITUTION/Departments/PH6-0049_Acting_Commander_States.md,PH6-0049 — Acting Commander States,HQOS Event Bus
02_INSTITUTION/Departments/PH6-0049_Acting_Commander_States.md,PH6-0049 — Acting Commander States,Mission Lifecycle
02_INSTITUTION/Departments/PH6-0049_Acting_Commander_States.md,PH6-0049 — Acting Commander States,Operator Model
02_INSTITUTION/Departments/PH6-0049_Acting_Commander_States.md,PH6-0049 — Acting Commander States,Archives
02_INSTITUTION/Departments/PH6-0049_Acting_Commander_States.md,PH6-0049 — Acting Commander States,Doctrine Library
02_INSTITUTION/Departments/PH6-0049_Acting_Commander_States.md,PH6-0049 — Acting Commander States,Council Protocol
02_INSTITUTION/Departments/PH6-0049_Acting_Commander_States.md,PH6-0049 — Acting Commander States,Evidence Confidence System
02_INSTITUTION/Departments/PH6-0050_Emergency_Succession.md,PH6-0050 — Emergency Succession,HQOS Event Bus
02_INSTITUTION/Departments/PH6-0050_Emergency_Succession.md,PH6-0050 — Emergency Succession,Mission Lifecycle
02_INSTITUTION/Departments/PH6-0050_Emergency_Succession.md,PH6-0050 — Emergency Succession,Operator Model
02_INSTITUTION/Departments/PH6-0050_Emergency_Succession.md,PH6-0050 — Emergency Succession,Archives
02_INSTITUTION/Departments/PH6-0050_Emergency_Succession.md,PH6-0050 — Emergency Succession,Doctrine Library
02_INSTITUTION/Departments/PH6-0050_Emergency_Succession.md,PH6-0050 — Emergency Succession,Council Protocol
02_INSTITUTION/Departments/PH6-0050_Emergency_Succession.md,PH6-0050 — Emergency Succession,Evidence Confidence System
02_INSTITUTION/Departments/PH6-0067_Ambient_Department_Activity.md,PH6-0067 — Ambient Department Activity,HQOS Event Bus
02_INSTITUTION/Departments/PH6-0067_Ambient_Department_Activity.md,PH6-0067 — Ambient Department Activity,Mission Lifecycle
02_INSTITUTION/Departments/PH6-0067_Ambient_Department_Activity.md,PH6-0067 — Ambient Department Activity,Operator Model
02_INSTITUTION/Departments/PH6-0067_Ambient_Department_Activity.md,PH6-0067 — Ambient Department Activity,Archives
02_INSTITUTION/Departments/PH6-0067_Ambient_Department_Activity.md,PH6-0067 — Ambient Department Activity,Doctrine Library
02_INSTITUTION/Departments/PH6-0067_Ambient_Department_Activity.md,PH6-0067 — Ambient Department Activity,Council Protocol
02_INSTITUTION/Departments/PH6-0067_Ambient_Department_Activity.md,PH6-0067 — Ambient Department Activity,Evidence Confidence System
02_INSTITUTION/Departments/PH6-0074_Institutional_Memory_Core.md,PH6-0074 — Institutional Memory Core,HQOS Event Bus
02_INSTITUTION/Departments/PH6-0074_Institutional_Memory_Core.md,PH6-0074 — Institutional Memory Core,Mission Lifecycle
02_INSTITUTION/Departments/PH6-0074_Institutional_Memory_Core.md,PH6-0074 — Institutional Memory Core,Operator Model
02_INSTITUTION/Departments/PH6-0074_Institutional_Memory_Core.md,PH6-0074 — Institutional Memory Core,Archives
02_INSTITUTION/Departments/PH6-0074_Institutional_Memory_Core.md,PH6-0074 — Institutional Memory Core,Doctrine Library
02_INSTITUTION/Departments/PH6-0074_Institutional_Memory_Core.md,PH6-0074 — Institutional Memory Core,Council Protocol
02_INSTITUTION/Departments/PH6-0074_Institutional_Memory_Core.md,PH6-0074 — Institutional Memory Core,Evidence Confidence System
02_INSTITUTION/Departments/PH6-0082_Saved_Missions_Ledger.md,PH6-0082 — Saved Missions Ledger,HQOS Event Bus
02_INSTITUTION/Departments/PH6-0082_Saved_Missions_Ledger.md,PH6-0082 — Saved Missions Ledger,Mission Lifecycle
02_INSTITUTION/Departments/PH6-0082_Saved_Missions_Ledger.md,PH6-0082 — Saved Missions Ledger,Operator Model
02_INSTITUTION/Departments/PH6-0082_Saved_Missions_Ledger.md,PH6-0082 — Saved Missions Ledger,Archives
02_INSTITUTION/Departments/PH6-0082_Saved_Missions_Ledger.md,PH6-0082 — Saved Missions Ledger,Doctrine Library
02_INSTITUTION/Departments/PH6-0082_Saved_Missions_Ledger.md,PH6-0082 — Saved Missions Ledger,Council Protocol
02_INSTITUTION/Departments/PH6-0082_Saved_Missions_Ledger.md,PH6-0082 — Saved Missions Ledger,Evidence Confidence System
02_INSTITUTION/Departments/PH6-0084_Historian_Perspective_Messages.md,PH6-0084 — Historian Perspective Messages,HQOS Event Bus
02_INSTITUTION/Departments/PH6-0084_Historian_Perspective_Messages.md,PH6-0084 — Historian Perspective Messages,Mission Lifecycle
02_INSTITUTION/Departments/PH6-0084_Historian_Perspective_Messages.md,PH6-0084 — Historian Perspective Messages,Operator Model
02_INSTITUTION/Departments/PH6-0084_Historian_Perspective_Messages.md,PH6-0084 — Historian Perspective Messages,Archives
02_INSTITUTION/Departments/PH6-0084_Historian_Perspective_Messages.md,PH6-0084 — Historian Perspective Messages,Doctrine Library
02_INSTITUTION/Departments/PH6-0084_Historian_Perspective_Messages.md,PH6-0084 — Historian Perspective Messages,Council Protocol
02_INSTITUTION/Departments/PH6-0084_Historian_Perspective_Messages.md,PH6-0084 — Historian Perspective Messages,Evidence Confidence System
02_INSTITUTION/Departments/PH6-0088_Campaign_Versioning.md,PH6-0088 — Campaign Versioning,HQOS Event Bus
02_INSTITUTION/Departments/PH6-0088_Campaign_Versioning.md,PH6-0088 — Campaign Versioning,Mission Lifecycle
02_INSTITUTION/Departments/PH6-0088_Campaign_Versioning.md,PH6-0088 — Campaign Versioning,Operator Model
02_INSTITUTION/Departments/PH6-0088_Campaign_Versioning.md,PH6-0088 — Campaign Versioning,Archives
02_INSTITUTION/Departments/PH6-0088_Campaign_Versioning.md,PH6-0088 — Campaign Versioning,Doctrine Library
02_INSTITUTION/Departments/PH6-0088_Campaign_Versioning.md,PH6-0088 — Campaign Versioning,Council Protocol
02_INSTITUTION/Departments/PH6-0088_Campaign_Versioning.md,PH6-0088 — Campaign Versioning,Evidence Confidence System
02_INSTITUTION/Departments/PH6-0097_Institutional_Maturity_Model.md,PH6-0097 — Institutional Maturity Model,HQOS Event Bus
02_INSTITUTION/Departments/PH6-0097_Institutional_Maturity_Model.md,PH6-0097 — Institutional Maturity Model,Mission Lifecycle
02_INSTITUTION/Departments/PH6-0097_Institutional_Maturity_Model.md,PH6-0097 — Institutional Maturity Model,Operator Model
02_INSTITUTION/Departments/PH6-0097_Institutional_Maturity_Model.md,PH6-0097 — Institutional Maturity Model,Archives
02_INSTITUTION/Departments/PH6-0097_Institutional_Maturity_Model.md,PH6-0097 — Institutional Maturity Model,Doctrine Library
02_INSTITUTION/Departments/PH6-0097_Institutional_Maturity_Model.md,PH6-0097 — Institutional Maturity Model,Council Protocol
02_INSTITUTION/Departments/PH6-0097_Institutional_Maturity_Model.md,PH6-0097 — Institutional Maturity Model,Evidence Confidence System
02_INSTITUTION/Departments/REC-0630_Institutional_Memory_Core.md,REC-0630 — Institutional Memory Core,Archives
02_INSTITUTION/Departments/REC-0630_Institutional_Memory_Core.md,REC-0630 — Institutional Memory Core,SQLite Schema
02_INSTITUTION/Departments/REC-0630_Institutional_Memory_Core.md,REC-0630 — Institutional Memory Core,Historian
02_INSTITUTION/Departments/REC-0630_Institutional_Memory_Core.md,REC-0630 — Institutional Memory Core,Mission Engine
02_INSTITUTION/Departments/REC-0630_Institutional_Memory_Core.md,REC-0630 — Institutional Memory Core,Campaign Engine
02_INSTITUTION/Departments/REC-0646_Institutional_Maturity.md,REC-0646 — Institutional Maturity,Archives
02_INSTITUTION/Departments/REC-0646_Institutional_Maturity.md,REC-0646 — Institutional Maturity,SQLite Schema
02_INSTITUTION/Departments/REC-0646_Institutional_Maturity.md,REC-0646 — Institutional Maturity,Historian
02_INSTITUTION/Departments/REC-0646_Institutional_Maturity.md,REC-0646 — Institutional Maturity,Mission Engine
02_INSTITUTION/Departments/REC-0646_Institutional_Maturity.md,REC-0646 — Institutional Maturity,Campaign Engine
02_INSTITUTION/Departments/REC-0622_Department_Ambient_Activity.md,REC-0622 — Department Ambient Activity,HQOS Heartbeat
02_INSTITUTION/Departments/REC-0622_Department_Ambient_Activity.md,REC-0622 — Department Ambient Activity,Archives
02_INSTITUTION/Departments/REC-0622_Department_Ambient_Activity.md,REC-0622 — Department Ambient Activity,Night Operations
02_INSTITUTION/Departments/REC-0622_Department_Ambient_Activity.md,REC-0622 — Department Ambient Activity,Rhythm Engine
02_INSTITUTION/Departments/REC-0601_Minimum_Viable_Institution.md,REC-0601 — Minimum Viable Institution,Headquarters Manifesto
02_INSTITUTION/Departments/REC-0601_Minimum_Viable_Institution.md,REC-0601 — Minimum Viable Institution,Roadmap
02_INSTITUTION/Departments/REC-0601_Minimum_Viable_Institution.md,REC-0601 — Minimum Viable Institution,Master Index
02_INSTITUTION/Departments/REC-0770_HDR_Repository_Process.md,REC-0770 — HDR Repository Process,HQOS
02_INSTITUTION/Departments/REC-0770_HDR_Repository_Process.md,REC-0770 — HDR Repository Process,Master Index
02_INSTITUTION/Departments/REC-0770_HDR_Repository_Process.md,REC-0770 — HDR Repository Process,Archives
02_INSTITUTION/Departments/REC-0770_HDR_Repository_Process.md,REC-0770 — HDR Repository Process,Council
02_INSTITUTION/Departments/REC-0770_HDR_Repository_Process.md,REC-0770 — HDR Repository Process,Repository Standards
02_INSTITUTION/Departments/REC-0771_Recovery_To_Normalization_Workflow.md,REC-0771 — Recovery To Normalization Workflow,HQOS
02_INSTITUTION/Departments/REC-0771_Recovery_To_Normalization_Workflow.md,REC-0771 — Recovery To Normalization Workflow,Master Index
02_INSTITUTION/Departments/REC-0771_Recovery_To_Normalization_Workflow.md,REC-0771 — Recovery To Normalization Workflow,Archives
02_INSTITUTION/Departments/REC-0771_Recovery_To_Normalization_Workflow.md,REC-0771 — Recovery To Normalization Workflow,Council
02_INSTITUTION/Departments/REC-0771_Recovery_To_Normalization_Workflow.md,REC-0771 — Recovery To Normalization Workflow,Repository Standards
02_INSTITUTION/Departments/REC-0773_Design_Freeze_Audit.md,REC-0773 — Design Freeze Audit,HQOS
02_INSTITUTION/Departments/REC-0773_Design_Freeze_Audit.md,REC-0773 — Design Freeze Audit,Master Index
02_INSTITUTION/Departments/REC-0773_Design_Freeze_Audit.md,REC-0773 — Design Freeze Audit,Archives
02_INSTITUTION/Departments/REC-0773_Design_Freeze_Audit.md,REC-0773 — Design Freeze Audit,Council
02_INSTITUTION/Departments/REC-0773_Design_Freeze_Audit.md,REC-0773 — Design Freeze Audit,Repository Standards
02_INSTITUTION/Departments/REC-0796_Engineering_Oath.md,REC-0796 — Engineering Oath,HQOS
02_INSTITUTION/Departments/REC-0796_Engineering_Oath.md,REC-0796 — Engineering Oath,Interface System
02_INSTITUTION/Departments/REC-0796_Engineering_Oath.md,REC-0796 — Engineering Oath,Archives
02_INSTITUTION/Departments/REC-0796_Engineering_Oath.md,REC-0796 — Engineering Oath,Master Index
02_INSTITUTION/Departments/REC-0797_PR_Founder_Review_Template.md,REC-0797 — PR Founder Review Template,HQOS
02_INSTITUTION/Departments/REC-0797_PR_Founder_Review_Template.md,REC-0797 — PR Founder Review Template,Interface System
02_INSTITUTION/Departments/REC-0797_PR_Founder_Review_Template.md,REC-0797 — PR Founder Review Template,Archives
02_INSTITUTION/Departments/REC-0797_PR_Founder_Review_Template.md,REC-0797 — PR Founder Review Template,Master Index
02_INSTITUTION/Departments/REC-0733_Department_Event_Bus.md,REC-0733 — Department Event Bus,HQOS
02_INSTITUTION/Departments/REC-0733_Department_Event_Bus.md,REC-0733 — Department Event Bus,Master Index
02_INSTITUTION/Departments/REC-0733_Department_Event_Bus.md,REC-0733 — Department Event Bus,Archives
02_INSTITUTION/Departments/REC-0733_Department_Event_Bus.md,REC-0733 — Department Event Bus,Council
02_INSTITUTION/Departments/REC-0733_Department_Event_Bus.md,REC-0733 — Department Event Bus,Repository Standards
02_INSTITUTION/Departments/REC-0625_Recognition_Office_Invisible_Victories.md,REC-0625 — Recognition Office Invisible Victories,HQOS Heartbeat
02_INSTITUTION/Departments/REC-0625_Recognition_Office_Invisible_Victories.md,REC-0625 — Recognition Office Invisible Victories,Archives
02_INSTITUTION/Departments/REC-0625_Recognition_Office_Invisible_Victories.md,REC-0625 — Recognition Office Invisible Victories,Night Operations
02_INSTITUTION/Departments/REC-0625_Recognition_Office_Invisible_Victories.md,REC-0625 — Recognition Office Invisible Victories,Rhythm Engine
02_INSTITUTION/Departments/REC-0680_Trust_Engine.md,REC-0680 — Trust Engine,HQOS
02_INSTITUTION/Departments/REC-0680_Trust_Engine.md,REC-0680 — Trust Engine,Mission State
02_INSTITUTION/Departments/REC-0680_Trust_Engine.md,REC-0680 — Trust Engine,Operator Model
02_INSTITUTION/Departments/REC-0680_Trust_Engine.md,REC-0680 — Trust Engine,Archives
02_INSTITUTION/Departments/REC-0681_Recommendation_Ledger.md,REC-0681 — Recommendation Ledger,HQOS
02_INSTITUTION/Departments/REC-0681_Recommendation_Ledger.md,REC-0681 — Recommendation Ledger,Mission State
02_INSTITUTION/Departments/REC-0681_Recommendation_Ledger.md,REC-0681 — Recommendation Ledger,Operator Model
02_INSTITUTION/Departments/REC-0681_Recommendation_Ledger.md,REC-0681 — Recommendation Ledger,Archives
02_INSTITUTION/Departments/REC-0682_Silence_Budget.md,REC-0682 — Silence Budget,HQOS
02_INSTITUTION/Departments/REC-0682_Silence_Budget.md,REC-0682 — Silence Budget,Mission State
02_INSTITUTION/Departments/REC-0682_Silence_Budget.md,REC-0682 — Silence Budget,Operator Model
02_INSTITUTION/Departments/REC-0682_Silence_Budget.md,REC-0682 — Silence Budget,Archives
02_INSTITUTION/Departments/REC-0683_One_Sentence_Rule.md,REC-0683 — One Sentence Rule,HQOS
02_INSTITUTION/Departments/REC-0683_One_Sentence_Rule.md,REC-0683 — One Sentence Rule,Mission State
02_INSTITUTION/Departments/REC-0683_One_Sentence_Rule.md,REC-0683 — One Sentence Rule,Operator Model
02_INSTITUTION/Departments/REC-0683_One_Sentence_Rule.md,REC-0683 — One Sentence Rule,Archives
02_INSTITUTION/Departments/REC-0711_Department_Bus_Priority_Levels.md,REC-0711 — Department Bus Priority Levels,HQOS
02_INSTITUTION/Departments/REC-0711_Department_Bus_Priority_Levels.md,REC-0711 — Department Bus Priority Levels,Master Index
02_INSTITUTION/Departments/REC-0711_Department_Bus_Priority_Levels.md,REC-0711 — Department Bus Priority Levels,Archives
02_INSTITUTION/Departments/REC-0711_Department_Bus_Priority_Levels.md,REC-0711 — Department Bus Priority Levels,Council
02_INSTITUTION/Departments/REC-0711_Department_Bus_Priority_Levels.md,REC-0711 — Department Bus Priority Levels,Repository Standards
02_INSTITUTION/Departments/REC-0712_Institutional_Consensus.md,REC-0712 — Institutional Consensus,HQOS
02_INSTITUTION/Departments/REC-0712_Institutional_Consensus.md,REC-0712 — Institutional Consensus,Master Index
02_INSTITUTION/Departments/REC-0712_Institutional_Consensus.md,REC-0712 — Institutional Consensus,Archives
02_INSTITUTION/Departments/REC-0712_Institutional_Consensus.md,REC-0712 — Institutional Consensus,Council
02_INSTITUTION/Departments/REC-0712_Institutional_Consensus.md,REC-0712 — Institutional Consensus,Repository Standards
02_INSTITUTION/Departments/REC-0611_Acting_Commander_States.md,REC-0611 — Acting Commander States,Operator Model
02_INSTITUTION/Departments/REC-0611_Acting_Commander_States.md,REC-0611 — Acting Commander States,Behavior Engine
02_INSTITUTION/Departments/REC-0611_Acting_Commander_States.md,REC-0611 — Acting Commander States,Mission State
02_INSTITUTION/Departments/REC-0611_Acting_Commander_States.md,REC-0611 — Acting Commander States,Guardian
02_INSTITUTION/Departments/REC-0611_Acting_Commander_States.md,REC-0611 — Acting Commander States,HQOS Event Bus
02_INSTITUTION/Departments/REC-0787_Institutional_Bell.md,REC-0787 — Institutional Bell,HQOS
02_INSTITUTION/Departments/REC-0787_Institutional_Bell.md,REC-0787 — Institutional Bell,Interface System
02_INSTITUTION/Departments/REC-0787_Institutional_Bell.md,REC-0787 — Institutional Bell,Archives
02_INSTITUTION/Departments/REC-0787_Institutional_Bell.md,REC-0787 — Institutional Bell,Master Index
02_INSTITUTION/Council/PH6-0028_Annual_Review_Council.md,PH6-0028 — Annual Review Council,HQOS Event Bus
02_INSTITUTION/Council/PH6-0028_Annual_Review_Council.md,PH6-0028 — Annual Review Council,Mission Lifecycle
02_INSTITUTION/Council/PH6-0028_Annual_Review_Council.md,PH6-0028 — Annual Review Council,Operator Model
02_INSTITUTION/Council/PH6-0028_Annual_Review_Council.md,PH6-0028 — Annual Review Council,Archives
02_INSTITUTION/Council/PH6-0028_Annual_Review_Council.md,PH6-0028 — Annual Review Council,Doctrine Library
02_INSTITUTION/Council/PH6-0028_Annual_Review_Council.md,PH6-0028 — Annual Review Council,Council Protocol
02_INSTITUTION/Council/PH6-0028_Annual_Review_Council.md,PH6-0028 — Annual Review Council,Evidence Confidence System
02_INSTITUTION/Council/REC-0721_Council_Chamber_Deliberation.md,REC-0721 — Council Chamber Deliberation,HQOS
02_INSTITUTION/Council/REC-0721_Council_Chamber_Deliberation.md,REC-0721 — Council Chamber Deliberation,Master Index
02_INSTITUTION/Council/REC-0721_Council_Chamber_Deliberation.md,REC-0721 — Council Chamber Deliberation,Archives
02_INSTITUTION/Council/REC-0721_Council_Chamber_Deliberation.md,REC-0721 — Council Chamber Deliberation,Council
02_INSTITUTION/Council/REC-0721_Council_Chamber_Deliberation.md,REC-0721 — Council Chamber Deliberation,Repository Standards
02_INSTITUTION/Council/REC-0742_Monthly_Council_Review.md,REC-0742 — Monthly Council Review,HQOS
02_INSTITUTION/Council/REC-0742_Monthly_Council_Review.md,REC-0742 — Monthly Council Review,Master Index
02_INSTITUTION/Council/REC-0742_Monthly_Council_Review.md,REC-0742 — Monthly Council Review,Archives
02_INSTITUTION/Council/REC-0742_Monthly_Council_Review.md,REC-0742 — Monthly Council Review,Council
02_INSTITUTION/Council/REC-0742_Monthly_Council_Review.md,REC-0742 — Monthly Council Review,Repository Standards
02_INSTITUTION/Protocols/PH5-0042_Guardian_Protocol_Level_II.md,PH5-0042 — Guardian Protocol Level II,HQOS State Engine
02_INSTITUTION/Protocols/PH5-0042_Guardian_Protocol_Level_II.md,PH5-0042 — Guardian Protocol Level II,Mission Lifecycle
02_INSTITUTION/Protocols/PH5-0042_Guardian_Protocol_Level_II.md,PH5-0042 — Guardian Protocol Level II,Operator Model
02_INSTITUTION/Protocols/PH5-0042_Guardian_Protocol_Level_II.md,PH5-0042 — Guardian Protocol Level II,Archives
02_INSTITUTION/Protocols/PH5-0042_Guardian_Protocol_Level_II.md,PH5-0042 — Guardian Protocol Level II,Doctrine Library
02_INSTITUTION/Protocols/PH5-0042_Guardian_Protocol_Level_II.md,PH5-0042 — Guardian Protocol Level II,Council Protocol
02_INSTITUTION/Protocols/PH5-0042_Guardian_Protocol_Level_II.md,PH5-0042 — Guardian Protocol Level II,Evidence Confidence System
02_INSTITUTION/Protocols/PH5-0057_Guardian_Protocol_Level_III.md,PH5-0057 — Guardian Protocol Level III,HQOS State Engine
02_INSTITUTION/Protocols/PH5-0057_Guardian_Protocol_Level_III.md,PH5-0057 — Guardian Protocol Level III,Mission Lifecycle
02_INSTITUTION/Protocols/PH5-0057_Guardian_Protocol_Level_III.md,PH5-0057 — Guardian Protocol Level III,Operator Model
02_INSTITUTION/Protocols/PH5-0057_Guardian_Protocol_Level_III.md,PH5-0057 — Guardian Protocol Level III,Archives
02_INSTITUTION/Protocols/PH5-0057_Guardian_Protocol_Level_III.md,PH5-0057 — Guardian Protocol Level III,Doctrine Library
02_INSTITUTION/Protocols/PH5-0057_Guardian_Protocol_Level_III.md,PH5-0057 — Guardian Protocol Level III,Council Protocol
02_INSTITUTION/Protocols/PH5-0057_Guardian_Protocol_Level_III.md,PH5-0057 — Guardian Protocol Level III,Evidence Confidence System
02_INSTITUTION/Protocols/PH5-0058_Golden_Week_Protocol.md,PH5-0058 — Golden Week Protocol,HQOS State Engine
02_INSTITUTION/Protocols/PH5-0058_Golden_Week_Protocol.md,PH5-0058 — Golden Week Protocol,Mission Lifecycle
02_INSTITUTION/Protocols/PH5-0058_Golden_Week_Protocol.md,PH5-0058 — Golden Week Protocol,Operator Model
02_INSTITUTION/Protocols/PH5-0058_Golden_Week_Protocol.md,PH5-0058 — Golden Week Protocol,Archives
02_INSTITUTION/Protocols/PH5-0058_Golden_Week_Protocol.md,PH5-0058 — Golden Week Protocol,Doctrine Library
02_INSTITUTION/Protocols/PH5-0058_Golden_Week_Protocol.md,PH5-0058 — Golden Week Protocol,Council Protocol
02_INSTITUTION/Protocols/PH5-0058_Golden_Week_Protocol.md,PH5-0058 — Golden Week Protocol,Evidence Confidence System
02_INSTITUTION/Protocols/PH6-0062_Last_Resort_Protocol.md,PH6-0062 — Last Resort Protocol,HQOS Event Bus
02_INSTITUTION/Protocols/PH6-0062_Last_Resort_Protocol.md,PH6-0062 — Last Resort Protocol,Mission Lifecycle
02_INSTITUTION/Protocols/PH6-0062_Last_Resort_Protocol.md,PH6-0062 — Last Resort Protocol,Operator Model
02_INSTITUTION/Protocols/PH6-0062_Last_Resort_Protocol.md,PH6-0062 — Last Resort Protocol,Archives
02_INSTITUTION/Protocols/PH6-0062_Last_Resort_Protocol.md,PH6-0062 — Last Resort Protocol,Doctrine Library
02_INSTITUTION/Protocols/PH6-0062_Last_Resort_Protocol.md,PH6-0062 — Last Resort Protocol,Council Protocol
02_INSTITUTION/Protocols/PH6-0062_Last_Resort_Protocol.md,PH6-0062 — Last Resort Protocol,Evidence Confidence System
01_CONSTITUTION/Culture/PH4-0010_Headquarters_Terminology_Replacement.md,PH4-0010 — Headquarters Terminology Replacement,HQOS State Engine
01_CONSTITUTION/Culture/PH4-0010_Headquarters_Terminology_Replacement.md,PH4-0010 — Headquarters Terminology Replacement,Mission Lifecycle
01_CONSTITUTION/Culture/PH4-0010_Headquarters_Terminology_Replacement.md,PH4-0010 — Headquarters Terminology Replacement,Operator Model
01_CONSTITUTION/Culture/PH4-0010_Headquarters_Terminology_Replacement.md,PH4-0010 — Headquarters Terminology Replacement,Archives
01_CONSTITUTION/Culture/PH4-0010_Headquarters_Terminology_Replacement.md,PH4-0010 — Headquarters Terminology Replacement,Doctrine Library
01_CONSTITUTION/Culture/PH4-0028_No_Accusation_Rule.md,PH4-0028 — No Accusation Rule,HQOS State Engine
01_CONSTITUTION/Culture/PH4-0028_No_Accusation_Rule.md,PH4-0028 — No Accusation Rule,Mission Lifecycle
01_CONSTITUTION/Culture/PH4-0028_No_Accusation_Rule.md,PH4-0028 — No Accusation Rule,Operator Model
01_CONSTITUTION/Culture/PH4-0028_No_Accusation_Rule.md,PH4-0028 — No Accusation Rule,Archives
01_CONSTITUTION/Culture/PH4-0028_No_Accusation_Rule.md,PH4-0028 — No Accusation Rule,Doctrine Library
01_CONSTITUTION/Culture/PH4-0044_Institutional_Language_Ban_List.md,PH4-0044 — Institutional Language Ban List,HQOS State Engine
01_CONSTITUTION/Culture/PH4-0044_Institutional_Language_Ban_List.md,PH4-0044 — Institutional Language Ban List,Mission Lifecycle
01_CONSTITUTION/Culture/PH4-0044_Institutional_Language_Ban_List.md,PH4-0044 — Institutional Language Ban List,Operator Model
01_CONSTITUTION/Culture/PH4-0044_Institutional_Language_Ban_List.md,PH4-0044 — Institutional Language Ban List,Archives
01_CONSTITUTION/Culture/PH4-0044_Institutional_Language_Ban_List.md,PH4-0044 — Institutional Language Ban List,Doctrine Library
01_CONSTITUTION/Culture/REC-0660_Headquarters_Culture.md,REC-0660 — Headquarters Culture,HQOS
01_CONSTITUTION/Culture/REC-0660_Headquarters_Culture.md,REC-0660 — Headquarters Culture,Mission State
01_CONSTITUTION/Culture/REC-0660_Headquarters_Culture.md,REC-0660 — Headquarters Culture,Operator Model
01_CONSTITUTION/Culture/REC-0660_Headquarters_Culture.md,REC-0660 — Headquarters Culture,Archives
01_CONSTITUTION/Culture/REC-0661_Headquarters_Covenant.md,REC-0661 — Headquarters Covenant,HQOS
01_CONSTITUTION/Culture/REC-0661_Headquarters_Covenant.md,REC-0661 — Headquarters Covenant,Mission State
01_CONSTITUTION/Culture/REC-0661_Headquarters_Covenant.md,REC-0661 — Headquarters Covenant,Operator Model
01_CONSTITUTION/Culture/REC-0661_Headquarters_Covenant.md,REC-0661 — Headquarters Covenant,Archives
01_CONSTITUTION/Principles/PH4-0001_Design_Constitution.md,PH4-0001 — Design Constitution,HQOS State Engine
01_CONSTITUTION/Principles/PH4-0001_Design_Constitution.md,PH4-0001 — Design Constitution,Mission Lifecycle
01_CONSTITUTION/Principles/PH4-0001_Design_Constitution.md,PH4-0001 — Design Constitution,Operator Model
01_CONSTITUTION/Principles/PH4-0001_Design_Constitution.md,PH4-0001 — Design Constitution,Archives
01_CONSTITUTION/Principles/PH4-0001_Design_Constitution.md,PH4-0001 — Design Constitution,Doctrine Library
01_CONSTITUTION/Principles/PH4-0003_Silence_Priority_Principle.md,PH4-0003 — Silence Priority Principle,HQOS State Engine
01_CONSTITUTION/Principles/PH4-0003_Silence_Priority_Principle.md,PH4-0003 — Silence Priority Principle,Mission Lifecycle
01_CONSTITUTION/Principles/PH4-0003_Silence_Priority_Principle.md,PH4-0003 — Silence Priority Principle,Operator Model
01_CONSTITUTION/Principles/PH4-0003_Silence_Priority_Principle.md,PH4-0003 — Silence Priority Principle,Archives
01_CONSTITUTION/Principles/PH4-0003_Silence_Priority_Principle.md,PH4-0003 — Silence Priority Principle,Doctrine Library
01_CONSTITUTION/Principles/PH4-0009_Attention_Respect_Law.md,PH4-0009 — Attention Respect Law,HQOS State Engine
01_CONSTITUTION/Principles/PH4-0009_Attention_Respect_Law.md,PH4-0009 — Attention Respect Law,Mission Lifecycle
01_CONSTITUTION/Principles/PH4-0009_Attention_Respect_Law.md,PH4-0009 — Attention Respect Law,Operator Model
01_CONSTITUTION/Principles/PH4-0009_Attention_Respect_Law.md,PH4-0009 — Attention Respect Law,Archives
01_CONSTITUTION/Principles/PH4-0009_Attention_Respect_Law.md,PH4-0009 — Attention Respect Law,Doctrine Library
01_CONSTITUTION/Principles/PH4-0019_Fictional_Institution_Real_Psychology.md,PH4-0019 — Fictional Institution Real Psychology,HQOS State Engine
01_CONSTITUTION/Principles/PH4-0019_Fictional_Institution_Real_Psychology.md,PH4-0019 — Fictional Institution Real Psychology,Mission Lifecycle
01_CONSTITUTION/Principles/PH4-0019_Fictional_Institution_Real_Psychology.md,PH4-0019 — Fictional Institution Real Psychology,Operator Model
01_CONSTITUTION/Principles/PH4-0019_Fictional_Institution_Real_Psychology.md,PH4-0019 — Fictional Institution Real Psychology,Archives
01_CONSTITUTION/Principles/PH4-0019_Fictional_Institution_Real_Psychology.md,PH4-0019 — Fictional Institution Real Psychology,Doctrine Library
01_CONSTITUTION/Principles/PH4-0034_Constitutional_Court.md,PH4-0034 — Constitutional Court,HQOS State Engine
01_CONSTITUTION/Principles/PH4-0034_Constitutional_Court.md,PH4-0034 — Constitutional Court,Mission Lifecycle
01_CONSTITUTION/Principles/PH4-0034_Constitutional_Court.md,PH4-0034 — Constitutional Court,Operator Model
01_CONSTITUTION/Principles/PH4-0034_Constitutional_Court.md,PH4-0034 — Constitutional Court,Archives
01_CONSTITUTION/Principles/PH4-0034_Constitutional_Court.md,PH4-0034 — Constitutional Court,Doctrine Library
01_CONSTITUTION/Principles/PH4-0039_Operator_Is_Never_Rushed.md,PH4-0039 — Operator Is Never Rushed,HQOS State Engine
01_CONSTITUTION/Principles/PH4-0039_Operator_Is_Never_Rushed.md,PH4-0039 — Operator Is Never Rushed,Mission Lifecycle
01_CONSTITUTION/Principles/PH4-0039_Operator_Is_Never_Rushed.md,PH4-0039 — Operator Is Never Rushed,Operator Model
01_CONSTITUTION/Principles/PH4-0039_Operator_Is_Never_Rushed.md,PH4-0039 — Operator Is Never Rushed,Archives
01_CONSTITUTION/Principles/PH4-0039_Operator_Is_Never_Rushed.md,PH4-0039 — Operator Is Never Rushed,Doctrine Library
01_CONSTITUTION/Principles/PH5-0009_Commander_Detects_Never_Predicts.md,PH5-0009 — Commander Detects Never Predicts,HQOS State Engine
01_CONSTITUTION/Principles/PH5-0009_Commander_Detects_Never_Predicts.md,PH5-0009 — Commander Detects Never Predicts,Mission Lifecycle
01_CONSTITUTION/Principles/PH5-0009_Commander_Detects_Never_Predicts.md,PH5-0009 — Commander Detects Never Predicts,Operator Model
01_CONSTITUTION/Principles/PH5-0009_Commander_Detects_Never_Predicts.md,PH5-0009 — Commander Detects Never Predicts,Archives
01_CONSTITUTION/Principles/PH5-0009_Commander_Detects_Never_Predicts.md,PH5-0009 — Commander Detects Never Predicts,Doctrine Library
01_CONSTITUTION/Principles/PH5-0046_AI_Purpose_Principle.md,PH5-0046 — AI Purpose Principle,HQOS State Engine
01_CONSTITUTION/Principles/PH5-0046_AI_Purpose_Principle.md,PH5-0046 — AI Purpose Principle,Mission Lifecycle
01_CONSTITUTION/Principles/PH5-0046_AI_Purpose_Principle.md,PH5-0046 — AI Purpose Principle,Operator Model
01_CONSTITUTION/Principles/PH5-0046_AI_Purpose_Principle.md,PH5-0046 — AI Purpose Principle,Archives
01_CONSTITUTION/Principles/PH5-0046_AI_Purpose_Principle.md,PH5-0046 — AI Purpose Principle,Doctrine Library
01_CONSTITUTION/Principles/PH5-0061_Career_Constitution.md,PH5-0061 — Career Constitution,HQOS State Engine
01_CONSTITUTION/Principles/PH5-0061_Career_Constitution.md,PH5-0061 — Career Constitution,Mission Lifecycle
01_CONSTITUTION/Principles/PH5-0061_Career_Constitution.md,PH5-0061 — Career Constitution,Operator Model
01_CONSTITUTION/Principles/PH5-0061_Career_Constitution.md,PH5-0061 — Career Constitution,Archives
01_CONSTITUTION/Principles/PH5-0061_Career_Constitution.md,PH5-0061 — Career Constitution,Doctrine Library
01_CONSTITUTION/Principles/PH5-0061_Career_Constitution.md,PH5-0061 — Career Constitution,Institutional Memory Core
01_CONSTITUTION/Principles/PH5-0061_Career_Constitution.md,PH5-0061 — Career Constitution,SQLite Archive Schema
01_CONSTITUTION/Principles/PH5-0080_Professional_Operating_Environment_Principle.md,PH5-0080 — Professional Operating Environment Principle,HQOS State Engine
01_CONSTITUTION/Principles/PH5-0080_Professional_Operating_Environment_Principle.md,PH5-0080 — Professional Operating Environment Principle,Mission Lifecycle
01_CONSTITUTION/Principles/PH5-0080_Professional_Operating_Environment_Principle.md,PH5-0080 — Professional Operating Environment Principle,Operator Model
01_CONSTITUTION/Principles/PH5-0080_Professional_Operating_Environment_Principle.md,PH5-0080 — Professional Operating Environment Principle,Archives
01_CONSTITUTION/Principles/PH5-0080_Professional_Operating_Environment_Principle.md,PH5-0080 — Professional Operating Environment Principle,Doctrine Library
01_CONSTITUTION/Principles/PH5-0081_Mission_Control_Comparison_Principle.md,PH5-0081 — Mission Control Comparison Principle,HQOS State Engine
01_CONSTITUTION/Principles/PH5-0081_Mission_Control_Comparison_Principle.md,PH5-0081 — Mission Control Comparison Principle,Mission Lifecycle
01_CONSTITUTION/Principles/PH5-0081_Mission_Control_Comparison_Principle.md,PH5-0081 — Mission Control Comparison Principle,Operator Model
01_CONSTITUTION/Principles/PH5-0081_Mission_Control_Comparison_Principle.md,PH5-0081 — Mission Control Comparison Principle,Archives
01_CONSTITUTION/Principles/PH5-0081_Mission_Control_Comparison_Principle.md,PH5-0081 — Mission Control Comparison Principle,Doctrine Library
01_CONSTITUTION/Principles/PH5-0089_Outcome_Separation_Rule.md,PH5-0089 — Outcome Separation Rule,HQOS State Engine
01_CONSTITUTION/Principles/PH5-0089_Outcome_Separation_Rule.md,PH5-0089 — Outcome Separation Rule,Mission Lifecycle
01_CONSTITUTION/Principles/PH5-0089_Outcome_Separation_Rule.md,PH5-0089 — Outcome Separation Rule,Operator Model
01_CONSTITUTION/Principles/PH5-0089_Outcome_Separation_Rule.md,PH5-0089 — Outcome Separation Rule,Archives
01_CONSTITUTION/Principles/PH5-0089_Outcome_Separation_Rule.md,PH5-0089 — Outcome Separation Rule,Doctrine Library
01_CONSTITUTION/Principles/PH6-0019_Professional_Paradox.md,PH6-0019 — Professional Paradox,HQOS Event Bus
01_CONSTITUTION/Principles/PH6-0019_Professional_Paradox.md,PH6-0019 — Professional Paradox,Mission Lifecycle
01_CONSTITUTION/Principles/PH6-0019_Professional_Paradox.md,PH6-0019 — Professional Paradox,Operator Model
01_CONSTITUTION/Principles/PH6-0019_Professional_Paradox.md,PH6-0019 — Professional Paradox,Archives
01_CONSTITUTION/Principles/PH6-0019_Professional_Paradox.md,PH6-0019 — Professional Paradox,Doctrine Library
01_CONSTITUTION/Principles/PH6-0019_Professional_Paradox.md,PH6-0019 — Professional Paradox,Council Protocol
01_CONSTITUTION/Principles/PH6-0019_Professional_Paradox.md,PH6-0019 — Professional Paradox,Evidence Confidence System
01_CONSTITUTION/Principles/PH6-0030_Headquarters_Axiom_Vote_For_Future.md,PH6-0030 — Headquarters Axiom Vote For Future,HQOS Event Bus
01_CONSTITUTION/Principles/PH6-0030_Headquarters_Axiom_Vote_For_Future.md,PH6-0030 — Headquarters Axiom Vote For Future,Mission Lifecycle
01_CONSTITUTION/Principles/PH6-0030_Headquarters_Axiom_Vote_For_Future.md,PH6-0030 — Headquarters Axiom Vote For Future,Operator Model
01_CONSTITUTION/Principles/PH6-0030_Headquarters_Axiom_Vote_For_Future.md,PH6-0030 — Headquarters Axiom Vote For Future,Archives
01_CONSTITUTION/Principles/PH6-0030_Headquarters_Axiom_Vote_For_Future.md,PH6-0030 — Headquarters Axiom Vote For Future,Doctrine Library
01_CONSTITUTION/Principles/PH6-0030_Headquarters_Axiom_Vote_For_Future.md,PH6-0030 — Headquarters Axiom Vote For Future,Council Protocol
01_CONSTITUTION/Principles/PH6-0030_Headquarters_Axiom_Vote_For_Future.md,PH6-0030 — Headquarters Axiom Vote For Future,Evidence Confidence System
01_CONSTITUTION/Principles/PH6-0032_Headquarters_Manifesto.md,PH6-0032 — Headquarters Manifesto,HQOS Event Bus
01_CONSTITUTION/Principles/PH6-0032_Headquarters_Manifesto.md,PH6-0032 — Headquarters Manifesto,Mission Lifecycle
01_CONSTITUTION/Principles/PH6-0032_Headquarters_Manifesto.md,PH6-0032 — Headquarters Manifesto,Operator Model
01_CONSTITUTION/Principles/PH6-0032_Headquarters_Manifesto.md,PH6-0032 — Headquarters Manifesto,Archives
01_CONSTITUTION/Principles/PH6-0032_Headquarters_Manifesto.md,PH6-0032 — Headquarters Manifesto,Doctrine Library
01_CONSTITUTION/Principles/PH6-0032_Headquarters_Manifesto.md,PH6-0032 — Headquarters Manifesto,Council Protocol
01_CONSTITUTION/Principles/PH6-0032_Headquarters_Manifesto.md,PH6-0032 — Headquarters Manifesto,Evidence Confidence System
01_CONSTITUTION/Principles/PH6-0033_No_Manipulation_Law.md,PH6-0033 — No Manipulation Law,HQOS Event Bus
01_CONSTITUTION/Principles/PH6-0033_No_Manipulation_Law.md,PH6-0033 — No Manipulation Law,Mission Lifecycle
01_CONSTITUTION/Principles/PH6-0033_No_Manipulation_Law.md,PH6-0033 — No Manipulation Law,Operator Model
01_CONSTITUTION/Principles/PH6-0033_No_Manipulation_Law.md,PH6-0033 — No Manipulation Law,Archives
01_CONSTITUTION/Principles/PH6-0033_No_Manipulation_Law.md,PH6-0033 — No Manipulation Law,Doctrine Library
01_CONSTITUTION/Principles/PH6-0033_No_Manipulation_Law.md,PH6-0033 — No Manipulation Law,Council Protocol
01_CONSTITUTION/Principles/PH6-0033_No_Manipulation_Law.md,PH6-0033 — No Manipulation Law,Evidence Confidence System
01_CONSTITUTION/Principles/PH6-0034_No_Shame_Law.md,PH6-0034 — No Shame Law,HQOS Event Bus
01_CONSTITUTION/Principles/PH6-0034_No_Shame_Law.md,PH6-0034 — No Shame Law,Mission Lifecycle
01_CONSTITUTION/Principles/PH6-0034_No_Shame_Law.md,PH6-0034 — No Shame Law,Operator Model
01_CONSTITUTION/Principles/PH6-0034_No_Shame_Law.md,PH6-0034 — No Shame Law,Archives
01_CONSTITUTION/Principles/PH6-0034_No_Shame_Law.md,PH6-0034 — No Shame Law,Doctrine Library
01_CONSTITUTION/Principles/PH6-0034_No_Shame_Law.md,PH6-0034 — No Shame Law,Council Protocol
01_CONSTITUTION/Principles/PH6-0034_No_Shame_Law.md,PH6-0034 — No Shame Law,Evidence Confidence System
01_CONSTITUTION/Principles/PH6-0035_Respect_The_Operator_Law.md,PH6-0035 — Respect The Operator Law,HQOS Event Bus
01_CONSTITUTION/Principles/PH6-0035_Respect_The_Operator_Law.md,PH6-0035 — Respect The Operator Law,Mission Lifecycle
01_CONSTITUTION/Principles/PH6-0035_Respect_The_Operator_Law.md,PH6-0035 — Respect The Operator Law,Operator Model
01_CONSTITUTION/Principles/PH6-0035_Respect_The_Operator_Law.md,PH6-0035 — Respect The Operator Law,Archives
01_CONSTITUTION/Principles/PH6-0035_Respect_The_Operator_Law.md,PH6-0035 — Respect The Operator Law,Doctrine Library
01_CONSTITUTION/Principles/PH6-0035_Respect_The_Operator_Law.md,PH6-0035 — Respect The Operator Law,Council Protocol
01_CONSTITUTION/Principles/PH6-0035_Respect_The_Operator_Law.md,PH6-0035 — Respect The Operator Law,Evidence Confidence System
01_CONSTITUTION/Principles/PH6-0036_No_Money_Celebration_Law.md,PH6-0036 — No Money Celebration Law,HQOS Event Bus
01_CONSTITUTION/Principles/PH6-0036_No_Money_Celebration_Law.md,PH6-0036 — No Money Celebration Law,Mission Lifecycle
01_CONSTITUTION/Principles/PH6-0036_No_Money_Celebration_Law.md,PH6-0036 — No Money Celebration Law,Operator Model
01_CONSTITUTION/Principles/PH6-0036_No_Money_Celebration_Law.md,PH6-0036 — No Money Celebration Law,Archives
01_CONSTITUTION/Principles/PH6-0036_No_Money_Celebration_Law.md,PH6-0036 — No Money Celebration Law,Doctrine Library
01_CONSTITUTION/Principles/PH6-0036_No_Money_Celebration_Law.md,PH6-0036 — No Money Celebration Law,Council Protocol
01_CONSTITUTION/Principles/PH6-0036_No_Money_Celebration_Law.md,PH6-0036 — No Money Celebration Law,Evidence Confidence System
01_CONSTITUTION/Principles/PH6-0063_Principle_of_Command.md,PH6-0063 — Principle of Command,HQOS Event Bus
01_CONSTITUTION/Principles/PH6-0063_Principle_of_Command.md,PH6-0063 — Principle of Command,Mission Lifecycle
01_CONSTITUTION/Principles/PH6-0063_Principle_of_Command.md,PH6-0063 — Principle of Command,Operator Model
01_CONSTITUTION/Principles/PH6-0063_Principle_of_Command.md,PH6-0063 — Principle of Command,Archives
01_CONSTITUTION/Principles/PH6-0063_Principle_of_Command.md,PH6-0063 — Principle of Command,Doctrine Library
01_CONSTITUTION/Principles/PH6-0063_Principle_of_Command.md,PH6-0063 — Principle of Command,Council Protocol
01_CONSTITUTION/Principles/PH6-0063_Principle_of_Command.md,PH6-0063 — Principle of Command,Evidence Confidence System
01_CONSTITUTION/Principles/PH6-0087_Institutional_Memory_Principle.md,PH6-0087 — Institutional Memory Principle,HQOS Event Bus
01_CONSTITUTION/Principles/PH6-0087_Institutional_Memory_Principle.md,PH6-0087 — Institutional Memory Principle,Mission Lifecycle
01_CONSTITUTION/Principles/PH6-0087_Institutional_Memory_Principle.md,PH6-0087 — Institutional Memory Principle,Operator Model
01_CONSTITUTION/Principles/PH6-0087_Institutional_Memory_Principle.md,PH6-0087 — Institutional Memory Principle,Archives
01_CONSTITUTION/Principles/PH6-0087_Institutional_Memory_Principle.md,PH6-0087 — Institutional Memory Principle,Doctrine Library
01_CONSTITUTION/Principles/PH6-0087_Institutional_Memory_Principle.md,PH6-0087 — Institutional Memory Principle,Council Protocol
01_CONSTITUTION/Principles/PH6-0087_Institutional_Memory_Principle.md,PH6-0087 — Institutional Memory Principle,Evidence Confidence System
01_CONSTITUTION/Principles/PH6-0099_Memory_Capital_Principle.md,PH6-0099 — Memory Capital Principle,HQOS Event Bus
01_CONSTITUTION/Principles/PH6-0099_Memory_Capital_Principle.md,PH6-0099 — Memory Capital Principle,Mission Lifecycle
01_CONSTITUTION/Principles/PH6-0099_Memory_Capital_Principle.md,PH6-0099 — Memory Capital Principle,Operator Model
01_CONSTITUTION/Principles/PH6-0099_Memory_Capital_Principle.md,PH6-0099 — Memory Capital Principle,Archives
01_CONSTITUTION/Principles/PH6-0099_Memory_Capital_Principle.md,PH6-0099 — Memory Capital Principle,Doctrine Library
01_CONSTITUTION/Principles/PH6-0099_Memory_Capital_Principle.md,PH6-0099 — Memory Capital Principle,Council Protocol
01_CONSTITUTION/Principles/PH6-0099_Memory_Capital_Principle.md,PH6-0099 — Memory Capital Principle,Evidence Confidence System
01_CONSTITUTION/Principles/REC-0600_Headquarters_Manifesto.md,REC-0600 — Headquarters Manifesto,Repository README
01_CONSTITUTION/Principles/REC-0600_Headquarters_Manifesto.md,REC-0600 — Headquarters Manifesto,Engineering Commandments
01_CONSTITUTION/Principles/REC-0600_Headquarters_Manifesto.md,REC-0600 — Headquarters Manifesto,Rule of Elegance
01_CONSTITUTION/Principles/REC-0602_Command_Chair_Test.md,REC-0602 — Command Chair Test,Professional Joe
01_CONSTITUTION/Principles/REC-0602_Command_Chair_Test.md,REC-0602 — Command Chair Test,Command Chair
01_CONSTITUTION/Principles/REC-0602_Command_Chair_Test.md,REC-0602 — Command Chair Test,Rule of Elegance
01_CONSTITUTION/Principles/REC-0662_Four_Pillars_Truth_Discipline_Responsibility_Improvement.md,REC-0662 — Four Pillars Truth Discipline Responsibility Improvement,HQOS
01_CONSTITUTION/Principles/REC-0662_Four_Pillars_Truth_Discipline_Responsibility_Improvement.md,REC-0662 — Four Pillars Truth Discipline Responsibility Improvement,Mission State
01_CONSTITUTION/Principles/REC-0662_Four_Pillars_Truth_Discipline_Responsibility_Improvement.md,REC-0662 — Four Pillars Truth Discipline Responsibility Improvement,Operator Model
01_CONSTITUTION/Principles/REC-0662_Four_Pillars_Truth_Discipline_Responsibility_Improvement.md,REC-0662 — Four Pillars Truth Discipline Responsibility Improvement,Archives
01_CONSTITUTION/Principles/REC-0799_Broker_Independence_Principle.md,REC-0799 — Broker Independence Principle,HQOS
01_CONSTITUTION/Principles/REC-0799_Broker_Independence_Principle.md,REC-0799 — Broker Independence Principle,Interface System
01_CONSTITUTION/Principles/REC-0799_Broker_Independence_Principle.md,REC-0799 — Broker Independence Principle,Archives
01_CONSTITUTION/Principles/REC-0799_Broker_Independence_Principle.md,REC-0799 — Broker Independence Principle,Master Index
01_CONSTITUTION/Principles/REC-0761_Constitutional_Amendments.md,REC-0761 — Constitutional Amendments,HQOS
01_CONSTITUTION/Principles/REC-0761_Constitutional_Amendments.md,REC-0761 — Constitutional Amendments,Master Index
01_CONSTITUTION/Principles/REC-0761_Constitutional_Amendments.md,REC-0761 — Constitutional Amendments,Archives
01_CONSTITUTION/Principles/REC-0761_Constitutional_Amendments.md,REC-0761 — Constitutional Amendments,Council
01_CONSTITUTION/Principles/REC-0761_Constitutional_Amendments.md,REC-0761 — Constitutional Amendments,Repository Standards
01_CONSTITUTION/Rule_Of_Elegance/REC-0750_Rule_of_Elegance.md,REC-0750 — Rule of Elegance,HQOS
01_CONSTITUTION/Rule_Of_Elegance/REC-0750_Rule_of_Elegance.md,REC-0750 — Rule of Elegance,Master Index
01_CONSTITUTION/Rule_Of_Elegance/REC-0750_Rule_of_Elegance.md,REC-0750 — Rule of Elegance,Archives
01_CONSTITUTION/Rule_Of_Elegance/REC-0750_Rule_of_Elegance.md,REC-0750 — Rule of Elegance,Council
01_CONSTITUTION/Rule_Of_Elegance/REC-0750_Rule_of_Elegance.md,REC-0750 — Rule of Elegance,Repository Standards
01_CONSTITUTION/Rule_Of_Elegance/REC-0751_Five_Gates_Feature_Review.md,REC-0751 — Five Gates Feature Review,HQOS
01_CONSTITUTION/Rule_Of_Elegance/REC-0751_Five_Gates_Feature_Review.md,REC-0751 — Five Gates Feature Review,Master Index
01_CONSTITUTION/Rule_Of_Elegance/REC-0751_Five_Gates_Feature_Review.md,REC-0751 — Five Gates Feature Review,Archives
01_CONSTITUTION/Rule_Of_Elegance/REC-0751_Five_Gates_Feature_Review.md,REC-0751 — Five Gates Feature Review,Council
01_CONSTITUTION/Rule_Of_Elegance/REC-0751_Five_Gates_Feature_Review.md,REC-0751 — Five Gates Feature Review,Repository Standards
01_CONSTITUTION/Rule_Of_Elegance/REC-0752_Anti_Feature_List.md,REC-0752 — Anti Feature List,HQOS
01_CONSTITUTION/Rule_Of_Elegance/REC-0752_Anti_Feature_List.md,REC-0752 — Anti Feature List,Master Index
01_CONSTITUTION/Rule_Of_Elegance/REC-0752_Anti_Feature_List.md,REC-0752 — Anti Feature List,Archives
01_CONSTITUTION/Rule_Of_Elegance/REC-0752_Anti_Feature_List.md,REC-0752 — Anti Feature List,Council
01_CONSTITUTION/Rule_Of_Elegance/REC-0752_Anti_Feature_List.md,REC-0752 — Anti Feature List,Repository Standards
