filename,count,paths
academy.md,3,HDR/11_ACADEMY/Academy.md | HDR/03_BUILDING/Rooms/Academy.md | HDR/02_INSTITUTION/Departments/Academy.md
archives.md,2,HDR/08_ARCHIVES/Archives.md | HDR/03_BUILDING/Rooms/Archives.md
ghost.md,2,HDR/06_INTELLIGENCE/Ghost.md | HDR/02_INSTITUTION/Departments/Ghost.md
ph0-0001_decision_operating_system_identity.md,2,HDR/99_MIGRATION_ARCHIVE/13_PHASE_RECOVERY_ARCHIVE/Phase_00_to_01/PH0-0001_Decision_Operating_System_Identity.md | HDR/01_CONSTITUTION/Principles/PH0-0001_Decision_Operating_System_Identity.md
ph0-0002_chief_risk_officer_mission.md,2,HDR/99_MIGRATION_ARCHIVE/13_PHASE_RECOVERY_ARCHIVE/Phase_00_to_01/PH0-0002_Chief_Risk_Officer_Mission.md | HDR/02_INSTITUTION/Departments/PH0-0002_Chief_Risk_Officer_Mission.md
ph0-0003_tradingview_after_authorization_principle.md,2,HDR/99_MIGRATION_ARCHIVE/13_PHASE_RECOVERY_ARCHIVE/Phase_00_to_01/PH0-0003_TradingView_After_Authorization_Principle.md | HDR/01_CONSTITUTION/Principles/PH0-0003_TradingView_After_Authorization_Principle.md
ph0-0004_operational_readiness_score.md,2,HDR/99_MIGRATION_ARCHIVE/13_PHASE_RECOVERY_ARCHIVE/Phase_00_to_01/PH0-0004_Operational_Readiness_Score.md | HDR/04_OPERATOR/Behavioral_Systems/PH0-0004_Operational_Readiness_Score.md
ph0-0005_mission_integrity_score.md,2,HDR/99_MIGRATION_ARCHIVE/13_PHASE_RECOVERY_ARCHIVE/Phase_00_to_01/PH0-0005_Mission_Integrity_Score.md | HDR/04_OPERATOR/Behavioral_Systems/PH0-0005_Mission_Integrity_Score.md
ph0-0006_threat_level_system.md,2,HDR/99_MIGRATION_ARCHIVE/13_PHASE_RECOVERY_ARCHIVE/Phase_00_to_01/PH0-0006_Threat_Level_System.md | HDR/02_INSTITUTION/Departments/PH0-0006_Threat_Level_System.md
ph0-0007_execution_xp.md,2,HDR/99_MIGRATION_ARCHIVE/13_PHASE_RECOVERY_ARCHIVE/Phase_00_to_01/PH0-0007_Execution_XP.md | HDR/04_OPERATOR/Behavioral_Systems/PH0-0007_Execution_XP.md
ph0-0008_account_killer_score.md,2,HDR/99_MIGRATION_ARCHIVE/13_PHASE_RECOVERY_ARCHIVE/Phase_00_to_01/PH0-0008_Account_Killer_Score.md | HDR/02_INSTITUTION/Departments/PH0-0008_Account_Killer_Score.md
ph0-0009_edge_quality_score.md,2,HDR/99_MIGRATION_ARCHIVE/13_PHASE_RECOVERY_ARCHIVE/Phase_00_to_01/PH0-0009_Edge_Quality_Score.md | HDR/05_OPERATIONS/Authorization/PH0-0009_Edge_Quality_Score.md
ph0-0010_outcome_vs_execution_separation.md,2,HDR/99_MIGRATION_ARCHIVE/13_PHASE_RECOVERY_ARCHIVE/Phase_00_to_01/PH0-0010_Outcome_vs_Execution_Separation.md | HDR/10_ENGINEERING/Architecture/PH0-0010_Outcome_vs_Execution_Separation.md
ph0-0011_mission_state_machine.md,2,HDR/99_MIGRATION_ARCHIVE/13_PHASE_RECOVERY_ARCHIVE/Phase_00_to_01/PH0-0011_Mission_State_Machine.md | HDR/05_OPERATIONS/Mission_Lifecycle/PH0-0011_Mission_State_Machine.md
ph0-0012_mission_history_not_trade_history.md,2,HDR/99_MIGRATION_ARCHIVE/13_PHASE_RECOVERY_ARCHIVE/Phase_00_to_01/PH0-0012_Mission_History_Not_Trade_History.md | HDR/05_OPERATIONS/Mission_Lifecycle/PH0-0012_Mission_History_Not_Trade_History.md
ph0-0013_operation_codename_generator.md,2,HDR/99_MIGRATION_ARCHIVE/13_PHASE_RECOVERY_ARCHIVE/Phase_00_to_01/PH0-0013_Operation_Codename_Generator.md | HDR/10_ENGINEERING/Architecture/PH0-0013_Operation_Codename_Generator.md
ph0-0014_learning_loop_weekly_review.md,2,HDR/99_MIGRATION_ARCHIVE/13_PHASE_RECOVERY_ARCHIVE/Phase_00_to_01/PH0-0014_Learning_Loop_Weekly_Review.md | HDR/11_ACADEMY/Training_Protocols/PH0-0014_Learning_Loop_Weekly_Review.md
ph1-0015_sop_versioning.md,2,HDR/99_MIGRATION_ARCHIVE/13_PHASE_RECOVERY_ARCHIVE/Phase_01_to_02/PH1-0015_SOP_Versioning.md | HDR/08_ARCHIVES/Doctrine/PH1-0015_SOP_Versioning.md
ph1-0016_rule_provenance.md,2,HDR/99_MIGRATION_ARCHIVE/13_PHASE_RECOVERY_ARCHIVE/Phase_01_to_02/PH1-0016_Rule_Provenance.md | HDR/08_ARCHIVES/Doctrine/PH1-0016_Rule_Provenance.md
ph1-0017_rule_book_living_operations_manual.md,2,HDR/99_MIGRATION_ARCHIVE/13_PHASE_RECOVERY_ARCHIVE/Phase_01_to_02/PH1-0017_Rule_Book_Living_Operations_Manual.md | HDR/08_ARCHIVES/Doctrine/PH1-0017_Rule_Book_Living_Operations_Manual.md
ph2-0001_cold_boot_sequence.md,2,HDR/99_MIGRATION_ARCHIVE/13_PHASE_RECOVERY_ARCHIVE/Phase_01_to_02/Immersion/PH2-0001_Cold_Boot_Sequence.md | HDR/07_HQOS/Kernel/PH2-0001_Cold_Boot_Sequence.md
ph2-0001_four_command_structure.md,2,HDR/99_MIGRATION_ARCHIVE/13_PHASE_RECOVERY_ARCHIVE/Phase_02_to_03/PH2-0001_Four_Command_Structure.md | HDR/02_INSTITUTION/Departments/PH2-0001_Four_Command_Structure.md
ph2-0002_commander_strategic_role.md,2,HDR/99_MIGRATION_ARCHIVE/13_PHASE_RECOVERY_ARCHIVE/Phase_02_to_03/PH2-0002_Commander_Strategic_Role.md | HDR/02_INSTITUTION/Departments/PH2-0002_Commander_Strategic_Role.md
ph2-0002_operator_identity_file.md,2,HDR/99_MIGRATION_ARCHIVE/13_PHASE_RECOVERY_ARCHIVE/Phase_01_to_02/Immersion/PH2-0002_Operator_Identity_File.md | HDR/04_OPERATOR/Identity/PH2-0002_Operator_Identity_File.md
ph2-0003_operations_officer_procedural_role.md,2,HDR/99_MIGRATION_ARCHIVE/13_PHASE_RECOVERY_ARCHIVE/Phase_02_to_03/PH2-0003_Operations_Officer_Procedural_Role.md | HDR/02_INSTITUTION/Departments/PH2-0003_Operations_Officer_Procedural_Role.md
ph2-0003_theater_system.md,2,HDR/99_MIGRATION_ARCHIVE/13_PHASE_RECOVERY_ARCHIVE/Phase_01_to_02/Immersion/PH2-0003_Theater_System.md | HDR/10_ENGINEERING/Architecture/PH2-0003_Theater_System.md
ph2-0004_intelligence_officer_pattern_role.md,2,HDR/99_MIGRATION_ARCHIVE/13_PHASE_RECOVERY_ARCHIVE/Phase_02_to_03/PH2-0004_Intelligence_Officer_Pattern_Role.md | HDR/02_INSTITUTION/Departments/PH2-0004_Intelligence_Officer_Pattern_Role.md
ph2-0004_tactical_silence.md,2,HDR/99_MIGRATION_ARCHIVE/13_PHASE_RECOVERY_ARCHIVE/Phase_01_to_02/Immersion/PH2-0004_Tactical_Silence.md | HDR/10_ENGINEERING/Architecture/PH2-0004_Tactical_Silence.md
ph2-0005_background_state_changes.md,2,HDR/99_MIGRATION_ARCHIVE/13_PHASE_RECOVERY_ARCHIVE/Phase_01_to_02/Immersion/PH2-0005_Background_State_Changes.md | HDR/10_ENGINEERING/Architecture/PH2-0005_Background_State_Changes.md
ph2-0005_medical_officer_recovery_role.md,2,HDR/99_MIGRATION_ARCHIVE/13_PHASE_RECOVERY_ARCHIVE/Phase_02_to_03/PH2-0005_Medical_Officer_Recovery_Role.md | HDR/02_INSTITUTION/Departments/PH2-0005_Medical_Officer_Recovery_Role.md
ph2-0006_historian_memory_role.md,2,HDR/99_MIGRATION_ARCHIVE/13_PHASE_RECOVERY_ARCHIVE/Phase_02_to_03/PH2-0006_Historian_Memory_Role.md | HDR/02_INSTITUTION/Departments/PH2-0006_Historian_Memory_Role.md
ph2-0007_archives_structure.md,2,HDR/99_MIGRATION_ARCHIVE/13_PHASE_RECOVERY_ARCHIVE/Phase_02_to_03/PH2-0007_Archives_Structure.md | HDR/08_ARCHIVES/Memory_Objects/PH2-0007_Archives_Structure.md
ph2-0007_secure_door_transition.md,2,HDR/99_MIGRATION_ARCHIVE/13_PHASE_RECOVERY_ARCHIVE/Phase_01_to_02/Immersion/PH2-0007_Secure_Door_Transition.md | HDR/03_BUILDING/Rooms/PH2-0007_Secure_Door_Transition.md
ph2-0008_commander_voice_profile.md,2,HDR/99_MIGRATION_ARCHIVE/13_PHASE_RECOVERY_ARCHIVE/Phase_01_to_02/Immersion/PH2-0008_Commander_Voice_Profile.md | HDR/02_INSTITUTION/Departments/PH2-0008_Commander_Voice_Profile.md
ph2-0008_dispatches_instead_of_notifications.md,2,HDR/99_MIGRATION_ARCHIVE/13_PHASE_RECOVERY_ARCHIVE/Phase_02_to_03/PH2-0008_Dispatches_Instead_of_Notifications.md | HDR/09_INTERFACE/Screens/PH2-0008_Dispatches_Instead_of_Notifications.md
ph2-0009_mission_report.md,2,HDR/99_MIGRATION_ARCHIVE/13_PHASE_RECOVERY_ARCHIVE/Phase_02_to_03/PH2-0009_Mission_Report.md | HDR/05_OPERATIONS/Mission_Lifecycle/PH2-0009_Mission_Report.md
ph2-0009_operations_officer_voice_profile.md,2,HDR/99_MIGRATION_ARCHIVE/13_PHASE_RECOVERY_ARCHIVE/Phase_01_to_02/Immersion/PH2-0009_Operations_Officer_Voice_Profile.md | HDR/02_INSTITUTION/Departments/PH2-0009_Operations_Officer_Voice_Profile.md
ph2-0010_commander_message_rarity.md,2,HDR/99_MIGRATION_ARCHIVE/13_PHASE_RECOVERY_ARCHIVE/Phase_01_to_02/Immersion/PH2-0010_Commander_Message_Rarity.md | HDR/02_INSTITUTION/Departments/PH2-0010_Commander_Message_Rarity.md
ph2-0011_dynamic_doctrine_retirement.md,2,HDR/99_MIGRATION_ARCHIVE/13_PHASE_RECOVERY_ARCHIVE/Phase_02_to_03/PH2-0011_Dynamic_Doctrine_Retirement.md | HDR/08_ARCHIVES/Doctrine/PH2-0011_Dynamic_Doctrine_Retirement.md
ph2-0011_mirror_room.md,2,HDR/99_MIGRATION_ARCHIVE/13_PHASE_RECOVERY_ARCHIVE/Phase_01_to_02/Immersion/PH2-0011_Mirror_Room.md | HDR/03_BUILDING/Rooms/PH2-0011_Mirror_Room.md
ph2-0012_airlock_countdown.md,2,HDR/99_MIGRATION_ARCHIVE/13_PHASE_RECOVERY_ARCHIVE/Phase_01_to_02/Immersion/PH2-0012_Airlock_Countdown.md | HDR/06_INTELLIGENCE/Behavior_Analysis/PH2-0012_Airlock_Countdown.md
ph2-0012_preserve_professional_joe_mission.md,2,HDR/99_MIGRATION_ARCHIVE/13_PHASE_RECOVERY_ARCHIVE/Phase_02_to_03/PH2-0012_Preserve_Professional_Joe_Mission.md | HDR/01_CONSTITUTION/Principles/PH2-0012_Preserve_Professional_Joe_Mission.md
ph2-0013_daily_operator_oath.md,2,HDR/99_MIGRATION_ARCHIVE/13_PHASE_RECOVERY_ARCHIVE/Phase_01_to_02/Immersion/PH2-0013_Daily_Operator_Oath.md | HDR/04_OPERATOR/Behavioral_Systems/PH2-0013_Daily_Operator_Oath.md
ph2-0013_headquarters_has_weight.md,2,HDR/99_MIGRATION_ARCHIVE/13_PHASE_RECOVERY_ARCHIVE/Phase_02_to_03/PH2-0013_Headquarters_Has_Weight.md | HDR/10_ENGINEERING/Architecture/PH2-0013_Headquarters_Has_Weight.md
ph2-0014_headquarters_exists_without_you.md,2,HDR/99_MIGRATION_ARCHIVE/13_PHASE_RECOVERY_ARCHIVE/Phase_02_to_03/PH2-0014_Headquarters_Exists_Without_You.md | HDR/10_ENGINEERING/Architecture/PH2-0014_Headquarters_Exists_Without_You.md
ph2-0014_mission_clock.md,2,HDR/99_MIGRATION_ARCHIVE/13_PHASE_RECOVERY_ARCHIVE/Phase_01_to_02/Immersion/PH2-0014_Mission_Clock.md | HDR/05_OPERATIONS/Mission_Lifecycle/PH2-0014_Mission_Clock.md
ph2-0015_heartbeat_mode.md,2,HDR/99_MIGRATION_ARCHIVE/13_PHASE_RECOVERY_ARCHIVE/Phase_01_to_02/Immersion/PH2-0015_Heartbeat_Mode.md | HDR/03_BUILDING/Environmental_Systems/PH2-0015_Heartbeat_Mode.md
ph2-0015_shift_change_ritual.md,2,HDR/99_MIGRATION_ARCHIVE/13_PHASE_RECOVERY_ARCHIVE/Phase_02_to_03/PH2-0015_Shift_Change_Ritual.md | HDR/10_ENGINEERING/Architecture/PH2-0015_Shift_Change_Ritual.md
ph2-0016_situation_wall.md,2,HDR/99_MIGRATION_ARCHIVE/13_PHASE_RECOVERY_ARCHIVE/Phase_01_to_02/Immersion/PH2-0016_Situation_Wall.md | HDR/03_BUILDING/Rooms/PH2-0016_Situation_Wall.md
ph2-0016_watch_floor.md,2,HDR/99_MIGRATION_ARCHIVE/13_PHASE_RECOVERY_ARCHIVE/Phase_02_to_03/PH2-0016_Watch_Floor.md | HDR/03_BUILDING/Rooms/PH2-0016_Watch_Floor.md
ph2-0017_capital_deployment_language.md,2,HDR/99_MIGRATION_ARCHIVE/13_PHASE_RECOVERY_ARCHIVE/Phase_02_to_03/PH2-0017_Capital_Deployment_Language.md | HDR/05_OPERATIONS/Authorization/PH2-0017_Capital_Deployment_Language.md
ph2-0017_psychological_decompression.md,2,HDR/99_MIGRATION_ARCHIVE/13_PHASE_RECOVERY_ARCHIVE/Phase_01_to_02/Immersion/PH2-0017_Psychological_Decompression.md | HDR/10_ENGINEERING/Architecture/PH2-0017_Psychological_Decompression.md
ph2-0018_dynamic_headquarters_threat_atmosphere.md,2,HDR/99_MIGRATION_ARCHIVE/13_PHASE_RECOVERY_ARCHIVE/Phase_01_to_02/Immersion/PH2-0018_Dynamic_Headquarters_Threat_Atmosphere.md | HDR/10_ENGINEERING/Architecture/PH2-0018_Dynamic_Headquarters_Threat_Atmosphere.md
ph2-0018_mission_capital_terminology.md,2,HDR/99_MIGRATION_ARCHIVE/13_PHASE_RECOVERY_ARCHIVE/Phase_02_to_03/PH2-0018_Mission_Capital_Terminology.md | HDR/05_OPERATIONS/Mission_Lifecycle/PH2-0018_Mission_Capital_Terminology.md
ph2-0019_mission_patches.md,2,HDR/99_MIGRATION_ARCHIVE/13_PHASE_RECOVERY_ARCHIVE/Phase_01_to_02/Immersion/PH2-0019_Mission_Patches.md | HDR/05_OPERATIONS/Mission_Lifecycle/PH2-0019_Mission_Patches.md
ph2-0019_situation_clock.md,2,HDR/99_MIGRATION_ARCHIVE/13_PHASE_RECOVERY_ARCHIVE/Phase_02_to_03/PH2-0019_Situation_Clock.md | HDR/09_INTERFACE/Screens/PH2-0019_Situation_Clock.md
ph2-0020_hall_of_fallen_missions.md,2,HDR/99_MIGRATION_ARCHIVE/13_PHASE_RECOVERY_ARCHIVE/Phase_01_to_02/Immersion/PH2-0020_Hall_of_Fallen_Missions.md | HDR/03_BUILDING/Rooms/PH2-0020_Hall_of_Fallen_Missions.md
ph2-0020_operator_presence_detection.md,2,HDR/99_MIGRATION_ARCHIVE/13_PHASE_RECOVERY_ARCHIVE/Phase_02_to_03/PH2-0020_Operator_Presence_Detection.md | HDR/04_OPERATOR/Behavioral_Systems/PH2-0020_Operator_Presence_Detection.md
ph2-0021_environmental_psychology_state.md,2,HDR/99_MIGRATION_ARCHIVE/13_PHASE_RECOVERY_ARCHIVE/Phase_02_to_03/PH2-0021_Environmental_Psychology_State.md | HDR/03_BUILDING/Environmental_Systems/PH2-0021_Environmental_Psychology_State.md
ph2-0021_eternal_rules_wall.md,2,HDR/99_MIGRATION_ARCHIVE/13_PHASE_RECOVERY_ARCHIVE/Phase_01_to_02/Immersion/PH2-0021_Eternal_Rules_Wall.md | HDR/01_CONSTITUTION/Principles/PH2-0021_Eternal_Rules_Wall.md
ph2-0022_founder_oath.md,2,HDR/99_MIGRATION_ARCHIVE/13_PHASE_RECOVERY_ARCHIVE/Phase_01_to_02/Immersion/PH2-0022_Founder_Oath.md | HDR/12_LEGACY/Founder/PH2-0022_Founder_Oath.md
ph2-0022_headquarters_never_panics.md,2,HDR/99_MIGRATION_ARCHIVE/13_PHASE_RECOVERY_ARCHIVE/Phase_02_to_03/PH2-0022_Headquarters_Never_Panics.md | HDR/01_CONSTITUTION/Principles/PH2-0022_Headquarters_Never_Panics.md
ph2-0023_commander_career_memory.md,2,HDR/99_MIGRATION_ARCHIVE/13_PHASE_RECOVERY_ARCHIVE/Phase_01_to_02/Immersion/PH2-0023_Commander_Career_Memory.md | HDR/02_INSTITUTION/Departments/PH2-0023_Commander_Career_Memory.md
ph2-0023_tactical_corridor_doctrines.md,2,HDR/99_MIGRATION_ARCHIVE/13_PHASE_RECOVERY_ARCHIVE/Phase_02_to_03/PH2-0023_Tactical_Corridor_Doctrines.md | HDR/03_BUILDING/Rooms/PH2-0023_Tactical_Corridor_Doctrines.md
ph2-0024_headquarters_remembers_line.md,2,HDR/99_MIGRATION_ARCHIVE/13_PHASE_RECOVERY_ARCHIVE/Phase_01_to_02/Immersion/PH2-0024_Headquarters_Remembers_Line.md | HDR/01_CONSTITUTION/Culture/PH2-0024_Headquarters_Remembers_Line.md
ph2-0024_no_good_luck_rule.md,2,HDR/99_MIGRATION_ARCHIVE/13_PHASE_RECOVERY_ARCHIVE/Phase_02_to_03/PH2-0024_No_Good_Luck_Rule.md | HDR/10_ENGINEERING/Architecture/PH2-0024_No_Good_Luck_Rule.md
ph2-0025_cost_of_breaking_doctrine_display.md,2,HDR/99_MIGRATION_ARCHIVE/13_PHASE_RECOVERY_ARCHIVE/Phase_02_to_03/PH2-0025_Cost_of_Breaking_Doctrine_Display.md | HDR/08_ARCHIVES/Doctrine/PH2-0025_Cost_of_Breaking_Doctrine_Display.md
ph2-0025_founder_notes_and_questions.md,2,HDR/99_MIGRATION_ARCHIVE/13_PHASE_RECOVERY_ARCHIVE/Phase_01_to_02/Immersion/PH2-0025_Founder_Notes_and_Questions.md | HDR/12_LEGACY/Founder/PH2-0025_Founder_Notes_and_Questions.md
ph2-0026_no_market_prediction_law.md,2,HDR/99_MIGRATION_ARCHIVE/13_PHASE_RECOVERY_ARCHIVE/Phase_01_to_02/Immersion/PH2-0026_No_Market_Prediction_Law.md | HDR/01_CONSTITUTION/Principles/PH2-0026_No_Market_Prediction_Law.md
ph2-0026_operator_shadow.md,2,HDR/99_MIGRATION_ARCHIVE/13_PHASE_RECOVERY_ARCHIVE/Phase_02_to_03/PH2-0026_Operator_Shadow.md | HDR/04_OPERATOR/Behavioral_Systems/PH2-0026_Operator_Shadow.md
ph2-0027_morning_arrival_ritual.md,2,HDR/99_MIGRATION_ARCHIVE/13_PHASE_RECOVERY_ARCHIVE/Phase_02_to_03/PH2-0027_Morning_Arrival_Ritual.md | HDR/10_ENGINEERING/Architecture/PH2-0027_Morning_Arrival_Ritual.md
ph2-0028_mission_readiness_report.md,2,HDR/99_MIGRATION_ARCHIVE/13_PHASE_RECOVERY_ARCHIVE/Phase_02_to_03/PH2-0028_Mission_Readiness_Report.md | HDR/05_OPERATIONS/Mission_Lifecycle/PH2-0028_Mission_Readiness_Report.md
ph2-0029_deployment_ritual.md,2,HDR/99_MIGRATION_ARCHIVE/13_PHASE_RECOVERY_ARCHIVE/Phase_02_to_03/PH2-0029_Deployment_Ritual.md | HDR/05_OPERATIONS/Authorization/PH2-0029_Deployment_Ritual.md
ph2-0030_unconscious_tactical_breathing.md,2,HDR/99_MIGRATION_ARCHIVE/13_PHASE_RECOVERY_ARCHIVE/Phase_02_to_03/PH2-0030_Unconscious_Tactical_Breathing.md | HDR/03_BUILDING/Environmental_Systems/PH2-0030_Unconscious_Tactical_Breathing.md
ph2-0031_patience_acknowledgement.md,2,HDR/99_MIGRATION_ARCHIVE/13_PHASE_RECOVERY_ARCHIVE/Phase_02_to_03/PH2-0031_Patience_Acknowledgement.md | HDR/04_OPERATOR/Behavioral_Systems/PH2-0031_Patience_Acknowledgement.md
ph2-0032_discipline_ledger.md,2,HDR/99_MIGRATION_ARCHIVE/13_PHASE_RECOVERY_ARCHIVE/Phase_02_to_03/PH2-0032_Discipline_Ledger.md | HDR/10_ENGINEERING/Architecture/PH2-0032_Discipline_Ledger.md
ph2-0033_mission_temperature.md,2,HDR/99_MIGRATION_ARCHIVE/13_PHASE_RECOVERY_ARCHIVE/Phase_02_to_03/PH2-0033_Mission_Temperature.md | HDR/04_OPERATOR/Behavioral_Systems/PH2-0033_Mission_Temperature.md
ph2-0034_ready_chair_identity_question.md,2,HDR/99_MIGRATION_ARCHIVE/13_PHASE_RECOVERY_ARCHIVE/Phase_02_to_03/PH2-0034_Ready_Chair_Identity_Question.md | HDR/03_BUILDING/Symbolic_Objects/PH2-0034_Ready_Chair_Identity_Question.md
ph2-0035_future_operator.md,2,HDR/99_MIGRATION_ARCHIVE/13_PHASE_RECOVERY_ARCHIVE/Phase_02_to_03/PH2-0035_Future_Operator.md | HDR/04_OPERATOR/Identity/PH2-0035_Future_Operator.md
ph2-0036_legacy_scale.md,2,HDR/99_MIGRATION_ARCHIVE/13_PHASE_RECOVERY_ARCHIVE/Phase_02_to_03/PH2-0036_Legacy_Scale.md | HDR/12_LEGACY/Long_Term/PH2-0036_Legacy_Scale.md
ph2-0037_mission_seal.md,2,HDR/99_MIGRATION_ARCHIVE/13_PHASE_RECOVERY_ARCHIVE/Phase_02_to_03/PH2-0037_Mission_Seal.md | HDR/05_OPERATIONS/Mission_Lifecycle/PH2-0037_Mission_Seal.md
ph2-0038_courage_documented.md,2,HDR/99_MIGRATION_ARCHIVE/13_PHASE_RECOVERY_ARCHIVE/Phase_02_to_03/PH2-0038_Courage_Documented.md | HDR/10_ENGINEERING/Architecture/PH2-0038_Courage_Documented.md
ph2-0039_uphold_the_institution_question.md,2,HDR/99_MIGRATION_ARCHIVE/13_PHASE_RECOVERY_ARCHIVE/Phase_02_to_03/PH2-0039_Uphold_The_Institution_Question.md | HDR/02_INSTITUTION/Departments/PH2-0039_Uphold_The_Institution_Question.md
ph2-0040_founders_office_origin_plaque.md,2,HDR/99_MIGRATION_ARCHIVE/13_PHASE_RECOVERY_ARCHIVE/Phase_02_to_03/PH2-0040_Founders_Office_Origin_Plaque.md | HDR/03_BUILDING/Rooms/PH2-0040_Founders_Office_Origin_Plaque.md
ph2-0041_headquarters_preamble.md,2,HDR/99_MIGRATION_ARCHIVE/13_PHASE_RECOVERY_ARCHIVE/Phase_02_to_03/PH2-0041_Headquarters_Preamble.md | HDR/01_CONSTITUTION/Principles/PH2-0041_Headquarters_Preamble.md
ph2-0042_calm_reinforcement_messages.md,2,HDR/99_MIGRATION_ARCHIVE/13_PHASE_RECOVERY_ARCHIVE/Phase_02_to_03/PH2-0042_Calm_Reinforcement_Messages.md | HDR/06_INTELLIGENCE/Behavior_Analysis/PH2-0042_Calm_Reinforcement_Messages.md
ph2-0043_patience_meter_internal.md,2,HDR/99_MIGRATION_ARCHIVE/13_PHASE_RECOVERY_ARCHIVE/Phase_02_to_03/PH2-0043_Patience_Meter_Internal.md | HDR/04_OPERATOR/Behavioral_Systems/PH2-0043_Patience_Meter_Internal.md
ph2-0044_pulse_system.md,2,HDR/99_MIGRATION_ARCHIVE/13_PHASE_RECOVERY_ARCHIVE/Phase_02_to_03/PH2-0044_Pulse_System.md | HDR/10_ENGINEERING/Architecture/PH2-0044_Pulse_System.md
ph2-0045_synchronization_moment.md,2,HDR/99_MIGRATION_ARCHIVE/13_PHASE_RECOVERY_ARCHIVE/Phase_02_to_03/PH2-0045_Synchronization_Moment.md | HDR/10_ENGINEERING/Architecture/PH2-0045_Synchronization_Moment.md
ph2-0046_mission_friction.md,2,HDR/99_MIGRATION_ARCHIVE/13_PHASE_RECOVERY_ARCHIVE/Phase_02_to_03/PH2-0046_Mission_Friction.md | HDR/05_OPERATIONS/Mission_Lifecycle/PH2-0046_Mission_Friction.md
ph2-0047_reverse_countdown_override.md,2,HDR/99_MIGRATION_ARCHIVE/13_PHASE_RECOVERY_ARCHIVE/Phase_02_to_03/PH2-0047_Reverse_Countdown_Override.md | HDR/10_ENGINEERING/Architecture/PH2-0047_Reverse_Countdown_Override.md
ph2-0048_operational_tempo_detection.md,2,HDR/99_MIGRATION_ARCHIVE/13_PHASE_RECOVERY_ARCHIVE/Phase_02_to_03/PH2-0048_Operational_Tempo_Detection.md | HDR/04_OPERATOR/Behavioral_Systems/PH2-0048_Operational_Tempo_Detection.md
ph2-0049_environmental_drift.md,2,HDR/99_MIGRATION_ARCHIVE/13_PHASE_RECOVERY_ARCHIVE/Phase_02_to_03/PH2-0049_Environmental_Drift.md | HDR/03_BUILDING/Environmental_Systems/PH2-0049_Environmental_Drift.md
ph2-0050_welcome_home_return.md,2,HDR/99_MIGRATION_ARCHIVE/13_PHASE_RECOVERY_ARCHIVE/Phase_02_to_03/PH2-0050_Welcome_Home_Return.md | HDR/10_ENGINEERING/Architecture/PH2-0050_Welcome_Home_Return.md
ph2-0051_mission_bell.md,2,HDR/99_MIGRATION_ARCHIVE/13_PHASE_RECOVERY_ARCHIVE/Phase_02_to_03/PH2-0051_Mission_Bell.md | HDR/05_OPERATIONS/Ceremonies/PH2-0051_Mission_Bell.md
ph2-0052_quiet_victory_recognition.md,2,HDR/99_MIGRATION_ARCHIVE/13_PHASE_RECOVERY_ARCHIVE/Phase_02_to_03/PH2-0052_Quiet_Victory_Recognition.md | HDR/09_INTERFACE/Screens/PH2-0052_Quiet_Victory_Recognition.md
ph2-0053_silence_as_approval.md,2,HDR/99_MIGRATION_ARCHIVE/13_PHASE_RECOVERY_ARCHIVE/Phase_02_to_03/PH2-0053_Silence_As_Approval.md | HDR/10_ENGINEERING/Architecture/PH2-0053_Silence_As_Approval.md
ph2-0054_headquarters_as_nervous_system.md,2,HDR/99_MIGRATION_ARCHIVE/13_PHASE_RECOVERY_ARCHIVE/Phase_02_to_03/PH2-0054_Headquarters_As_Nervous_System.md | HDR/01_CONSTITUTION/Principles/PH2-0054_Headquarters_As_Nervous_System.md
ph2-0055_headquarters_established_splash.md,2,HDR/99_MIGRATION_ARCHIVE/13_PHASE_RECOVERY_ARCHIVE/Phase_02_to_03/PH2-0055_Headquarters_Established_Splash.md | HDR/09_INTERFACE/Screens/PH2-0055_Headquarters_Established_Splash.md
ph2-0056_founding_principles_wall.md,2,HDR/99_MIGRATION_ARCHIVE/13_PHASE_RECOVERY_ARCHIVE/Phase_02_to_03/PH2-0056_Founding_Principles_Wall.md | HDR/01_CONSTITUTION/Principles/PH2-0056_Founding_Principles_Wall.md
ph2-0057_founding_story.md,2,HDR/99_MIGRATION_ARCHIVE/13_PHASE_RECOVERY_ARCHIVE/Phase_02_to_03/PH2-0057_Founding_Story.md | HDR/12_LEGACY/Long_Term/PH2-0057_Founding_Story.md
ph2-0058_founder_wall_lost_accounts.md,2,HDR/99_MIGRATION_ARCHIVE/13_PHASE_RECOVERY_ARCHIVE/Phase_02_to_03/PH2-0058_Founder_Wall_Lost_Accounts.md | HDR/12_LEGACY/Founder/PH2-0058_Founder_Wall_Lost_Accounts.md
ph2-0059_eternal_flame.md,2,HDR/99_MIGRATION_ARCHIVE/13_PHASE_RECOVERY_ARCHIVE/Phase_02_to_03/PH2-0059_Eternal_Flame.md | HDR/03_BUILDING/Symbolic_Objects/PH2-0059_Eternal_Flame.md
ph2-0060_founders_oath.md,2,HDR/99_MIGRATION_ARCHIVE/13_PHASE_RECOVERY_ARCHIVE/Phase_02_to_03/PH2-0060_Founders_Oath.md | HDR/12_LEGACY/Founder/PH2-0060_Founders_Oath.md
ph2-0061_commander_never_says_goodbye.md,2,HDR/99_MIGRATION_ARCHIVE/13_PHASE_RECOVERY_ARCHIVE/Phase_02_to_03/PH2-0061_Commander_Never_Says_Goodbye.md | HDR/02_INSTITUTION/Departments/PH2-0061_Commander_Never_Says_Goodbye.md
ph2-0062_night_watch.md,2,HDR/99_MIGRATION_ARCHIVE/13_PHASE_RECOVERY_ARCHIVE/Phase_02_to_03/PH2-0062_Night_Watch.md | HDR/10_ENGINEERING/Architecture/PH2-0062_Night_Watch.md
ph2-0063_doctrine_not_editable_during_combat.md,2,HDR/99_MIGRATION_ARCHIVE/13_PHASE_RECOVERY_ARCHIVE/Phase_02_to_03/PH2-0063_Doctrine_Not_Editable_During_Combat.md | HDR/08_ARCHIVES/Doctrine/PH2-0063_Doctrine_Not_Editable_During_Combat.md
ph2-0064_negotiation_detection.md,2,HDR/99_MIGRATION_ARCHIVE/13_PHASE_RECOVERY_ARCHIVE/Phase_02_to_03/PH2-0064_Negotiation_Detection.md | HDR/04_OPERATOR/Behavioral_Systems/PH2-0064_Negotiation_Detection.md
ph2-0065_internal_tribunal.md,2,HDR/99_MIGRATION_ARCHIVE/13_PHASE_RECOVERY_ARCHIVE/Phase_02_to_03/PH2-0065_Internal_Tribunal.md | HDR/02_INSTITUTION/Departments/PH2-0065_Internal_Tribunal.md
ph2-0066_we_do_not_repeat_expensive_lessons.md,2,HDR/99_MIGRATION_ARCHIVE/13_PHASE_RECOVERY_ARCHIVE/Phase_02_to_03/PH2-0066_We_Do_Not_Repeat_Expensive_Lessons.md | HDR/08_ARCHIVES/Doctrine/PH2-0066_We_Do_Not_Repeat_Expensive_Lessons.md
ph2-0067_institutional_trust.md,2,HDR/99_MIGRATION_ARCHIVE/13_PHASE_RECOVERY_ARCHIVE/Phase_02_to_03/PH2-0067_Institutional_Trust.md | HDR/02_INSTITUTION/Departments/PH2-0067_Institutional_Trust.md
ph2-0068_professionalism_standards_entrance.md,2,HDR/99_MIGRATION_ARCHIVE/13_PHASE_RECOVERY_ARCHIVE/Phase_02_to_03/PH2-0068_Professionalism_Standards_Entrance.md | HDR/01_CONSTITUTION/Culture/PH2-0068_Professionalism_Standards_Entrance.md
ph2-0069_entrance_hall_crest_and_motto.md,2,HDR/99_MIGRATION_ARCHIVE/13_PHASE_RECOVERY_ARCHIVE/Phase_02_to_03/PH2-0069_Entrance_Hall_Crest_And_Motto.md | HDR/03_BUILDING/Symbolic_Objects/PH2-0069_Entrance_Hall_Crest_And_Motto.md
ph2-0070_headquarters_crest_quadrants.md,2,HDR/99_MIGRATION_ARCHIVE/13_PHASE_RECOVERY_ARCHIVE/Phase_02_to_03/PH2-0070_Headquarters_Crest_Quadrants.md | HDR/10_ENGINEERING/Architecture/PH2-0070_Headquarters_Crest_Quadrants.md
ph2-0071_latin_motto_options.md,2,HDR/99_MIGRATION_ARCHIVE/13_PHASE_RECOVERY_ARCHIVE/Phase_02_to_03/PH2-0071_Latin_Motto_Options.md | HDR/10_ENGINEERING/Architecture/PH2-0071_Latin_Motto_Options.md
ph2-0072_headquarters_standards.md,2,HDR/99_MIGRATION_ARCHIVE/13_PHASE_RECOVERY_ARCHIVE/Phase_02_to_03/PH2-0072_Headquarters_Standards.md | HDR/01_CONSTITUTION/Culture/PH2-0072_Headquarters_Standards.md
ph2-0073_headquarters_library.md,2,HDR/99_MIGRATION_ARCHIVE/13_PHASE_RECOVERY_ARCHIVE/Phase_02_to_03/PH2-0073_Headquarters_Library.md | HDR/08_ARCHIVES/Memory_Objects/PH2-0073_Headquarters_Library.md
ph2-0074_doctrine_printer.md,2,HDR/99_MIGRATION_ARCHIVE/13_PHASE_RECOVERY_ARCHIVE/Phase_02_to_03/PH2-0074_Doctrine_Printer.md | HDR/08_ARCHIVES/Doctrine/PH2-0074_Doctrine_Printer.md
ph2-0075_headquarters_seasons.md,2,HDR/99_MIGRATION_ARCHIVE/13_PHASE_RECOVERY_ARCHIVE/Phase_02_to_03/PH2-0075_Headquarters_Seasons.md | HDR/10_ENGINEERING/Architecture/PH2-0075_Headquarters_Seasons.md
ph2-0076_observatory_strategic_room.md,2,HDR/99_MIGRATION_ARCHIVE/13_PHASE_RECOVERY_ARCHIVE/Phase_02_to_03/PH2-0076_Observatory_Strategic_Room.md | HDR/03_BUILDING/Rooms/PH2-0076_Observatory_Strategic_Room.md
ph2-0077_institutional_calendar.md,2,HDR/99_MIGRATION_ARCHIVE/13_PHASE_RECOVERY_ARCHIVE/Phase_02_to_03/PH2-0077_Institutional_Calendar.md | HDR/02_INSTITUTION/Departments/PH2-0077_Institutional_Calendar.md
ph2-0078_empty_chair.md,2,HDR/99_MIGRATION_ARCHIVE/13_PHASE_RECOVERY_ARCHIVE/Phase_02_to_03/PH2-0078_Empty_Chair.md | HDR/03_BUILDING/Symbolic_Objects/PH2-0078_Empty_Chair.md
ph2-0079_habit_retirement_ceremony.md,2,HDR/99_MIGRATION_ARCHIVE/13_PHASE_RECOVERY_ARCHIVE/Phase_02_to_03/PH2-0079_Habit_Retirement_Ceremony.md | HDR/10_ENGINEERING/Architecture/PH2-0079_Habit_Retirement_Ceremony.md
ph2-0080_enemy_intelligence_board.md,2,HDR/99_MIGRATION_ARCHIVE/13_PHASE_RECOVERY_ARCHIVE/Phase_02_to_03/PH2-0080_Enemy_Intelligence_Board.md | HDR/06_INTELLIGENCE/Behavior_Analysis/PH2-0080_Enemy_Intelligence_Board.md
ph2-0081_hall_of_quiet_victories.md,2,HDR/99_MIGRATION_ARCHIVE/13_PHASE_RECOVERY_ARCHIVE/Phase_02_to_03/PH2-0081_Hall_Of_Quiet_Victories.md | HDR/03_BUILDING/Rooms/PH2-0081_Hall_Of_Quiet_Victories.md
ph2-0082_environment_as_discipline_carrier.md,2,HDR/99_MIGRATION_ARCHIVE/13_PHASE_RECOVERY_ARCHIVE/Phase_02_to_03/PH2-0082_Environment_As_Discipline_Carrier.md | HDR/01_CONSTITUTION/Principles/PH2-0082_Environment_As_Discipline_Carrier.md
ph2-0083_passive_observation.md,2,HDR/99_MIGRATION_ARCHIVE/13_PHASE_RECOVERY_ARCHIVE/Phase_02_to_03/PH2-0083_Passive_Observation.md | HDR/07_HQOS/Kernel/PH2-0083_Passive_Observation.md
ph2-0084_operational_load.md,2,HDR/99_MIGRATION_ARCHIVE/13_PHASE_RECOVERY_ARCHIVE/Phase_02_to_03/PH2-0084_Operational_Load.md | HDR/02_INSTITUTION/Departments/PH2-0084_Operational_Load.md
ph2-0085_cognitive_bandwidth.md,2,HDR/99_MIGRATION_ARCHIVE/13_PHASE_RECOVERY_ARCHIVE/Phase_02_to_03/PH2-0085_Cognitive_Bandwidth.md | HDR/02_INSTITUTION/Departments/PH2-0085_Cognitive_Bandwidth.md
ph2-0086_recovery_window.md,2,HDR/99_MIGRATION_ARCHIVE/13_PHASE_RECOVERY_ARCHIVE/Phase_02_to_03/PH2-0086_Recovery_Window.md | HDR/04_OPERATOR/Recovery/PH2-0086_Recovery_Window.md
ph2-0087_mission_fatigue.md,2,HDR/99_MIGRATION_ARCHIVE/13_PHASE_RECOVERY_ARCHIVE/Phase_02_to_03/PH2-0087_Mission_Fatigue.md | HDR/02_INSTITUTION/Departments/PH2-0087_Mission_Fatigue.md
ph2-0088_shift_log.md,2,HDR/99_MIGRATION_ARCHIVE/13_PHASE_RECOVERY_ARCHIVE/Phase_02_to_03/PH2-0088_Shift_Log.md | HDR/10_ENGINEERING/Architecture/PH2-0088_Shift_Log.md
ph2-0089_emergency_lighting.md,2,HDR/99_MIGRATION_ARCHIVE/13_PHASE_RECOVERY_ARCHIVE/Phase_02_to_03/PH2-0089_Emergency_Lighting.md | HDR/03_BUILDING/Environmental_Systems/PH2-0089_Emergency_Lighting.md
ph2-0090_situation_report.md,2,HDR/99_MIGRATION_ARCHIVE/13_PHASE_RECOVERY_ARCHIVE/Phase_02_to_03/PH2-0090_Situation_Report.md | HDR/10_ENGINEERING/Architecture/PH2-0090_Situation_Report.md
ph2-0091_observation_is_not_inactivity.md,2,HDR/99_MIGRATION_ARCHIVE/13_PHASE_RECOVERY_ARCHIVE/Phase_02_to_03/PH2-0091_Observation_Is_Not_Inactivity.md | HDR/01_CONSTITUTION/Culture/PH2-0091_Observation_Is_Not_Inactivity.md
ph2-0092_war_room_glass_wall.md,2,HDR/99_MIGRATION_ARCHIVE/13_PHASE_RECOVERY_ARCHIVE/Phase_02_to_03/PH2-0092_War_Room_Glass_Wall.md | HDR/03_BUILDING/Rooms/PH2-0092_War_Room_Glass_Wall.md
ph2-0093_tactical_journal.md,2,HDR/99_MIGRATION_ARCHIVE/13_PHASE_RECOVERY_ARCHIVE/Phase_02_to_03/PH2-0093_Tactical_Journal.md | HDR/08_ARCHIVES/Memory_Objects/PH2-0093_Tactical_Journal.md
ph2-0094_living_constitution.md,2,HDR/99_MIGRATION_ARCHIVE/13_PHASE_RECOVERY_ARCHIVE/Phase_02_to_03/PH2-0094_Living_Constitution.md | HDR/01_CONSTITUTION/Principles/PH2-0094_Living_Constitution.md
ph2-0095_operations_flag.md,2,HDR/99_MIGRATION_ARCHIVE/13_PHASE_RECOVERY_ARCHIVE/Phase_02_to_03/PH2-0095_Operations_Flag.md | HDR/10_ENGINEERING/Architecture/PH2-0095_Operations_Flag.md
ph2-0096_return_to_civilian_life_door.md,2,HDR/99_MIGRATION_ARCHIVE/13_PHASE_RECOVERY_ARCHIVE/Phase_02_to_03/PH2-0096_Return_To_Civilian_Life_Door.md | HDR/03_BUILDING/Ceremonies/PH2-0096_Return_To_Civilian_Life_Door.md
ph2-0097_conditions_for_discipline_axiom.md,2,HDR/99_MIGRATION_ARCHIVE/13_PHASE_RECOVERY_ARCHIVE/Phase_02_to_03/PH2-0097_Conditions_For_Discipline_Axiom.md | HDR/01_CONSTITUTION/Principles/PH2-0097_Conditions_For_Discipline_Axiom.md
ph2-0098_account_three_design_test.md,2,HDR/99_MIGRATION_ARCHIVE/13_PHASE_RECOVERY_ARCHIVE/Phase_02_to_03/PH2-0098_Account_Three_Design_Test.md | HDR/02_INSTITUTION/Departments/PH2-0098_Account_Three_Design_Test.md
ph2-0099_opening_of_doors_tradition.md,2,HDR/99_MIGRATION_ARCHIVE/13_PHASE_RECOVERY_ARCHIVE/Phase_02_to_03/PH2-0099_Opening_Of_Doors_Tradition.md | HDR/03_BUILDING/Ceremonies/PH2-0099_Opening_Of_Doors_Tradition.md
ph2-0100_take_command_tradition.md,2,HDR/99_MIGRATION_ARCHIVE/13_PHASE_RECOVERY_ARCHIVE/Phase_02_to_03/PH2-0100_Take_Command_Tradition.md | HDR/10_ENGINEERING/Architecture/PH2-0100_Take_Command_Tradition.md
ph2-0101_lights_activation_order.md,2,HDR/99_MIGRATION_ARCHIVE/13_PHASE_RECOVERY_ARCHIVE/Phase_02_to_03/PH2-0101_Lights_Activation_Order.md | HDR/10_ENGINEERING/Architecture/PH2-0101_Lights_Activation_Order.md
ph2-0102_commanders_clock.md,2,HDR/99_MIGRATION_ARCHIVE/13_PHASE_RECOVERY_ARCHIVE/Phase_02_to_03/PH2-0102_Commanders_Clock.md | HDR/02_INSTITUTION/Departments/PH2-0102_Commanders_Clock.md
ph2-0103_armory.md,2,HDR/99_MIGRATION_ARCHIVE/13_PHASE_RECOVERY_ARCHIVE/Phase_02_to_03/PH2-0103_Armory.md | HDR/03_BUILDING/Rooms/PH2-0103_Armory.md
ph2-0104_equipment_check.md,2,HDR/99_MIGRATION_ARCHIVE/13_PHASE_RECOVERY_ARCHIVE/Phase_02_to_03/PH2-0104_Equipment_Check.md | HDR/09_INTERFACE/Screens/PH2-0104_Equipment_Check.md
ph2-0105_institutional_weather.md,2,HDR/99_MIGRATION_ARCHIVE/13_PHASE_RECOVERY_ARCHIVE/Phase_02_to_03/PH2-0105_Institutional_Weather.md | HDR/02_INSTITUTION/Departments/PH2-0105_Institutional_Weather.md
ph2-0106_headquarters_integrity.md,2,HDR/99_MIGRATION_ARCHIVE/13_PHASE_RECOVERY_ARCHIVE/Phase_02_to_03/PH2-0106_Headquarters_Integrity.md | HDR/02_INSTITUTION/Departments/PH2-0106_Headquarters_Integrity.md
ph2-0107_intelligence_wall.md,2,HDR/99_MIGRATION_ARCHIVE/13_PHASE_RECOVERY_ARCHIVE/Phase_02_to_03/PH2-0107_Intelligence_Wall.md | HDR/06_INTELLIGENCE/Behavior_Analysis/PH2-0107_Intelligence_Wall.md
ph2-0108_mission_archive_room.md,2,HDR/99_MIGRATION_ARCHIVE/13_PHASE_RECOVERY_ARCHIVE/Phase_02_to_03/PH2-0108_Mission_Archive_Room.md | HDR/03_BUILDING/Rooms/PH2-0108_Mission_Archive_Room.md
ph2-0109_engineering_department.md,2,HDR/99_MIGRATION_ARCHIVE/13_PHASE_RECOVERY_ARCHIVE/Phase_02_to_03/PH2-0109_Engineering_Department.md | HDR/02_INSTITUTION/Departments/PH2-0109_Engineering_Department.md
ph2-0110_research_division.md,2,HDR/99_MIGRATION_ARCHIVE/13_PHASE_RECOVERY_ARCHIVE/Phase_02_to_03/PH2-0110_Research_Division.md | HDR/02_INSTITUTION/Departments/PH2-0110_Research_Division.md
ph2-0111_red_team.md,2,HDR/99_MIGRATION_ARCHIVE/13_PHASE_RECOVERY_ARCHIVE/Phase_02_to_03/PH2-0111_Red_Team.md | HDR/06_INTELLIGENCE/Behavior_Analysis/PH2-0111_Red_Team.md
ph2-0112_blue_team.md,2,HDR/99_MIGRATION_ARCHIVE/13_PHASE_RECOVERY_ARCHIVE/Phase_02_to_03/PH2-0112_Blue_Team.md | HDR/02_INSTITUTION/Departments/PH2-0112_Blue_Team.md
ph2-0113_mission_simulation.md,2,HDR/99_MIGRATION_ARCHIVE/13_PHASE_RECOVERY_ARCHIVE/Phase_02_to_03/PH2-0113_Mission_Simulation.md | HDR/05_OPERATIONS/Mission_Lifecycle/PH2-0113_Mission_Simulation.md
ph2-0114_debrief_theater.md,2,HDR/99_MIGRATION_ARCHIVE/13_PHASE_RECOVERY_ARCHIVE/Phase_02_to_03/PH2-0114_Debrief_Theater.md | HDR/03_BUILDING/Rooms/PH2-0114_Debrief_Theater.md
ph2-0115_ordinary_decisions_automatic_lesson.md,2,HDR/99_MIGRATION_ARCHIVE/13_PHASE_RECOVERY_ARCHIVE/Phase_02_to_03/PH2-0115_Ordinary_Decisions_Automatic_Lesson.md | HDR/08_ARCHIVES/Memory_Objects/PH2-0115_Ordinary_Decisions_Automatic_Lesson.md
ph2-0116_confidence_versus_trust_wall.md,2,HDR/99_MIGRATION_ARCHIVE/13_PHASE_RECOVERY_ARCHIVE/Phase_02_to_03/PH2-0116_Confidence_Versus_Trust_Wall.md | HDR/04_OPERATOR/Trust/PH2-0116_Confidence_Versus_Trust_Wall.md
ph2-0117_trust_vault.md,2,HDR/99_MIGRATION_ARCHIVE/13_PHASE_RECOVERY_ARCHIVE/Phase_02_to_03/PH2-0117_Trust_Vault.md | HDR/03_BUILDING/Rooms/PH2-0117_Trust_Vault.md
ph2-0118_bargaining_language_detection.md,2,HDR/99_MIGRATION_ARCHIVE/13_PHASE_RECOVERY_ARCHIVE/Phase_02_to_03/PH2-0118_Bargaining_Language_Detection.md | HDR/04_OPERATOR/Behavioral_Systems/PH2-0118_Bargaining_Language_Detection.md
ph2-0119_decision_dna.md,2,HDR/99_MIGRATION_ARCHIVE/13_PHASE_RECOVERY_ARCHIVE/Phase_02_to_03/PH2-0119_Decision_DNA.md | HDR/04_OPERATOR/Behavioral_Systems/PH2-0119_Decision_DNA.md
ph2-0120_identity_drift_curve.md,2,HDR/99_MIGRATION_ARCHIVE/13_PHASE_RECOVERY_ARCHIVE/Phase_02_to_03/PH2-0120_Identity_Drift_Curve.md | HDR/04_OPERATOR/Identity/PH2-0120_Identity_Drift_Curve.md
ph2-0121_anchor_sentence.md,2,HDR/99_MIGRATION_ARCHIVE/13_PHASE_RECOVERY_ARCHIVE/Phase_02_to_03/PH2-0121_Anchor_Sentence.md | HDR/01_CONSTITUTION/Principles/PH2-0121_Anchor_Sentence.md
ph2-0122_personal_battlefield.md,2,HDR/99_MIGRATION_ARCHIVE/13_PHASE_RECOVERY_ARCHIVE/Phase_02_to_03/PH2-0122_Personal_Battlefield.md | HDR/04_OPERATOR/Behavioral_Systems/PH2-0122_Personal_Battlefield.md
ph2-0123_tactical_mirror.md,2,HDR/99_MIGRATION_ARCHIVE/13_PHASE_RECOVERY_ARCHIVE/Phase_02_to_03/PH2-0123_Tactical_Mirror.md | HDR/09_INTERFACE/Screens/PH2-0123_Tactical_Mirror.md
ph2-0124_identity_engine_roles.md,2,HDR/99_MIGRATION_ARCHIVE/13_PHASE_RECOVERY_ARCHIVE/Phase_02_to_03/PH2-0124_Identity_Engine_Roles.md | HDR/04_OPERATOR/Identity/PH2-0124_Identity_Engine_Roles.md
ph2-0125_guardian_mode.md,2,HDR/99_MIGRATION_ARCHIVE/13_PHASE_RECOVERY_ARCHIVE/Phase_02_to_03/PH2-0125_Guardian_Mode.md | HDR/02_INSTITUTION/Departments/PH2-0125_Guardian_Mode.md
ph2-0126_guardian_statistics.md,2,HDR/99_MIGRATION_ARCHIVE/13_PHASE_RECOVERY_ARCHIVE/Phase_02_to_03/PH2-0126_Guardian_Statistics.md | HDR/02_INSTITUTION/Departments/PH2-0126_Guardian_Statistics.md
ph2-0127_safe_vault_capital_visualization.md,2,HDR/99_MIGRATION_ARCHIVE/13_PHASE_RECOVERY_ARCHIVE/Phase_02_to_03/PH2-0127_Safe_Vault_Capital_Visualization.md | HDR/02_INSTITUTION/Departments/PH2-0127_Safe_Vault_Capital_Visualization.md
ph2-0128_success_protocol.md,2,HDR/99_MIGRATION_ARCHIVE/13_PHASE_RECOVERY_ARCHIVE/Phase_02_to_03/PH2-0128_Success_Protocol.md | HDR/02_INSTITUTION/Protocols/PH2-0128_Success_Protocol.md
ph2-0129_operation_sunset.md,2,HDR/99_MIGRATION_ARCHIVE/13_PHASE_RECOVERY_ARCHIVE/Phase_02_to_03/PH2-0129_Operation_Sunset.md | HDR/05_OPERATIONS/Ceremonies/PH2-0129_Operation_Sunset.md
ph2-0130_doctrine_014_winning_creates_responsibility.md,2,HDR/99_MIGRATION_ARCHIVE/13_PHASE_RECOVERY_ARCHIVE/Phase_02_to_03/PH2-0130_Doctrine_014_Winning_Creates_Responsibility.md | HDR/08_ARCHIVES/Doctrine/PH2-0130_Doctrine_014_Winning_Creates_Responsibility.md
ph2-0131_training_headquarters_versus_guardian_headquarters.md,2,HDR/99_MIGRATION_ARCHIVE/13_PHASE_RECOVERY_ARCHIVE/Phase_02_to_03/PH2-0131_Training_Headquarters_Versus_Guardian_Headquarters.md | HDR/02_INSTITUTION/Departments/PH2-0131_Training_Headquarters_Versus_Guardian_Headquarters.md
ph2-0132_entrusted_capital_principle.md,2,HDR/99_MIGRATION_ARCHIVE/13_PHASE_RECOVERY_ARCHIVE/Phase_02_to_03/PH2-0132_Entrusted_Capital_Principle.md | HDR/01_CONSTITUTION/Principles/PH2-0132_Entrusted_Capital_Principle.md
ph2-0133_vault_opening_ritual.md,2,HDR/99_MIGRATION_ARCHIVE/13_PHASE_RECOVERY_ARCHIVE/Phase_02_to_03/PH2-0133_Vault_Opening_Ritual.md | HDR/03_BUILDING/Ceremonies/PH2-0133_Vault_Opening_Ritual.md
ph2-0134_guardian_language_set.md,2,HDR/99_MIGRATION_ARCHIVE/13_PHASE_RECOVERY_ARCHIVE/Phase_02_to_03/PH2-0134_Guardian_Language_Set.md | HDR/02_INSTITUTION/Departments/PH2-0134_Guardian_Language_Set.md
ph2-0135_guardian_lighting_and_seal.md,2,HDR/99_MIGRATION_ARCHIVE/13_PHASE_RECOVERY_ARCHIVE/Phase_02_to_03/PH2-0135_Guardian_Lighting_And_Seal.md | HDR/02_INSTITUTION/Departments/PH2-0135_Guardian_Lighting_And_Seal.md
ph2-0136_capital_status_not_pnl_hero.md,2,HDR/99_MIGRATION_ARCHIVE/13_PHASE_RECOVERY_ARCHIVE/Phase_02_to_03/PH2-0136_Capital_Status_Not_PnL_Hero.md | HDR/09_INTERFACE/Screens/PH2-0136_Capital_Status_Not_PnL_Hero.md
ph2-0137_guardian_historical_risk_memory.md,2,HDR/99_MIGRATION_ARCHIVE/13_PHASE_RECOVERY_ARCHIVE/Phase_02_to_03/PH2-0137_Guardian_Historical_Risk_Memory.md | HDR/02_INSTITUTION/Departments/PH2-0137_Guardian_Historical_Risk_Memory.md
ph2-0138_guardian_shadow.md,2,HDR/99_MIGRATION_ARCHIVE/13_PHASE_RECOVERY_ARCHIVE/Phase_02_to_03/PH2-0138_Guardian_Shadow.md | HDR/02_INSTITUTION/Departments/PH2-0138_Guardian_Shadow.md
ph2-0139_sentinel.md,2,HDR/99_MIGRATION_ARCHIVE/13_PHASE_RECOVERY_ARCHIVE/Phase_02_to_03/PH2-0139_Sentinel.md | HDR/02_INSTITUTION/Departments/PH2-0139_Sentinel.md
ph2-0140_guardian_lock.md,2,HDR/99_MIGRATION_ARCHIVE/13_PHASE_RECOVERY_ARCHIVE/Phase_02_to_03/PH2-0140_Guardian_Lock.md | HDR/02_INSTITUTION/Departments/PH2-0140_Guardian_Lock.md
ph2-0141_guardian_unlock_procedure.md,2,HDR/99_MIGRATION_ARCHIVE/13_PHASE_RECOVERY_ARCHIVE/Phase_02_to_03/PH2-0141_Guardian_Unlock_Procedure.md | HDR/02_INSTITUTION/Departments/PH2-0141_Guardian_Unlock_Procedure.md
ph2-0142_guardian_integrity.md,2,HDR/99_MIGRATION_ARCHIVE/13_PHASE_RECOVERY_ARCHIVE/Phase_02_to_03/PH2-0142_Guardian_Integrity.md | HDR/02_INSTITUTION/Departments/PH2-0142_Guardian_Integrity.md
ph2-0143_guardian_bell.md,2,HDR/99_MIGRATION_ARCHIVE/13_PHASE_RECOVERY_ARCHIVE/Phase_02_to_03/PH2-0143_Guardian_Bell.md | HDR/02_INSTITUTION/Departments/PH2-0143_Guardian_Bell.md
ph2-0144_guardian_room.md,2,HDR/99_MIGRATION_ARCHIVE/13_PHASE_RECOVERY_ARCHIVE/Phase_02_to_03/PH2-0144_Guardian_Room.md | HDR/02_INSTITUTION/Departments/PH2-0144_Guardian_Room.md
ph2-0145_legacy_protocol.md,2,HDR/99_MIGRATION_ARCHIVE/13_PHASE_RECOVERY_ARCHIVE/Phase_02_to_03/PH2-0145_Legacy_Protocol.md | HDR/12_LEGACY/Long_Term/PH2-0145_Legacy_Protocol.md
ph2-0146_career_projection.md,2,HDR/99_MIGRATION_ARCHIVE/13_PHASE_RECOVERY_ARCHIVE/Phase_02_to_03/PH2-0146_Career_Projection.md | HDR/12_LEGACY/Long_Term/PH2-0146_Career_Projection.md
ph2-0147_votes_for_identity.md,2,HDR/99_MIGRATION_ARCHIVE/13_PHASE_RECOVERY_ARCHIVE/Phase_02_to_03/PH2-0147_Votes_For_Identity.md | HDR/04_OPERATOR/Identity/PH2-0147_Votes_For_Identity.md
ph2-0148_internal_affairs_integrity_protection.md,2,HDR/99_MIGRATION_ARCHIVE/13_PHASE_RECOVERY_ARCHIVE/Phase_02_to_03/PH2-0148_Internal_Affairs_Integrity_Protection.md | HDR/02_INSTITUTION/Departments/PH2-0148_Internal_Affairs_Integrity_Protection.md
ph3-0001_design_constitution.md,2,HDR/99_MIGRATION_ARCHIVE/13_PHASE_RECOVERY_ARCHIVE/Phase_02_to_03/PH3-0001_Design_Constitution.md | HDR/01_CONSTITUTION/Principles/PH3-0001_Design_Constitution.md
ph3-0002_expensive_not_luxurious.md,2,HDR/99_MIGRATION_ARCHIVE/13_PHASE_RECOVERY_ARCHIVE/Phase_02_to_03/PH3-0002_Expensive_Not_Luxurious.md | HDR/10_ENGINEERING/Architecture/PH3-0002_Expensive_Not_Luxurious.md
ph3-0003_information_hierarchy.md,2,HDR/99_MIGRATION_ARCHIVE/13_PHASE_RECOVERY_ARCHIVE/Phase_02_to_03/PH3-0003_Information_Hierarchy.md | HDR/09_INTERFACE/Screens/PH3-0003_Information_Hierarchy.md
ph3-0004_one_objective_per_screen.md,2,HDR/99_MIGRATION_ARCHIVE/13_PHASE_RECOVERY_ARCHIVE/Phase_02_to_03/PH3-0004_One_Objective_Per_Screen.md | HDR/09_INTERFACE/Screens/PH3-0004_One_Objective_Per_Screen.md
ph3-0005_motion_has_meaning.md,2,HDR/99_MIGRATION_ARCHIVE/13_PHASE_RECOVERY_ARCHIVE/Phase_02_to_03/PH3-0005_Motion_Has_Meaning.md | HDR/09_INTERFACE/Motion/PH3-0005_Motion_Has_Meaning.md
ph3-0006_color_earns_existence.md,2,HDR/99_MIGRATION_ARCHIVE/13_PHASE_RECOVERY_ARCHIVE/Phase_02_to_03/PH3-0006_Color_Earns_Existence.md | HDR/09_INTERFACE/Lighting/PH3-0006_Color_Earns_Existence.md
ph3-0007_sound_has_purpose.md,2,HDR/99_MIGRATION_ARCHIVE/13_PHASE_RECOVERY_ARCHIVE/Phase_02_to_03/PH3-0007_Sound_Has_Purpose.md | HDR/09_INTERFACE/Audio/PH3-0007_Sound_Has_Purpose.md
ph3-0008_attention_respect_law.md,2,HDR/99_MIGRATION_ARCHIVE/13_PHASE_RECOVERY_ARCHIVE/Phase_02_to_03/PH3-0008_Attention_Respect_Law.md | HDR/09_INTERFACE/Screens/PH3-0008_Attention_Respect_Law.md
ph3-0009_headquarters_language_dictionary.md,2,HDR/99_MIGRATION_ARCHIVE/13_PHASE_RECOVERY_ARCHIVE/Phase_02_to_03/PH3-0009_Headquarters_Language_Dictionary.md | HDR/10_ENGINEERING/Architecture/PH3-0009_Headquarters_Language_Dictionary.md
ph3-0010_typography_direction.md,2,HDR/99_MIGRATION_ARCHIVE/13_PHASE_RECOVERY_ARCHIVE/Phase_02_to_03/PH3-0010_Typography_Direction.md | HDR/09_INTERFACE/Screens/PH3-0010_Typography_Direction.md
ph3-0011_room_soundtracks.md,2,HDR/99_MIGRATION_ARCHIVE/13_PHASE_RECOVERY_ARCHIVE/Phase_02_to_03/PH3-0011_Room_Soundtracks.md | HDR/03_BUILDING/Environmental_Systems/PH3-0011_Room_Soundtracks.md
ph3-0012_lighting_engine.md,2,HDR/99_MIGRATION_ARCHIVE/13_PHASE_RECOVERY_ARCHIVE/Phase_02_to_03/PH3-0012_Lighting_Engine.md | HDR/03_BUILDING/Environmental_Systems/PH3-0012_Lighting_Engine.md
ph3-0013_chair_as_control_symbol.md,2,HDR/99_MIGRATION_ARCHIVE/13_PHASE_RECOVERY_ARCHIVE/Phase_02_to_03/PH3-0013_Chair_As_Control_Symbol.md | HDR/03_BUILDING/Symbolic_Objects/PH3-0013_Chair_As_Control_Symbol.md
ph3-0014_dynamic_opening_room.md,2,HDR/99_MIGRATION_ARCHIVE/13_PHASE_RECOVERY_ARCHIVE/Phase_02_to_03/PH3-0014_Dynamic_Opening_Room.md | HDR/03_BUILDING/Rooms/PH3-0014_Dynamic_Opening_Room.md
ph3-0015_central_holographic_table.md,2,HDR/99_MIGRATION_ARCHIVE/13_PHASE_RECOVERY_ARCHIVE/Phase_02_to_03/PH3-0015_Central_Holographic_Table.md | HDR/09_INTERFACE/Screens/PH3-0015_Central_Holographic_Table.md
ph3-0016_commander_no_avatar.md,2,HDR/99_MIGRATION_ARCHIVE/13_PHASE_RECOVERY_ARCHIVE/Phase_02_to_03/PH3-0016_Commander_No_Avatar.md | HDR/02_INSTITUTION/Departments/PH3-0016_Commander_No_Avatar.md
ph3-0017_headquarters_heartbeat.md,2,HDR/99_MIGRATION_ARCHIVE/13_PHASE_RECOVERY_ARCHIVE/Phase_02_to_03/PH3-0017_Headquarters_Heartbeat.md | HDR/03_BUILDING/Environmental_Systems/PH3-0017_Headquarters_Heartbeat.md
ph3-0018_fictional_institution_real_behavioral_value.md,2,HDR/99_MIGRATION_ARCHIVE/13_PHASE_RECOVERY_ARCHIVE/Phase_02_to_03/PH3-0018_Fictional_Institution_Real_Behavioral_Value.md | HDR/01_CONSTITUTION/Principles/PH3-0018_Fictional_Institution_Real_Behavioral_Value.md
ph3-0019_project_naming_evolution.md,2,HDR/99_MIGRATION_ARCHIVE/13_PHASE_RECOVERY_ARCHIVE/Phase_02_to_03/PH3-0019_Project_Naming_Evolution.md | HDR/12_LEGACY/Evolution/PH3-0019_Project_Naming_Evolution.md
ph4-0001_design_constitution.md,2,HDR/99_MIGRATION_ARCHIVE/13_PHASE_RECOVERY_ARCHIVE/Phase_03_to_04/PH4-0001_Design_Constitution.md | HDR/01_CONSTITUTION/Principles/PH4-0001_Design_Constitution.md
ph4-0002_expensive_minimalism.md,2,HDR/99_MIGRATION_ARCHIVE/13_PHASE_RECOVERY_ARCHIVE/Phase_03_to_04/PH4-0002_Expensive_Minimalism.md | HDR/09_INTERFACE/Screens/PH4-0002_Expensive_Minimalism.md
ph4-0003_silence_priority_principle.md,2,HDR/99_MIGRATION_ARCHIVE/13_PHASE_RECOVERY_ARCHIVE/Phase_03_to_04/PH4-0003_Silence_Priority_Principle.md | HDR/01_CONSTITUTION/Principles/PH4-0003_Silence_Priority_Principle.md
ph4-0004_information_hierarchy_law.md,2,HDR/99_MIGRATION_ARCHIVE/13_PHASE_RECOVERY_ARCHIVE/Phase_03_to_04/PH4-0004_Information_Hierarchy_Law.md | HDR/09_INTERFACE/Screens/PH4-0004_Information_Hierarchy_Law.md
ph4-0005_one_objective_per_screen.md,2,HDR/99_MIGRATION_ARCHIVE/13_PHASE_RECOVERY_ARCHIVE/Phase_03_to_04/PH4-0005_One_Objective_Per_Screen.md | HDR/09_INTERFACE/Screens/PH4-0005_One_Objective_Per_Screen.md
ph4-0006_motion_has_meaning.md,2,HDR/99_MIGRATION_ARCHIVE/13_PHASE_RECOVERY_ARCHIVE/Phase_03_to_04/PH4-0006_Motion_Has_Meaning.md | HDR/09_INTERFACE/Motion/PH4-0006_Motion_Has_Meaning.md
ph4-0007_color_meaning_system.md,2,HDR/99_MIGRATION_ARCHIVE/13_PHASE_RECOVERY_ARCHIVE/Phase_03_to_04/PH4-0007_Color_Meaning_System.md | HDR/09_INTERFACE/Lighting/PH4-0007_Color_Meaning_System.md
ph4-0008_sound_purpose_system.md,2,HDR/99_MIGRATION_ARCHIVE/13_PHASE_RECOVERY_ARCHIVE/Phase_03_to_04/PH4-0008_Sound_Purpose_System.md | HDR/09_INTERFACE/Audio/PH4-0008_Sound_Purpose_System.md
ph4-0009_attention_respect_law.md,2,HDR/99_MIGRATION_ARCHIVE/13_PHASE_RECOVERY_ARCHIVE/Phase_03_to_04/PH4-0009_Attention_Respect_Law.md | HDR/01_CONSTITUTION/Principles/PH4-0009_Attention_Respect_Law.md
ph4-0010_headquarters_terminology_replacement.md,2,HDR/99_MIGRATION_ARCHIVE/13_PHASE_RECOVERY_ARCHIVE/Phase_03_to_04/PH4-0010_Headquarters_Terminology_Replacement.md | HDR/01_CONSTITUTION/Culture/PH4-0010_Headquarters_Terminology_Replacement.md
ph4-0011_mission_control_typography.md,2,HDR/99_MIGRATION_ARCHIVE/13_PHASE_RECOVERY_ARCHIVE/Phase_03_to_04/PH4-0011_Mission_Control_Typography.md | HDR/05_OPERATIONS/Mission_Lifecycle/PH4-0011_Mission_Control_Typography.md
ph4-0012_room_soundtracks.md,2,HDR/99_MIGRATION_ARCHIVE/13_PHASE_RECOVERY_ARCHIVE/Phase_03_to_04/PH4-0012_Room_Soundtracks.md | HDR/03_BUILDING/Environmental_Systems/PH4-0012_Room_Soundtracks.md
ph4-0013_lighting_engine.md,2,HDR/99_MIGRATION_ARCHIVE/13_PHASE_RECOVERY_ARCHIVE/Phase_03_to_04/PH4-0013_Lighting_Engine.md | HDR/03_BUILDING/Environmental_Systems/PH4-0013_Lighting_Engine.md
ph4-0014_command_chair_control_symbol.md,2,HDR/99_MIGRATION_ARCHIVE/13_PHASE_RECOVERY_ARCHIVE/Phase_03_to_04/PH4-0014_Command_Chair_Control_Symbol.md | HDR/03_BUILDING/Symbolic_Objects/PH4-0014_Command_Chair_Control_Symbol.md
ph4-0015_dynamic_initial_room_selection.md,2,HDR/99_MIGRATION_ARCHIVE/13_PHASE_RECOVERY_ARCHIVE/Phase_03_to_04/PH4-0015_Dynamic_Initial_Room_Selection.md | HDR/03_BUILDING/Rooms/PH4-0015_Dynamic_Initial_Room_Selection.md
ph4-0016_central_holographic_table_function.md,2,HDR/99_MIGRATION_ARCHIVE/13_PHASE_RECOVERY_ARCHIVE/Phase_03_to_04/PH4-0016_Central_Holographic_Table_Function.md | HDR/09_INTERFACE/Screens/PH4-0016_Central_Holographic_Table_Function.md
ph4-0017_no_commander_avatar_rule.md,2,HDR/99_MIGRATION_ARCHIVE/13_PHASE_RECOVERY_ARCHIVE/Phase_03_to_04/PH4-0017_No_Commander_Avatar_Rule.md | HDR/02_INSTITUTION/Departments/PH4-0017_No_Commander_Avatar_Rule.md
ph4-0018_institutional_heartbeat.md,2,HDR/99_MIGRATION_ARCHIVE/13_PHASE_RECOVERY_ARCHIVE/Phase_03_to_04/PH4-0018_Institutional_Heartbeat.md | HDR/02_INSTITUTION/Departments/PH4-0018_Institutional_Heartbeat.md
ph4-0019_fictional_institution_real_psychology.md,2,HDR/99_MIGRATION_ARCHIVE/13_PHASE_RECOVERY_ARCHIVE/Phase_03_to_04/PH4-0019_Fictional_Institution_Real_Psychology.md | HDR/01_CONSTITUTION/Principles/PH4-0019_Fictional_Institution_Real_Psychology.md
ph4-0020_headquarters_naming_evolution.md,2,HDR/99_MIGRATION_ARCHIVE/13_PHASE_RECOVERY_ARCHIVE/Phase_03_to_04/PH4-0020_Headquarters_Naming_Evolution.md | HDR/12_LEGACY/Evolution/PH4-0020_Headquarters_Naming_Evolution.md
ph4-0021_internal_affairs_department.md,2,HDR/99_MIGRATION_ARCHIVE/13_PHASE_RECOVERY_ARCHIVE/Phase_03_to_04/PH4-0021_Internal_Affairs_Department.md | HDR/02_INSTITUTION/Departments/PH4-0021_Internal_Affairs_Department.md
ph4-0022_internal_affairs_room.md,2,HDR/99_MIGRATION_ARCHIVE/13_PHASE_RECOVERY_ARCHIVE/Phase_03_to_04/PH4-0022_Internal_Affairs_Room.md | HDR/02_INSTITUTION/Departments/PH4-0022_Internal_Affairs_Room.md
ph4-0023_statement_inconsistency_detection.md,2,HDR/99_MIGRATION_ARCHIVE/13_PHASE_RECOVERY_ARCHIVE/Phase_03_to_04/PH4-0023_Statement_Inconsistency_Detection.md | HDR/06_INTELLIGENCE/Behavior_Analysis/PH4-0023_Statement_Inconsistency_Detection.md
ph4-0024_report_reliability_score.md,2,HDR/99_MIGRATION_ARCHIVE/13_PHASE_RECOVERY_ARCHIVE/Phase_03_to_04/PH4-0024_Report_Reliability_Score.md | HDR/08_ARCHIVES/Memory_Objects/PH4-0024_Report_Reliability_Score.md
ph4-0025_operation_cover_up_case_file.md,2,HDR/99_MIGRATION_ARCHIVE/13_PHASE_RECOVERY_ARCHIVE/Phase_03_to_04/PH4-0025_Operation_Cover_Up_Case_File.md | HDR/08_ARCHIVES/Memory_Objects/PH4-0025_Operation_Cover_Up_Case_File.md
ph4-0026_evidence_wall.md,2,HDR/99_MIGRATION_ARCHIVE/13_PHASE_RECOVERY_ARCHIVE/Phase_03_to_04/PH4-0026_Evidence_Wall.md | HDR/09_INTERFACE/Screens/PH4-0026_Evidence_Wall.md
ph4-0027_institutional_witness_system.md,2,HDR/99_MIGRATION_ARCHIVE/13_PHASE_RECOVERY_ARCHIVE/Phase_03_to_04/PH4-0027_Institutional_Witness_System.md | HDR/02_INSTITUTION/Departments/PH4-0027_Institutional_Witness_System.md
ph4-0028_no_accusation_rule.md,2,HDR/99_MIGRATION_ARCHIVE/13_PHASE_RECOVERY_ARCHIVE/Phase_03_to_04/PH4-0028_No_Accusation_Rule.md | HDR/01_CONSTITUTION/Culture/PH4-0028_No_Accusation_Rule.md
ph4-0029_lucky_win_investigation.md,2,HDR/99_MIGRATION_ARCHIVE/13_PHASE_RECOVERY_ARCHIVE/Phase_03_to_04/PH4-0029_Lucky_Win_Investigation.md | HDR/06_INTELLIGENCE/Behavior_Analysis/PH4-0029_Lucky_Win_Investigation.md
ph4-0030_outcome_not_supported_by_doctrine_classification.md,2,HDR/99_MIGRATION_ARCHIVE/13_PHASE_RECOVERY_ARCHIVE/Phase_03_to_04/PH4-0030_Outcome_Not_Supported_By_Doctrine_Classification.md | HDR/08_ARCHIVES/Doctrine/PH4-0030_Outcome_Not_Supported_By_Doctrine_Classification.md
ph4-0031_quality_assurance_department.md,2,HDR/99_MIGRATION_ARCHIVE/13_PHASE_RECOVERY_ARCHIVE/Phase_03_to_04/PH4-0031_Quality_Assurance_Department.md | HDR/02_INSTITUTION/Departments/PH4-0031_Quality_Assurance_Department.md
ph4-0032_institution_admits_mistakes.md,2,HDR/99_MIGRATION_ARCHIVE/13_PHASE_RECOVERY_ARCHIVE/Phase_03_to_04/PH4-0032_Institution_Admits_Mistakes.md | HDR/02_INSTITUTION/Departments/PH4-0032_Institution_Admits_Mistakes.md
ph4-0033_ethics_committee.md,2,HDR/99_MIGRATION_ARCHIVE/13_PHASE_RECOVERY_ARCHIVE/Phase_03_to_04/PH4-0033_Ethics_Committee.md | HDR/02_INSTITUTION/Departments/PH4-0033_Ethics_Committee.md
ph4-0034_constitutional_court.md,2,HDR/99_MIGRATION_ARCHIVE/13_PHASE_RECOVERY_ARCHIVE/Phase_03_to_04/PH4-0034_Constitutional_Court.md | HDR/01_CONSTITUTION/Principles/PH4-0034_Constitutional_Court.md
ph4-0035_doctrine_does_not_negotiate_with_emotion.md,2,HDR/99_MIGRATION_ARCHIVE/13_PHASE_RECOVERY_ARCHIVE/Phase_03_to_04/PH4-0035_Doctrine_Does_Not_Negotiate_With_Emotion.md | HDR/08_ARCHIVES/Doctrine/PH4-0035_Doctrine_Does_Not_Negotiate_With_Emotion.md
ph4-0036_engineering_philosophy.md,2,HDR/99_MIGRATION_ARCHIVE/13_PHASE_RECOVERY_ARCHIVE/Phase_03_to_04/PH4-0036_Engineering_Philosophy.md | HDR/02_INSTITUTION/Departments/PH4-0036_Engineering_Philosophy.md
ph4-0037_friction_is_a_feature.md,2,HDR/99_MIGRATION_ARCHIVE/13_PHASE_RECOVERY_ARCHIVE/Phase_03_to_04/PH4-0037_Friction_Is_A_Feature.md | HDR/02_INSTITUTION/Departments/PH4-0037_Friction_Is_A_Feature.md
ph4-0038_every_screen_lowers_cortisol.md,2,HDR/99_MIGRATION_ARCHIVE/13_PHASE_RECOVERY_ARCHIVE/Phase_03_to_04/PH4-0038_Every_Screen_Lowers_Cortisol.md | HDR/09_INTERFACE/Screens/PH4-0038_Every_Screen_Lowers_Cortisol.md
ph4-0039_operator_is_never_rushed.md,2,HDR/99_MIGRATION_ARCHIVE/13_PHASE_RECOVERY_ARCHIVE/Phase_03_to_04/PH4-0039_Operator_Is_Never_Rushed.md | HDR/01_CONSTITUTION/Principles/PH4-0039_Operator_Is_Never_Rushed.md
ph4-0040_rule_of_one_thought.md,2,HDR/99_MIGRATION_ARCHIVE/13_PHASE_RECOVERY_ARCHIVE/Phase_03_to_04/PH4-0040_Rule_Of_One_Thought.md | HDR/09_INTERFACE/Screens/PH4-0040_Rule_Of_One_Thought.md
ph4-0041_commander_three_responsibilities.md,2,HDR/99_MIGRATION_ARCHIVE/13_PHASE_RECOVERY_ARCHIVE/Phase_03_to_04/PH4-0041_Commander_Three_Responsibilities.md | HDR/02_INSTITUTION/Departments/PH4-0041_Commander_Three_Responsibilities.md
ph4-0042_ninety_five_percent_silence_rule.md,2,HDR/99_MIGRATION_ARCHIVE/13_PHASE_RECOVERY_ARCHIVE/Phase_03_to_04/PH4-0042_Ninety_Five_Percent_Silence_Rule.md | HDR/06_INTELLIGENCE/Behavior_Analysis/PH4-0042_Ninety_Five_Percent_Silence_Rule.md
ph4-0043_ai_feels_experienced_not_intelligent.md,2,HDR/99_MIGRATION_ARCHIVE/13_PHASE_RECOVERY_ARCHIVE/Phase_03_to_04/PH4-0043_AI_Feels_Experienced_Not_Intelligent.md | HDR/06_INTELLIGENCE/Behavior_Analysis/PH4-0043_AI_Feels_Experienced_Not_Intelligent.md
ph4-0044_institutional_language_ban_list.md,2,HDR/99_MIGRATION_ARCHIVE/13_PHASE_RECOVERY_ARCHIVE/Phase_03_to_04/PH4-0044_Institutional_Language_Ban_List.md | HDR/01_CONSTITUTION/Culture/PH4-0044_Institutional_Language_Ban_List.md
ph4-0045_no_flattery_rule.md,2,HDR/99_MIGRATION_ARCHIVE/13_PHASE_RECOVERY_ARCHIVE/Phase_03_to_04/PH4-0045_No_Flattery_Rule.md | HDR/06_INTELLIGENCE/Behavior_Analysis/PH4-0045_No_Flattery_Rule.md
ph4-0046_discipline_reserve.md,2,HDR/99_MIGRATION_ARCHIVE/13_PHASE_RECOVERY_ARCHIVE/Phase_03_to_04/PH4-0046_Discipline_Reserve.md | HDR/04_OPERATOR/Behavioral_Systems/PH4-0046_Discipline_Reserve.md
ph4-0047_mission_recorder.md,2,HDR/99_MIGRATION_ARCHIVE/13_PHASE_RECOVERY_ARCHIVE/Phase_03_to_04/PH4-0047_Mission_Recorder.md | HDR/05_OPERATIONS/Mission_Lifecycle/PH4-0047_Mission_Recorder.md
ph4-0048_archive_vault.md,2,HDR/99_MIGRATION_ARCHIVE/13_PHASE_RECOVERY_ARCHIVE/Phase_03_to_04/PH4-0048_Archive_Vault.md | HDR/03_BUILDING/Rooms/PH4-0048_Archive_Vault.md
ph4-0049_maintenance_days.md,2,HDR/99_MIGRATION_ARCHIVE/13_PHASE_RECOVERY_ARCHIVE/Phase_03_to_04/PH4-0049_Maintenance_Days.md | HDR/06_INTELLIGENCE/Behavior_Analysis/PH4-0049_Maintenance_Days.md
ph4-0050_headquarters_health.md,2,HDR/99_MIGRATION_ARCHIVE/13_PHASE_RECOVERY_ARCHIVE/Phase_03_to_04/PH4-0050_Headquarters_Health.md | HDR/02_INSTITUTION/Departments/PH4-0050_Headquarters_Health.md
ph4-0051_living_campaign_map.md,2,HDR/99_MIGRATION_ARCHIVE/13_PHASE_RECOVERY_ARCHIVE/Phase_03_to_04/PH4-0051_Living_Campaign_Map.md | HDR/05_OPERATIONS/Campaigns/PH4-0051_Living_Campaign_Map.md
ph4-0052_founder_engineering_creed.md,2,HDR/99_MIGRATION_ARCHIVE/13_PHASE_RECOVERY_ARCHIVE/Phase_03_to_04/PH4-0052_Founder_Engineering_Creed.md | HDR/02_INSTITUTION/Departments/PH4-0052_Founder_Engineering_Creed.md
ph4-0053_behavioral_engine.md,2,HDR/99_MIGRATION_ARCHIVE/13_PHASE_RECOVERY_ARCHIVE/Phase_03_to_04/PH4-0053_Behavioral_Engine.md | HDR/04_OPERATOR/Behavioral_Systems/PH4-0053_Behavioral_Engine.md
ph4-0054_command_chair_engine.md,2,HDR/99_MIGRATION_ARCHIVE/13_PHASE_RECOVERY_ARCHIVE/Phase_03_to_04/PH4-0054_Command_Chair_Engine.md | HDR/03_BUILDING/Symbolic_Objects/PH4-0054_Command_Chair_Engine.md
ph4-0055_behavioral_fingerprints.md,2,HDR/99_MIGRATION_ARCHIVE/13_PHASE_RECOVERY_ARCHIVE/Phase_03_to_04/PH4-0055_Behavioral_Fingerprints.md | HDR/04_OPERATOR/Behavioral_Systems/PH4-0055_Behavioral_Fingerprints.md
ph4-0056_identity_drift_algorithm.md,2,HDR/99_MIGRATION_ARCHIVE/13_PHASE_RECOVERY_ARCHIVE/Phase_03_to_04/PH4-0056_Identity_Drift_Algorithm.md | HDR/04_OPERATOR/Identity/PH4-0056_Identity_Drift_Algorithm.md
ph4-0057_identity_drift_vector_model.md,2,HDR/99_MIGRATION_ARCHIVE/13_PHASE_RECOVERY_ARCHIVE/Phase_03_to_04/PH4-0057_Identity_Drift_Vector_Model.md | HDR/04_OPERATOR/Identity/PH4-0057_Identity_Drift_Vector_Model.md
ph4-0058_ghost_baseline_calibration.md,2,HDR/99_MIGRATION_ARCHIVE/13_PHASE_RECOVERY_ARCHIVE/Phase_03_to_04/PH4-0058_Ghost_Baseline_Calibration.md | HDR/06_INTELLIGENCE/Ghost/PH4-0058_Ghost_Baseline_Calibration.md
ph4-0059_evidence_threshold_for_interventions.md,2,HDR/99_MIGRATION_ARCHIVE/13_PHASE_RECOVERY_ARCHIVE/Phase_03_to_04/PH4-0059_Evidence_Threshold_For_Interventions.md | HDR/06_INTELLIGENCE/Behavior_Analysis/PH4-0059_Evidence_Threshold_For_Interventions.md
ph4-0060_commander_detects_not_predicts.md,2,HDR/99_MIGRATION_ARCHIVE/13_PHASE_RECOVERY_ARCHIVE/Phase_03_to_04/PH4-0060_Commander_Detects_Not_Predicts.md | HDR/02_INSTITUTION/Departments/PH4-0060_Commander_Detects_Not_Predicts.md
ph4-0061_decision_graph.md,2,HDR/99_MIGRATION_ARCHIVE/13_PHASE_RECOVERY_ARCHIVE/Phase_03_to_04/PH4-0061_Decision_Graph.md | HDR/06_INTELLIGENCE/Behavior_Analysis/PH4-0061_Decision_Graph.md
ph4-0062_behavioral_gravity.md,2,HDR/99_MIGRATION_ARCHIVE/13_PHASE_RECOVERY_ARCHIVE/Phase_03_to_04/PH4-0062_Behavioral_Gravity.md | HDR/04_OPERATOR/Behavioral_Systems/PH4-0062_Behavioral_Gravity.md
ph4-0063_career_brain.md,2,HDR/99_MIGRATION_ARCHIVE/13_PHASE_RECOVERY_ARCHIVE/Phase_03_to_04/PH4-0063_Career_Brain.md | HDR/06_INTELLIGENCE/Behavior_Analysis/PH4-0063_Career_Brain.md
ph4-0064_mission_similarity_search.md,2,HDR/99_MIGRATION_ARCHIVE/13_PHASE_RECOVERY_ARCHIVE/Phase_03_to_04/PH4-0064_Mission_Similarity_Search.md | HDR/05_OPERATIONS/Mission_Lifecycle/PH4-0064_Mission_Similarity_Search.md
ph4-0065_future_identity_simulator.md,2,HDR/99_MIGRATION_ARCHIVE/13_PHASE_RECOVERY_ARCHIVE/Phase_03_to_04/PH4-0065_Future_Identity_Simulator.md | HDR/04_OPERATOR/Identity/PH4-0065_Future_Identity_Simulator.md
ph4-0066_legacy_engine.md,2,HDR/99_MIGRATION_ARCHIVE/13_PHASE_RECOVERY_ARCHIVE/Phase_03_to_04/PH4-0066_Legacy_Engine.md | HDR/12_LEGACY/Long_Term/PH4-0066_Legacy_Engine.md
ph4-0067_institution_reputation.md,2,HDR/99_MIGRATION_ARCHIVE/13_PHASE_RECOVERY_ARCHIVE/Phase_03_to_04/PH4-0067_Institution_Reputation.md | HDR/02_INSTITUTION/Departments/PH4-0067_Institution_Reputation.md
ph4-0068_behavioral_black_box.md,2,HDR/99_MIGRATION_ARCHIVE/13_PHASE_RECOVERY_ARCHIVE/Phase_03_to_04/PH4-0068_Behavioral_Black_Box.md | HDR/04_OPERATOR/Behavioral_Systems/PH4-0068_Behavioral_Black_Box.md
ph4-0069_accident_chain_reconstruction.md,2,HDR/99_MIGRATION_ARCHIVE/13_PHASE_RECOVERY_ARCHIVE/Phase_03_to_04/PH4-0069_Accident_Chain_Reconstruction.md | HDR/06_INTELLIGENCE/Behavior_Analysis/PH4-0069_Accident_Chain_Reconstruction.md
ph4-0070_precursor_library.md,2,HDR/99_MIGRATION_ARCHIVE/13_PHASE_RECOVERY_ARCHIVE/Phase_03_to_04/PH4-0070_Precursor_Library.md | HDR/06_INTELLIGENCE/Pattern_Recognition/PH4-0070_Precursor_Library.md
ph4-0071_mission_timeline.md,2,HDR/99_MIGRATION_ARCHIVE/13_PHASE_RECOVERY_ARCHIVE/Phase_03_to_04/PH4-0071_Mission_Timeline.md | HDR/05_OPERATIONS/Mission_Lifecycle/PH4-0071_Mission_Timeline.md
ph4-0072_chain_of_failure.md,2,HDR/99_MIGRATION_ARCHIVE/13_PHASE_RECOVERY_ARCHIVE/Phase_03_to_04/PH4-0072_Chain_Of_Failure.md | HDR/06_INTELLIGENCE/Behavior_Analysis/PH4-0072_Chain_Of_Failure.md
ph4-0073_chain_of_excellence.md,2,HDR/99_MIGRATION_ARCHIVE/13_PHASE_RECOVERY_ARCHIVE/Phase_03_to_04/PH4-0073_Chain_Of_Excellence.md | HDR/06_INTELLIGENCE/Behavior_Analysis/PH4-0073_Chain_Of_Excellence.md
ph4-0074_butterfly_effect_engine.md,2,HDR/99_MIGRATION_ARCHIVE/13_PHASE_RECOVERY_ARCHIVE/Phase_03_to_04/PH4-0074_Butterfly_Effect_Engine.md | HDR/06_INTELLIGENCE/Behavior_Analysis/PH4-0074_Butterfly_Effect_Engine.md
ph4-0075_point_of_no_return_detection.md,2,HDR/99_MIGRATION_ARCHIVE/13_PHASE_RECOVERY_ARCHIVE/Phase_03_to_04/PH4-0075_Point_Of_No_Return_Detection.md | HDR/06_INTELLIGENCE/Behavior_Analysis/PH4-0075_Point_Of_No_Return_Detection.md
ph4-0076_intervention_ladder.md,2,HDR/99_MIGRATION_ARCHIVE/13_PHASE_RECOVERY_ARCHIVE/Phase_03_to_04/PH4-0076_Intervention_Ladder.md | HDR/06_INTELLIGENCE/Behavior_Analysis/PH4-0076_Intervention_Ladder.md
ph4-0077_mission_pulse.md,2,HDR/99_MIGRATION_ARCHIVE/13_PHASE_RECOVERY_ARCHIVE/Phase_03_to_04/PH4-0077_Mission_Pulse.md | HDR/05_OPERATIONS/Mission_Lifecycle/PH4-0077_Mission_Pulse.md
ph4-0078_mission_dna.md,2,HDR/99_MIGRATION_ARCHIVE/13_PHASE_RECOVERY_ARCHIVE/Phase_03_to_04/PH4-0078_Mission_DNA.md | HDR/05_OPERATIONS/Mission_Lifecycle/PH4-0078_Mission_DNA.md
ph4-0079_hall_of_decisions.md,2,HDR/99_MIGRATION_ARCHIVE/13_PHASE_RECOVERY_ARCHIVE/Phase_03_to_04/PH4-0079_Hall_Of_Decisions.md | HDR/03_BUILDING/Rooms/PH4-0079_Hall_Of_Decisions.md
ph4-0080_behavioral_cascade_detection.md,2,HDR/99_MIGRATION_ARCHIVE/13_PHASE_RECOVERY_ARCHIVE/Phase_03_to_04/PH4-0080_Behavioral_Cascade_Detection.md | HDR/04_OPERATOR/Behavioral_Systems/PH4-0080_Behavioral_Cascade_Detection.md
ph5-0001_behavioral_engine.md,2,HDR/99_MIGRATION_ARCHIVE/13_PHASE_RECOVERY_ARCHIVE/Phase_04_to_05/PH5-0001_Behavioral_Engine.md | HDR/04_OPERATOR/Behavioral_Systems/PH5-0001_Behavioral_Engine.md
ph5-0002_command_chair_engine.md,2,HDR/99_MIGRATION_ARCHIVE/13_PHASE_RECOVERY_ARCHIVE/Phase_04_to_05/PH5-0002_Command_Chair_Engine.md | HDR/03_BUILDING/Symbolic_Objects/PH5-0002_Command_Chair_Engine.md
ph5-0003_command_stability_model.md,2,HDR/99_MIGRATION_ARCHIVE/13_PHASE_RECOVERY_ARCHIVE/Phase_04_to_05/PH5-0003_Command_Stability_Model.md | HDR/04_OPERATOR/Behavioral_Systems/PH5-0003_Command_Stability_Model.md
ph5-0004_behavioral_fingerprints.md,2,HDR/99_MIGRATION_ARCHIVE/13_PHASE_RECOVERY_ARCHIVE/Phase_04_to_05/PH5-0004_Behavioral_Fingerprints.md | HDR/04_OPERATOR/Behavioral_Systems/PH5-0004_Behavioral_Fingerprints.md
ph5-0005_identity_drift_engine.md,2,HDR/99_MIGRATION_ARCHIVE/13_PHASE_RECOVERY_ARCHIVE/Phase_04_to_05/PH5-0005_Identity_Drift_Engine.md | HDR/04_OPERATOR/Identity/PH5-0005_Identity_Drift_Engine.md
ph5-0006_identity_drift_compass_space.md,2,HDR/99_MIGRATION_ARCHIVE/13_PHASE_RECOVERY_ARCHIVE/Phase_04_to_05/PH5-0006_Identity_Drift_Compass_Space.md | HDR/04_OPERATOR/Identity/PH5-0006_Identity_Drift_Compass_Space.md
ph5-0007_ghost_baseline_calibration.md,2,HDR/99_MIGRATION_ARCHIVE/13_PHASE_RECOVERY_ARCHIVE/Phase_04_to_05/PH5-0007_Ghost_Baseline_Calibration.md | HDR/06_INTELLIGENCE/Ghost/PH5-0007_Ghost_Baseline_Calibration.md
ph5-0008_commander_evidence_threshold.md,2,HDR/99_MIGRATION_ARCHIVE/13_PHASE_RECOVERY_ARCHIVE/Phase_04_to_05/PH5-0008_Commander_Evidence_Threshold.md | HDR/02_INSTITUTION/Departments/PH5-0008_Commander_Evidence_Threshold.md
ph5-0009_commander_detects_never_predicts.md,2,HDR/99_MIGRATION_ARCHIVE/13_PHASE_RECOVERY_ARCHIVE/Phase_04_to_05/PH5-0009_Commander_Detects_Never_Predicts.md | HDR/01_CONSTITUTION/Principles/PH5-0009_Commander_Detects_Never_Predicts.md
ph5-0010_decision_graph.md,2,HDR/99_MIGRATION_ARCHIVE/13_PHASE_RECOVERY_ARCHIVE/Phase_04_to_05/PH5-0010_Decision_Graph.md | HDR/06_INTELLIGENCE/Behavior_Analysis/PH5-0010_Decision_Graph.md
ph5-0011_behavioral_gravity.md,2,HDR/99_MIGRATION_ARCHIVE/13_PHASE_RECOVERY_ARCHIVE/Phase_04_to_05/PH5-0011_Behavioral_Gravity.md | HDR/04_OPERATOR/Behavioral_Systems/PH5-0011_Behavioral_Gravity.md
ph5-0012_career_brain.md,2,HDR/99_MIGRATION_ARCHIVE/13_PHASE_RECOVERY_ARCHIVE/Phase_04_to_05/PH5-0012_Career_Brain.md | HDR/06_INTELLIGENCE/Behavior_Analysis/PH5-0012_Career_Brain.md
ph5-0013_mission_similarity_search.md,2,HDR/99_MIGRATION_ARCHIVE/13_PHASE_RECOVERY_ARCHIVE/Phase_04_to_05/PH5-0013_Mission_Similarity_Search.md | HDR/05_OPERATIONS/Mission_Lifecycle/PH5-0013_Mission_Similarity_Search.md
ph5-0014_future_identity_simulator.md,2,HDR/99_MIGRATION_ARCHIVE/13_PHASE_RECOVERY_ARCHIVE/Phase_04_to_05/PH5-0014_Future_Identity_Simulator.md | HDR/04_OPERATOR/Identity/PH5-0014_Future_Identity_Simulator.md
ph5-0015_legacy_engine.md,2,HDR/99_MIGRATION_ARCHIVE/13_PHASE_RECOVERY_ARCHIVE/Phase_04_to_05/PH5-0015_Legacy_Engine.md | HDR/12_LEGACY/Long_Term/PH5-0015_Legacy_Engine.md
ph5-0016_behavioral_black_box.md,2,HDR/99_MIGRATION_ARCHIVE/13_PHASE_RECOVERY_ARCHIVE/Phase_04_to_05/PH5-0016_Behavioral_Black_Box.md | HDR/04_OPERATOR/Behavioral_Systems/PH5-0016_Behavioral_Black_Box.md
ph5-0017_black_box_final_sixty_minutes.md,2,HDR/99_MIGRATION_ARCHIVE/13_PHASE_RECOVERY_ARCHIVE/Phase_04_to_05/PH5-0017_Black_Box_Final_Sixty_Minutes.md | HDR/06_INTELLIGENCE/Black_Box/PH5-0017_Black_Box_Final_Sixty_Minutes.md
ph5-0018_mission_timeline.md,2,HDR/99_MIGRATION_ARCHIVE/13_PHASE_RECOVERY_ARCHIVE/Phase_04_to_05/PH5-0018_Mission_Timeline.md | HDR/05_OPERATIONS/Mission_Lifecycle/PH5-0018_Mission_Timeline.md
ph5-0019_invisible_timeline.md,2,HDR/99_MIGRATION_ARCHIVE/13_PHASE_RECOVERY_ARCHIVE/Phase_04_to_05/PH5-0019_Invisible_Timeline.md | HDR/08_ARCHIVES/Memory_Objects/PH5-0019_Invisible_Timeline.md
ph5-0020_chain_of_failure.md,2,HDR/99_MIGRATION_ARCHIVE/13_PHASE_RECOVERY_ARCHIVE/Phase_04_to_05/PH5-0020_Chain_of_Failure.md | HDR/06_INTELLIGENCE/Behavior_Analysis/PH5-0020_Chain_of_Failure.md
ph5-0021_chain_of_excellence.md,2,HDR/99_MIGRATION_ARCHIVE/13_PHASE_RECOVERY_ARCHIVE/Phase_04_to_05/PH5-0021_Chain_of_Excellence.md | HDR/06_INTELLIGENCE/Behavior_Analysis/PH5-0021_Chain_of_Excellence.md
ph5-0022_butterfly_effect_engine.md,2,HDR/99_MIGRATION_ARCHIVE/13_PHASE_RECOVERY_ARCHIVE/Phase_04_to_05/PH5-0022_Butterfly_Effect_Engine.md | HDR/06_INTELLIGENCE/Behavior_Analysis/PH5-0022_Butterfly_Effect_Engine.md
ph5-0023_mission_forks.md,2,HDR/99_MIGRATION_ARCHIVE/13_PHASE_RECOVERY_ARCHIVE/Phase_04_to_05/PH5-0023_Mission_Forks.md | HDR/05_OPERATIONS/Mission_Lifecycle/PH5-0023_Mission_Forks.md
ph5-0024_point_of_no_return_detector.md,2,HDR/99_MIGRATION_ARCHIVE/13_PHASE_RECOVERY_ARCHIVE/Phase_04_to_05/PH5-0024_Point_of_No_Return_Detector.md | HDR/02_INSTITUTION/Departments/PH5-0024_Point_of_No_Return_Detector.md
ph5-0025_intervention_ladder.md,2,HDR/99_MIGRATION_ARCHIVE/13_PHASE_RECOVERY_ARCHIVE/Phase_04_to_05/PH5-0025_Intervention_Ladder.md | HDR/02_INSTITUTION/Departments/PH5-0025_Intervention_Ladder.md
ph5-0026_mission_pulse.md,2,HDR/99_MIGRATION_ARCHIVE/13_PHASE_RECOVERY_ARCHIVE/Phase_04_to_05/PH5-0026_Mission_Pulse.md | HDR/04_OPERATOR/Behavioral_Systems/PH5-0026_Mission_Pulse.md
ph5-0027_mission_dna.md,2,HDR/99_MIGRATION_ARCHIVE/13_PHASE_RECOVERY_ARCHIVE/Phase_04_to_05/PH5-0027_Mission_DNA.md | HDR/05_OPERATIONS/Mission_Lifecycle/PH5-0027_Mission_DNA.md
ph5-0028_hall_of_decisions.md,2,HDR/99_MIGRATION_ARCHIVE/13_PHASE_RECOVERY_ARCHIVE/Phase_04_to_05/PH5-0028_Hall_of_Decisions.md | HDR/03_BUILDING/Rooms/PH5-0028_Hall_of_Decisions.md
ph5-0029_institutional_memory_engine.md,2,HDR/99_MIGRATION_ARCHIVE/13_PHASE_RECOVERY_ARCHIVE/Phase_04_to_05/PH5-0029_Institutional_Memory_Engine.md | HDR/02_INSTITUTION/Departments/PH5-0029_Institutional_Memory_Engine.md
ph5-0030_legacy_tree.md,2,HDR/99_MIGRATION_ARCHIVE/13_PHASE_RECOVERY_ARCHIVE/Phase_04_to_05/PH5-0030_Legacy_Tree.md | HDR/12_LEGACY/Long_Term/PH5-0030_Legacy_Tree.md
ph5-0031_behavioral_cascade_engine.md,2,HDR/99_MIGRATION_ARCHIVE/13_PHASE_RECOVERY_ARCHIVE/Phase_04_to_05/PH5-0031_Behavioral_Cascade_Engine.md | HDR/04_OPERATOR/Behavioral_Systems/PH5-0031_Behavioral_Cascade_Engine.md
ph5-0032_precursor_library.md,2,HDR/99_MIGRATION_ARCHIVE/13_PHASE_RECOVERY_ARCHIVE/Phase_04_to_05/PH5-0032_Precursor_Library.md | HDR/06_INTELLIGENCE/Pattern_Recognition/PH5-0032_Precursor_Library.md
ph5-0033_project_chimera.md,2,HDR/99_MIGRATION_ARCHIVE/13_PHASE_RECOVERY_ARCHIVE/Phase_04_to_05/PH5-0033_Project_Chimera.md | HDR/06_INTELLIGENCE/Behavior_Analysis/PH5-0033_Project_Chimera.md
ph5-0034_behavioral_weather_forecast.md,2,HDR/99_MIGRATION_ARCHIVE/13_PHASE_RECOVERY_ARCHIVE/Phase_04_to_05/PH5-0034_Behavioral_Weather_Forecast.md | HDR/03_BUILDING/Environmental_Systems/PH5-0034_Behavioral_Weather_Forecast.md
ph5-0035_emotional_pressure_system.md,2,HDR/99_MIGRATION_ARCHIVE/13_PHASE_RECOVERY_ARCHIVE/Phase_04_to_05/PH5-0035_Emotional_Pressure_System.md | HDR/02_INSTITUTION/Departments/PH5-0035_Emotional_Pressure_System.md
ph5-0036_mission_momentum_engine.md,2,HDR/99_MIGRATION_ARCHIVE/13_PHASE_RECOVERY_ARCHIVE/Phase_04_to_05/PH5-0036_Mission_Momentum_Engine.md | HDR/05_OPERATIONS/Mission_Lifecycle/PH5-0036_Mission_Momentum_Engine.md
ph5-0037_cascade_predictor.md,2,HDR/99_MIGRATION_ARCHIVE/13_PHASE_RECOVERY_ARCHIVE/Phase_04_to_05/PH5-0037_Cascade_Predictor.md | HDR/02_INSTITUTION/Departments/PH5-0037_Cascade_Predictor.md
ph5-0038_operation_echoes.md,2,HDR/99_MIGRATION_ARCHIVE/13_PHASE_RECOVERY_ARCHIVE/Phase_04_to_05/PH5-0038_Operation_Echoes.md | HDR/02_INSTITUTION/Departments/PH5-0038_Operation_Echoes.md
ph5-0039_ghost_evolution_engine.md,2,HDR/99_MIGRATION_ARCHIVE/13_PHASE_RECOVERY_ARCHIVE/Phase_04_to_05/PH5-0039_Ghost_Evolution_Engine.md | HDR/06_INTELLIGENCE/Ghost/PH5-0039_Ghost_Evolution_Engine.md
ph5-0040_ghost_comparison.md,2,HDR/99_MIGRATION_ARCHIVE/13_PHASE_RECOVERY_ARCHIVE/Phase_04_to_05/PH5-0040_Ghost_Comparison.md | HDR/06_INTELLIGENCE/Ghost/PH5-0040_Ghost_Comparison.md
ph5-0041_legacy_projection_room.md,2,HDR/99_MIGRATION_ARCHIVE/13_PHASE_RECOVERY_ARCHIVE/Phase_04_to_05/PH5-0041_Legacy_Projection_Room.md | HDR/03_BUILDING/Rooms/PH5-0041_Legacy_Projection_Room.md
ph5-0042_guardian_protocol_level_ii.md,2,HDR/99_MIGRATION_ARCHIVE/13_PHASE_RECOVERY_ARCHIVE/Phase_04_to_05/PH5-0042_Guardian_Protocol_Level_II.md | HDR/02_INSTITUTION/Protocols/PH5-0042_Guardian_Protocol_Level_II.md
ph5-0043_dangerous_phrase_library.md,2,HDR/99_MIGRATION_ARCHIVE/13_PHASE_RECOVERY_ARCHIVE/Phase_04_to_05/PH5-0043_Dangerous_Phrase_Library.md | HDR/02_INSTITUTION/Departments/PH5-0043_Dangerous_Phrase_Library.md
ph5-0044_recovery_signature.md,2,HDR/99_MIGRATION_ARCHIVE/13_PHASE_RECOVERY_ARCHIVE/Phase_04_to_05/PH5-0044_Recovery_Signature.md | HDR/02_INSTITUTION/Departments/PH5-0044_Recovery_Signature.md
ph5-0045_strategy_chamber.md,2,HDR/99_MIGRATION_ARCHIVE/13_PHASE_RECOVERY_ARCHIVE/Phase_04_to_05/PH5-0045_Strategy_Chamber.md | HDR/03_BUILDING/Rooms/PH5-0045_Strategy_Chamber.md
ph5-0046_ai_purpose_principle.md,2,HDR/99_MIGRATION_ARCHIVE/13_PHASE_RECOVERY_ARCHIVE/Phase_04_to_05/PH5-0046_AI_Purpose_Principle.md | HDR/01_CONSTITUTION/Principles/PH5-0046_AI_Purpose_Principle.md
ph5-0047_decision_integrity_engine.md,2,HDR/99_MIGRATION_ARCHIVE/13_PHASE_RECOVERY_ARCHIVE/Phase_04_to_05/PH5-0047_Decision_Integrity_Engine.md | HDR/06_INTELLIGENCE/Behavior_Analysis/PH5-0047_Decision_Integrity_Engine.md
ph5-0048_decision_weighting.md,2,HDR/99_MIGRATION_ARCHIVE/13_PHASE_RECOVERY_ARCHIVE/Phase_04_to_05/PH5-0048_Decision_Weighting.md | HDR/06_INTELLIGENCE/Behavior_Analysis/PH5-0048_Decision_Weighting.md
ph5-0049_critical_decision_tree.md,2,HDR/99_MIGRATION_ARCHIVE/13_PHASE_RECOVERY_ARCHIVE/Phase_04_to_05/PH5-0049_Critical_Decision_Tree.md | HDR/05_OPERATIONS/Debrief/PH5-0049_Critical_Decision_Tree.md
ph5-0050_butterfly_room.md,2,HDR/99_MIGRATION_ARCHIVE/13_PHASE_RECOVERY_ARCHIVE/Phase_04_to_05/PH5-0050_Butterfly_Room.md | HDR/03_BUILDING/Rooms/PH5-0050_Butterfly_Room.md
ph5-0051_decision_debt.md,2,HDR/99_MIGRATION_ARCHIVE/13_PHASE_RECOVERY_ARCHIVE/Phase_04_to_05/PH5-0051_Decision_Debt.md | HDR/04_OPERATOR/Behavioral_Systems/PH5-0051_Decision_Debt.md
ph5-0052_discipline_interest.md,2,HDR/99_MIGRATION_ARCHIVE/13_PHASE_RECOVERY_ARCHIVE/Phase_04_to_05/PH5-0052_Discipline_Interest.md | HDR/04_OPERATOR/Behavioral_Systems/PH5-0052_Discipline_Interest.md
ph5-0053_tactical_compass.md,2,HDR/99_MIGRATION_ARCHIVE/13_PHASE_RECOVERY_ARCHIVE/Phase_04_to_05/PH5-0053_Tactical_Compass.md | HDR/04_OPERATOR/Behavioral_Systems/PH5-0053_Tactical_Compass.md
ph5-0054_headquarters_balance.md,2,HDR/99_MIGRATION_ARCHIVE/13_PHASE_RECOVERY_ARCHIVE/Phase_04_to_05/PH5-0054_Headquarters_Balance.md | HDR/04_OPERATOR/Behavioral_Systems/PH5-0054_Headquarters_Balance.md
ph5-0055_decision_pressure_map.md,2,HDR/99_MIGRATION_ARCHIVE/13_PHASE_RECOVERY_ARCHIVE/Phase_04_to_05/PH5-0055_Decision_Pressure_Map.md | HDR/06_INTELLIGENCE/Behavior_Analysis/PH5-0055_Decision_Pressure_Map.md
ph5-0056_operations_sandbox.md,2,HDR/99_MIGRATION_ARCHIVE/13_PHASE_RECOVERY_ARCHIVE/Phase_04_to_05/PH5-0056_Operations_Sandbox.md | HDR/11_ACADEMY/Training_Protocols/PH5-0056_Operations_Sandbox.md
ph5-0057_guardian_protocol_level_iii.md,2,HDR/99_MIGRATION_ARCHIVE/13_PHASE_RECOVERY_ARCHIVE/Phase_04_to_05/PH5-0057_Guardian_Protocol_Level_III.md | HDR/02_INSTITUTION/Protocols/PH5-0057_Guardian_Protocol_Level_III.md
ph5-0058_golden_week_protocol.md,2,HDR/99_MIGRATION_ARCHIVE/13_PHASE_RECOVERY_ARCHIVE/Phase_04_to_05/PH5-0058_Golden_Week_Protocol.md | HDR/02_INSTITUTION/Protocols/PH5-0058_Golden_Week_Protocol.md
ph5-0059_operator_seasons.md,2,HDR/99_MIGRATION_ARCHIVE/13_PHASE_RECOVERY_ARCHIVE/Phase_04_to_05/PH5-0059_Operator_Seasons.md | HDR/04_OPERATOR/Behavioral_Systems/PH5-0059_Operator_Seasons.md
ph5-0060_mission_forecast_room.md,2,HDR/99_MIGRATION_ARCHIVE/13_PHASE_RECOVERY_ARCHIVE/Phase_04_to_05/PH5-0060_Mission_Forecast_Room.md | HDR/03_BUILDING/Rooms/PH5-0060_Mission_Forecast_Room.md
ph5-0061_career_constitution.md,2,HDR/99_MIGRATION_ARCHIVE/13_PHASE_RECOVERY_ARCHIVE/Phase_04_to_05/PH5-0061_Career_Constitution.md | HDR/01_CONSTITUTION/Principles/PH5-0061_Career_Constitution.md
ph5-0062_operator_compass.md,2,HDR/99_MIGRATION_ARCHIVE/13_PHASE_RECOVERY_ARCHIVE/Phase_04_to_05/PH5-0062_Operator_Compass.md | HDR/04_OPERATOR/Behavioral_Systems/PH5-0062_Operator_Compass.md
ph5-0063_behavioral_gyroscope.md,2,HDR/99_MIGRATION_ARCHIVE/13_PHASE_RECOVERY_ARCHIVE/Phase_04_to_05/PH5-0063_Behavioral_Gyroscope.md | HDR/04_OPERATOR/Behavioral_Systems/PH5-0063_Behavioral_Gyroscope.md
ph5-0064_artificial_horizon.md,2,HDR/99_MIGRATION_ARCHIVE/13_PHASE_RECOVERY_ARCHIVE/Phase_04_to_05/PH5-0064_Artificial_Horizon.md | HDR/04_OPERATOR/Behavioral_Systems/PH5-0064_Artificial_Horizon.md
ph5-0065_psychological_wind_indicator.md,2,HDR/99_MIGRATION_ARCHIVE/13_PHASE_RECOVERY_ARCHIVE/Phase_04_to_05/PH5-0065_Psychological_Wind_Indicator.md | HDR/09_INTERFACE/Screens/PH5-0065_Psychological_Wind_Indicator.md
ph5-0066_gravity_room.md,2,HDR/99_MIGRATION_ARCHIVE/13_PHASE_RECOVERY_ARCHIVE/Phase_04_to_05/PH5-0066_Gravity_Room.md | HDR/03_BUILDING/Rooms/PH5-0066_Gravity_Room.md
ph5-0067_technical_recorder.md,2,HDR/99_MIGRATION_ARCHIVE/13_PHASE_RECOVERY_ARCHIVE/Phase_04_to_05/PH5-0067_Technical_Recorder.md | HDR/08_ARCHIVES/Memory_Objects/PH5-0067_Technical_Recorder.md
ph5-0068_behavioral_recorder.md,2,HDR/99_MIGRATION_ARCHIVE/13_PHASE_RECOVERY_ARCHIVE/Phase_04_to_05/PH5-0068_Behavioral_Recorder.md | HDR/04_OPERATOR/Behavioral_Systems/PH5-0068_Behavioral_Recorder.md
ph5-0069_five_engines_architecture.md,2,HDR/99_MIGRATION_ARCHIVE/13_PHASE_RECOVERY_ARCHIVE/Phase_04_to_05/PH5-0069_Five_Engines_Architecture.md | HDR/07_HQOS/Kernel/PH5-0069_Five_Engines_Architecture.md
ph5-0070_general_staff_model.md,2,HDR/99_MIGRATION_ARCHIVE/13_PHASE_RECOVERY_ARCHIVE/Phase_04_to_05/PH5-0070_General_Staff_Model.md | HDR/02_INSTITUTION/Departments/PH5-0070_General_Staff_Model.md
ph5-0071_medical_officer_recovery_prompt.md,2,HDR/99_MIGRATION_ARCHIVE/13_PHASE_RECOVERY_ARCHIVE/Phase_04_to_05/PH5-0071_Medical_Officer_Recovery_Prompt.md | HDR/02_INSTITUTION/Departments/PH5-0071_Medical_Officer_Recovery_Prompt.md
ph5-0072_engineer_sunday_maintenance.md,2,HDR/99_MIGRATION_ARCHIVE/13_PHASE_RECOVERY_ARCHIVE/Phase_04_to_05/PH5-0072_Engineer_Sunday_Maintenance.md | HDR/02_INSTITUTION/Departments/PH5-0072_Engineer_Sunday_Maintenance.md
ph5-0073_intelligence_officer_three_observations.md,2,HDR/99_MIGRATION_ARCHIVE/13_PHASE_RECOVERY_ARCHIVE/Phase_04_to_05/PH5-0073_Intelligence_Officer_Three_Observations.md | HDR/03_BUILDING/Rooms/PH5-0073_Intelligence_Officer_Three_Observations.md
ph5-0074_operations_officer_procedural_voice.md,2,HDR/99_MIGRATION_ARCHIVE/13_PHASE_RECOVERY_ARCHIVE/Phase_04_to_05/PH5-0074_Operations_Officer_Procedural_Voice.md | HDR/02_INSTITUTION/Departments/PH5-0074_Operations_Officer_Procedural_Voice.md
ph5-0075_shift_changes.md,2,HDR/99_MIGRATION_ARCHIVE/13_PHASE_RECOVERY_ARCHIVE/Phase_04_to_05/PH5-0075_Shift_Changes.md | HDR/07_HQOS/Kernel/PH5-0075_Shift_Changes.md
ph5-0076_campaign_table.md,2,HDR/99_MIGRATION_ARCHIVE/13_PHASE_RECOVERY_ARCHIVE/Phase_04_to_05/PH5-0076_Campaign_Table.md | HDR/03_BUILDING/Rooms/PH5-0076_Campaign_Table.md
ph5-0077_decision_radius.md,2,HDR/99_MIGRATION_ARCHIVE/13_PHASE_RECOVERY_ARCHIVE/Phase_04_to_05/PH5-0077_Decision_Radius.md | HDR/09_INTERFACE/Screens/PH5-0077_Decision_Radius.md
ph5-0078_legacy_wall.md,2,HDR/99_MIGRATION_ARCHIVE/13_PHASE_RECOVERY_ARCHIVE/Phase_04_to_05/PH5-0078_Legacy_Wall.md | HDR/12_LEGACY/Long_Term/PH5-0078_Legacy_Wall.md
ph5-0079_command_chair_floor_inscription.md,2,HDR/99_MIGRATION_ARCHIVE/13_PHASE_RECOVERY_ARCHIVE/Phase_04_to_05/PH5-0079_Command_Chair_Floor_Inscription.md | HDR/03_BUILDING/Symbolic_Objects/PH5-0079_Command_Chair_Floor_Inscription.md
ph5-0080_professional_operating_environment_principle.md,2,HDR/99_MIGRATION_ARCHIVE/13_PHASE_RECOVERY_ARCHIVE/Phase_04_to_05/PH5-0080_Professional_Operating_Environment_Principle.md | HDR/01_CONSTITUTION/Principles/PH5-0080_Professional_Operating_Environment_Principle.md
ph5-0081_mission_control_comparison_principle.md,2,HDR/99_MIGRATION_ARCHIVE/13_PHASE_RECOVERY_ARCHIVE/Phase_04_to_05/PH5-0081_Mission_Control_Comparison_Principle.md | HDR/01_CONSTITUTION/Principles/PH5-0081_Mission_Control_Comparison_Principle.md
ph5-0082_identity_stability_metric.md,2,HDR/99_MIGRATION_ARCHIVE/13_PHASE_RECOVERY_ARCHIVE/Phase_04_to_05/PH5-0082_Identity_Stability_Metric.md | HDR/04_OPERATOR/Identity/PH5-0082_Identity_Stability_Metric.md
ph5-0083_professional_alignment_score.md,2,HDR/99_MIGRATION_ARCHIVE/13_PHASE_RECOVERY_ARCHIVE/Phase_04_to_05/PH5-0083_Professional_Alignment_Score.md | HDR/04_OPERATOR/Behavioral_Systems/PH5-0083_Professional_Alignment_Score.md
ph5-0084_behavior_match_confidence.md,2,HDR/99_MIGRATION_ARCHIVE/13_PHASE_RECOVERY_ARCHIVE/Phase_04_to_05/PH5-0084_Behavior_Match_Confidence.md | HDR/04_OPERATOR/Behavioral_Systems/PH5-0084_Behavior_Match_Confidence.md
ph5-0085_intervention_confidence_scoring.md,2,HDR/99_MIGRATION_ARCHIVE/13_PHASE_RECOVERY_ARCHIVE/Phase_04_to_05/PH5-0085_Intervention_Confidence_Scoring.md | HDR/06_INTELLIGENCE/Behavior_Analysis/PH5-0085_Intervention_Confidence_Scoring.md
ph5-0086_mission_reconstruction_view.md,2,HDR/99_MIGRATION_ARCHIVE/13_PHASE_RECOVERY_ARCHIVE/Phase_04_to_05/PH5-0086_Mission_Reconstruction_View.md | HDR/05_OPERATIONS/Debrief/PH5-0086_Mission_Reconstruction_View.md
ph5-0087_alternative_timeline_view.md,2,HDR/99_MIGRATION_ARCHIVE/13_PHASE_RECOVERY_ARCHIVE/Phase_04_to_05/PH5-0087_Alternative_Timeline_View.md | HDR/05_OPERATIONS/Debrief/PH5-0087_Alternative_Timeline_View.md
ph5-0088_decision_quality_vs_execution_score.md,2,HDR/99_MIGRATION_ARCHIVE/13_PHASE_RECOVERY_ARCHIVE/Phase_04_to_05/PH5-0088_Decision_Quality_vs_Execution_Score.md | HDR/05_OPERATIONS/Debrief/PH5-0088_Decision_Quality_vs_Execution_Score.md
ph5-0089_outcome_separation_rule.md,2,HDR/99_MIGRATION_ARCHIVE/13_PHASE_RECOVERY_ARCHIVE/Phase_04_to_05/PH5-0089_Outcome_Separation_Rule.md | HDR/01_CONSTITUTION/Principles/PH5-0089_Outcome_Separation_Rule.md
ph5-0090_precursor_sequence_alert.md,2,HDR/99_MIGRATION_ARCHIVE/13_PHASE_RECOVERY_ARCHIVE/Phase_04_to_05/PH5-0090_Precursor_Sequence_Alert.md | HDR/02_INSTITUTION/Departments/PH5-0090_Precursor_Sequence_Alert.md
ph6-0001_doctrine_engine.md,2,HDR/99_MIGRATION_ARCHIVE/13_PHASE_RECOVERY_ARCHIVE/Phase_05_to_06/PH6-0001_Doctrine_Engine.md | HDR/06_INTELLIGENCE/Behavior_Analysis/PH6-0001_Doctrine_Engine.md
ph6-0002_doctrine_levels.md,2,HDR/99_MIGRATION_ARCHIVE/13_PHASE_RECOVERY_ARCHIVE/Phase_05_to_06/PH6-0002_Doctrine_Levels.md | HDR/08_ARCHIVES/Doctrine/PH6-0002_Doctrine_Levels.md
ph6-0003_evidence_collection_started_state.md,2,HDR/99_MIGRATION_ARCHIVE/13_PHASE_RECOVERY_ARCHIVE/Phase_05_to_06/PH6-0003_Evidence_Collection_Started_State.md | HDR/08_ARCHIVES/Doctrine/PH6-0003_Evidence_Collection_Started_State.md
ph6-0004_doctrine_printer_ceremony.md,2,HDR/99_MIGRATION_ARCHIVE/13_PHASE_RECOVERY_ARCHIVE/Phase_05_to_06/PH6-0004_Doctrine_Printer_Ceremony.md | HDR/08_ARCHIVES/Doctrine/PH6-0004_Doctrine_Printer_Ceremony.md
ph6-0005_doctrine_chamber.md,2,HDR/99_MIGRATION_ARCHIVE/13_PHASE_RECOVERY_ARCHIVE/Phase_05_to_06/PH6-0005_Doctrine_Chamber.md | HDR/03_BUILDING/Rooms/PH6-0005_Doctrine_Chamber.md
ph6-0006_rule_graveyard.md,2,HDR/99_MIGRATION_ARCHIVE/13_PHASE_RECOVERY_ARCHIVE/Phase_05_to_06/PH6-0006_Rule_Graveyard.md | HDR/08_ARCHIVES/Doctrine/PH6-0006_Rule_Graveyard.md
ph6-0007_doctrine_wars.md,2,HDR/99_MIGRATION_ARCHIVE/13_PHASE_RECOVERY_ARCHIVE/Phase_05_to_06/PH6-0007_Doctrine_Wars.md | HDR/08_ARCHIVES/Doctrine/PH6-0007_Doctrine_Wars.md
ph6-0008_exceptional_authorization.md,2,HDR/99_MIGRATION_ARCHIVE/13_PHASE_RECOVERY_ARCHIVE/Phase_05_to_06/PH6-0008_Exceptional_Authorization.md | HDR/05_OPERATIONS/Authorization/PH6-0008_Exceptional_Authorization.md
ph6-0009_false_rule_detection.md,2,HDR/99_MIGRATION_ARCHIVE/13_PHASE_RECOVERY_ARCHIVE/Phase_05_to_06/PH6-0009_False_Rule_Detection.md | HDR/06_INTELLIGENCE/Behavior_Analysis/PH6-0009_False_Rule_Detection.md
ph6-0010_myth_library.md,2,HDR/99_MIGRATION_ARCHIVE/13_PHASE_RECOVERY_ARCHIVE/Phase_05_to_06/PH6-0010_Myth_Library.md | HDR/08_ARCHIVES/Memory_Objects/PH6-0010_Myth_Library.md
ph6-0011_doctrine_confidence.md,2,HDR/99_MIGRATION_ARCHIVE/13_PHASE_RECOVERY_ARCHIVE/Phase_05_to_06/PH6-0011_Doctrine_Confidence.md | HDR/08_ARCHIVES/Doctrine/PH6-0011_Doctrine_Confidence.md
ph6-0012_living_sop.md,2,HDR/99_MIGRATION_ARCHIVE/13_PHASE_RECOVERY_ARCHIVE/Phase_05_to_06/PH6-0012_Living_SOP.md | HDR/10_ENGINEERING/Architecture/PH6-0012_Living_SOP.md
ph6-0013_operational_doctrine_trees.md,2,HDR/99_MIGRATION_ARCHIVE/13_PHASE_RECOVERY_ARCHIVE/Phase_05_to_06/PH6-0013_Operational_Doctrine_Trees.md | HDR/08_ARCHIVES/Doctrine/PH6-0013_Operational_Doctrine_Trees.md
ph6-0014_personal_laws_of_nature.md,2,HDR/99_MIGRATION_ARCHIVE/13_PHASE_RECOVERY_ARCHIVE/Phase_05_to_06/PH6-0014_Personal_Laws_of_Nature.md | HDR/06_INTELLIGENCE/Behavior_Analysis/PH6-0014_Personal_Laws_of_Nature.md
ph6-0015_complacency_division.md,2,HDR/99_MIGRATION_ARCHIVE/13_PHASE_RECOVERY_ARCHIVE/Phase_05_to_06/PH6-0015_Complacency_Division.md | HDR/02_INSTITUTION/Departments/PH6-0015_Complacency_Division.md
ph6-0016_success_monitoring.md,2,HDR/99_MIGRATION_ARCHIVE/13_PHASE_RECOVERY_ARCHIVE/Phase_05_to_06/PH6-0016_Success_Monitoring.md | HDR/02_INSTITUTION/Departments/PH6-0016_Success_Monitoring.md
ph6-0017_success_drift.md,2,HDR/99_MIGRATION_ARCHIVE/13_PHASE_RECOVERY_ARCHIVE/Phase_05_to_06/PH6-0017_Success_Drift.md | HDR/04_OPERATOR/Behavioral_Systems/PH6-0017_Success_Drift.md
ph6-0018_confidence_ceiling.md,2,HDR/99_MIGRATION_ARCHIVE/13_PHASE_RECOVERY_ARCHIVE/Phase_05_to_06/PH6-0018_Confidence_Ceiling.md | HDR/04_OPERATOR/Behavioral_Systems/PH6-0018_Confidence_Ceiling.md
ph6-0019_professional_paradox.md,2,HDR/99_MIGRATION_ARCHIVE/13_PHASE_RECOVERY_ARCHIVE/Phase_05_to_06/PH6-0019_Professional_Paradox.md | HDR/01_CONSTITUTION/Principles/PH6-0019_Professional_Paradox.md
ph6-0020_guardian_phase_ii_humility_protection.md,2,HDR/99_MIGRATION_ARCHIVE/13_PHASE_RECOVERY_ARCHIVE/Phase_05_to_06/PH6-0020_Guardian_Phase_II_Humility_Protection.md | HDR/02_INSTITUTION/Departments/PH6-0020_Guardian_Phase_II_Humility_Protection.md
ph6-0021_trophy_room_of_evidence.md,2,HDR/99_MIGRATION_ARCHIVE/13_PHASE_RECOVERY_ARCHIVE/Phase_05_to_06/PH6-0021_Trophy_Room_of_Evidence.md | HDR/03_BUILDING/Rooms/PH6-0021_Trophy_Room_of_Evidence.md
ph6-0022_hall_of_fallen_giants.md,2,HDR/99_MIGRATION_ARCHIVE/13_PHASE_RECOVERY_ARCHIVE/Phase_05_to_06/PH6-0022_Hall_of_Fallen_Giants.md | HDR/03_BUILDING/Rooms/PH6-0022_Hall_of_Fallen_Giants.md
ph6-0023_success_with_warning_classification.md,2,HDR/99_MIGRATION_ARCHIVE/13_PHASE_RECOVERY_ARCHIVE/Phase_05_to_06/PH6-0023_Success_With_Warning_Classification.md | HDR/08_ARCHIVES/Memory_Objects/PH6-0023_Success_With_Warning_Classification.md
ph6-0024_decay_engine.md,2,HDR/99_MIGRATION_ARCHIVE/13_PHASE_RECOVERY_ARCHIVE/Phase_05_to_06/PH6-0024_Decay_Engine.md | HDR/04_OPERATOR/Behavioral_Systems/PH6-0024_Decay_Engine.md
ph6-0025_skill_maintenance.md,2,HDR/99_MIGRATION_ARCHIVE/13_PHASE_RECOVERY_ARCHIVE/Phase_05_to_06/PH6-0025_Skill_Maintenance.md | HDR/06_INTELLIGENCE/Behavior_Analysis/PH6-0025_Skill_Maintenance.md
ph6-0026_identity_insurance_policy.md,2,HDR/99_MIGRATION_ARCHIVE/13_PHASE_RECOVERY_ARCHIVE/Phase_05_to_06/PH6-0026_Identity_Insurance_Policy.md | HDR/04_OPERATOR/Identity/PH6-0026_Identity_Insurance_Policy.md
ph6-0027_hall_of_future_operators.md,2,HDR/99_MIGRATION_ARCHIVE/13_PHASE_RECOVERY_ARCHIVE/Phase_05_to_06/PH6-0027_Hall_of_Future_Operators.md | HDR/03_BUILDING/Rooms/PH6-0027_Hall_of_Future_Operators.md
ph6-0028_annual_review_council.md,2,HDR/99_MIGRATION_ARCHIVE/13_PHASE_RECOVERY_ARCHIVE/Phase_05_to_06/PH6-0028_Annual_Review_Council.md | HDR/02_INSTITUTION/Council/PH6-0028_Annual_Review_Council.md
ph6-0029_legacy_archive.md,2,HDR/99_MIGRATION_ARCHIVE/13_PHASE_RECOVERY_ARCHIVE/Phase_05_to_06/PH6-0029_Legacy_Archive.md | HDR/08_ARCHIVES/Legacy/PH6-0029_Legacy_Archive.md
ph6-0030_headquarters_axiom_vote_for_future.md,2,HDR/99_MIGRATION_ARCHIVE/13_PHASE_RECOVERY_ARCHIVE/Phase_05_to_06/PH6-0030_Headquarters_Axiom_Vote_For_Future.md | HDR/01_CONSTITUTION/Principles/PH6-0030_Headquarters_Axiom_Vote_For_Future.md
ph6-0031_professional_identity_management.md,2,HDR/99_MIGRATION_ARCHIVE/13_PHASE_RECOVERY_ARCHIVE/Phase_05_to_06/PH6-0031_Professional_Identity_Management.md | HDR/04_OPERATOR/Identity/PH6-0031_Professional_Identity_Management.md
ph6-0032_headquarters_manifesto.md,2,HDR/99_MIGRATION_ARCHIVE/13_PHASE_RECOVERY_ARCHIVE/Phase_05_to_06/PH6-0032_Headquarters_Manifesto.md | HDR/01_CONSTITUTION/Principles/PH6-0032_Headquarters_Manifesto.md
ph6-0033_no_manipulation_law.md,2,HDR/99_MIGRATION_ARCHIVE/13_PHASE_RECOVERY_ARCHIVE/Phase_05_to_06/PH6-0033_No_Manipulation_Law.md | HDR/01_CONSTITUTION/Principles/PH6-0033_No_Manipulation_Law.md
ph6-0034_no_shame_law.md,2,HDR/99_MIGRATION_ARCHIVE/13_PHASE_RECOVERY_ARCHIVE/Phase_05_to_06/PH6-0034_No_Shame_Law.md | HDR/01_CONSTITUTION/Principles/PH6-0034_No_Shame_Law.md
ph6-0035_respect_the_operator_law.md,2,HDR/99_MIGRATION_ARCHIVE/13_PHASE_RECOVERY_ARCHIVE/Phase_05_to_06/PH6-0035_Respect_The_Operator_Law.md | HDR/01_CONSTITUTION/Principles/PH6-0035_Respect_The_Operator_Law.md
ph6-0036_no_money_celebration_law.md,2,HDR/99_MIGRATION_ARCHIVE/13_PHASE_RECOVERY_ARCHIVE/Phase_05_to_06/PH6-0036_No_Money_Celebration_Law.md | HDR/01_CONSTITUTION/Principles/PH6-0036_No_Money_Celebration_Law.md
ph6-0037_institutional_health.md,2,HDR/99_MIGRATION_ARCHIVE/13_PHASE_RECOVERY_ARCHIVE/Phase_05_to_06/PH6-0037_Institutional_Health.md | HDR/02_INSTITUTION/Departments/PH6-0037_Institutional_Health.md
ph6-0038_engineering_oath.md,2,HDR/99_MIGRATION_ARCHIVE/13_PHASE_RECOVERY_ARCHIVE/Phase_05_to_06/PH6-0038_Engineering_Oath.md | HDR/02_INSTITUTION/Departments/PH6-0038_Engineering_Oath.md
ph6-0039_headquarters_minimalism.md,2,HDR/99_MIGRATION_ARCHIVE/13_PHASE_RECOVERY_ARCHIVE/Phase_05_to_06/PH6-0039_Headquarters_Minimalism.md | HDR/09_INTERFACE/Screens/PH6-0039_Headquarters_Minimalism.md
ph6-0040_three_second_screen_rule.md,2,HDR/99_MIGRATION_ARCHIVE/13_PHASE_RECOVERY_ARCHIVE/Phase_05_to_06/PH6-0040_Three_Second_Screen_Rule.md | HDR/09_INTERFACE/Screens/PH6-0040_Three_Second_Screen_Rule.md
ph6-0041_no_decoration_rule.md,2,HDR/99_MIGRATION_ARCHIVE/13_PHASE_RECOVERY_ARCHIVE/Phase_05_to_06/PH6-0041_No_Decoration_Rule.md | HDR/09_INTERFACE/Screens/PH6-0041_No_Decoration_Rule.md
ph6-0042_architectural_review_board.md,2,HDR/99_MIGRATION_ARCHIVE/13_PHASE_RECOVERY_ARCHIVE/Phase_05_to_06/PH6-0042_Architectural_Review_Board.md | HDR/02_INSTITUTION/Departments/PH6-0042_Architectural_Review_Board.md
ph6-0043_founder_test.md,2,HDR/99_MIGRATION_ARCHIVE/13_PHASE_RECOVERY_ARCHIVE/Phase_05_to_06/PH6-0043_Founder_Test.md | HDR/10_ENGINEERING/Testing/PH6-0043_Founder_Test.md
ph6-0044_archive_of_removed_features.md,2,HDR/99_MIGRATION_ARCHIVE/13_PHASE_RECOVERY_ARCHIVE/Phase_05_to_06/PH6-0044_Archive_of_Removed_Features.md | HDR/08_ARCHIVES/Memory_Objects/PH6-0044_Archive_of_Removed_Features.md
ph6-0045_longevity_optimization.md,2,HDR/99_MIGRATION_ARCHIVE/13_PHASE_RECOVERY_ARCHIVE/Phase_05_to_06/PH6-0045_Longevity_Optimization.md | HDR/02_INSTITUTION/Departments/PH6-0045_Longevity_Optimization.md
ph6-0046_command_chair_test.md,2,HDR/99_MIGRATION_ARCHIVE/13_PHASE_RECOVERY_ARCHIVE/Phase_05_to_06/PH6-0046_Command_Chair_Test.md | HDR/02_INSTITUTION/Departments/PH6-0046_Command_Chair_Test.md
ph6-0047_chain_of_command.md,2,HDR/99_MIGRATION_ARCHIVE/13_PHASE_RECOVERY_ARCHIVE/Phase_05_to_06/PH6-0047_Chain_of_Command.md | HDR/02_INSTITUTION/Departments/PH6-0047_Chain_of_Command.md
ph6-0048_command_authority_detection.md,2,HDR/99_MIGRATION_ARCHIVE/13_PHASE_RECOVERY_ARCHIVE/Phase_05_to_06/PH6-0048_Command_Authority_Detection.md | HDR/04_OPERATOR/Behavioral_Systems/PH6-0048_Command_Authority_Detection.md
ph6-0049_acting_commander_states.md,2,HDR/99_MIGRATION_ARCHIVE/13_PHASE_RECOVERY_ARCHIVE/Phase_05_to_06/PH6-0049_Acting_Commander_States.md | HDR/02_INSTITUTION/Departments/PH6-0049_Acting_Commander_States.md
ph6-0050_emergency_succession.md,2,HDR/99_MIGRATION_ARCHIVE/13_PHASE_RECOVERY_ARCHIVE/Phase_05_to_06/PH6-0050_Emergency_Succession.md | HDR/02_INSTITUTION/Departments/PH6-0050_Emergency_Succession.md
ph6-0051_command_transfer_ceremony.md,2,HDR/99_MIGRATION_ARCHIVE/13_PHASE_RECOVERY_ARCHIVE/Phase_05_to_06/PH6-0051_Command_Transfer_Ceremony.md | HDR/10_ENGINEERING/Architecture/PH6-0051_Command_Transfer_Ceremony.md
ph6-0052_rules_of_engagement.md,2,HDR/99_MIGRATION_ARCHIVE/13_PHASE_RECOVERY_ARCHIVE/Phase_05_to_06/PH6-0052_Rules_of_Engagement.md | HDR/10_ENGINEERING/Architecture/PH6-0052_Rules_of_Engagement.md
ph6-0053_authority_levels.md,2,HDR/99_MIGRATION_ARCHIVE/13_PHASE_RECOVERY_ARCHIVE/Phase_05_to_06/PH6-0053_Authority_Levels.md | HDR/07_HQOS/Kernel/PH6-0053_Authority_Levels.md
ph6-0054_operations_journal.md,2,HDR/99_MIGRATION_ARCHIVE/13_PHASE_RECOVERY_ARCHIVE/Phase_05_to_06/PH6-0054_Operations_Journal.md | HDR/08_ARCHIVES/Memory_Objects/PH6-0054_Operations_Journal.md
ph6-0055_situation_room.md,2,HDR/99_MIGRATION_ARCHIVE/13_PHASE_RECOVERY_ARCHIVE/Phase_05_to_06/PH6-0055_Situation_Room.md | HDR/03_BUILDING/Rooms/PH6-0055_Situation_Room.md
ph6-0056_command_ledger.md,2,HDR/99_MIGRATION_ARCHIVE/13_PHASE_RECOVERY_ARCHIVE/Phase_05_to_06/PH6-0056_Command_Ledger.md | HDR/08_ARCHIVES/Memory_Objects/PH6-0056_Command_Ledger.md
ph6-0057_operational_readiness_conditions.md,2,HDR/99_MIGRATION_ARCHIVE/13_PHASE_RECOVERY_ARCHIVE/Phase_05_to_06/PH6-0057_Operational_Readiness_Conditions.md | HDR/10_ENGINEERING/Architecture/PH6-0057_Operational_Readiness_Conditions.md
ph6-0058_permission_to_deploy.md,2,HDR/99_MIGRATION_ARCHIVE/13_PHASE_RECOVERY_ARCHIVE/Phase_05_to_06/PH6-0058_Permission_To_Deploy.md | HDR/05_OPERATIONS/Mission_Lifecycle/PH6-0058_Permission_To_Deploy.md
ph6-0059_chair_never_lies_symbol.md,2,HDR/99_MIGRATION_ARCHIVE/13_PHASE_RECOVERY_ARCHIVE/Phase_05_to_06/PH6-0059_Chair_Never_Lies_Symbol.md | HDR/03_BUILDING/Symbolic_Objects/PH6-0059_Chair_Never_Lies_Symbol.md
ph6-0060_operator_passport.md,2,HDR/99_MIGRATION_ARCHIVE/13_PHASE_RECOVERY_ARCHIVE/Phase_05_to_06/PH6-0060_Operator_Passport.md | HDR/04_OPERATOR/Behavioral_Systems/PH6-0060_Operator_Passport.md
ph6-0061_monday_flag_raising_ceremony.md,2,HDR/99_MIGRATION_ARCHIVE/13_PHASE_RECOVERY_ARCHIVE/Phase_05_to_06/PH6-0061_Monday_Flag_Raising_Ceremony.md | HDR/06_INTELLIGENCE/Behavior_Analysis/PH6-0061_Monday_Flag_Raising_Ceremony.md
ph6-0062_last_resort_protocol.md,2,HDR/99_MIGRATION_ARCHIVE/13_PHASE_RECOVERY_ARCHIVE/Phase_05_to_06/PH6-0062_Last_Resort_Protocol.md | HDR/02_INSTITUTION/Protocols/PH6-0062_Last_Resort_Protocol.md
ph6-0063_principle_of_command.md,2,HDR/99_MIGRATION_ARCHIVE/13_PHASE_RECOVERY_ARCHIVE/Phase_05_to_06/PH6-0063_Principle_of_Command.md | HDR/01_CONSTITUTION/Principles/PH6-0063_Principle_of_Command.md
ph6-0064_daily_command_chair_question.md,2,HDR/99_MIGRATION_ARCHIVE/13_PHASE_RECOVERY_ARCHIVE/Phase_05_to_06/PH6-0064_Daily_Command_Chair_Question.md | HDR/03_BUILDING/Symbolic_Objects/PH6-0064_Daily_Command_Chair_Question.md
ph6-0065_headquarters_exists_when_market_closed.md,2,HDR/99_MIGRATION_ARCHIVE/13_PHASE_RECOVERY_ARCHIVE/Phase_05_to_06/PH6-0065_Headquarters_Exists_When_Market_Closed.md | HDR/10_ENGINEERING/Architecture/PH6-0065_Headquarters_Exists_When_Market_Closed.md
ph6-0066_operations_calendar.md,2,HDR/99_MIGRATION_ARCHIVE/13_PHASE_RECOVERY_ARCHIVE/Phase_05_to_06/PH6-0066_Operations_Calendar.md | HDR/10_ENGINEERING/Architecture/PH6-0066_Operations_Calendar.md
ph6-0067_ambient_department_activity.md,2,HDR/99_MIGRATION_ARCHIVE/13_PHASE_RECOVERY_ARCHIVE/Phase_05_to_06/PH6-0067_Ambient_Department_Activity.md | HDR/02_INSTITUTION/Departments/PH6-0067_Ambient_Department_Activity.md
ph6-0068_founders_office_locked_door.md,2,HDR/99_MIGRATION_ARCHIVE/13_PHASE_RECOVERY_ARCHIVE/Phase_05_to_06/PH6-0068_Founders_Office_Locked_Door.md | HDR/03_BUILDING/Rooms/PH6-0068_Founders_Office_Locked_Door.md
ph6-0069_silence_as_approval.md,2,HDR/99_MIGRATION_ARCHIVE/13_PHASE_RECOVERY_ARCHIVE/Phase_05_to_06/PH6-0069_Silence_As_Approval.md | HDR/10_ENGINEERING/Architecture/PH6-0069_Silence_As_Approval.md
ph6-0070_observation_protocol.md,2,HDR/99_MIGRATION_ARCHIVE/13_PHASE_RECOVERY_ARCHIVE/Phase_05_to_06/PH6-0070_Observation_Protocol.md | HDR/10_ENGINEERING/Architecture/PH6-0070_Observation_Protocol.md
ph6-0071_invisible_victories_recognition.md,2,HDR/99_MIGRATION_ARCHIVE/13_PHASE_RECOVERY_ARCHIVE/Phase_05_to_06/PH6-0071_Invisible_Victories_Recognition.md | HDR/10_ENGINEERING/Architecture/PH6-0071_Invisible_Victories_Recognition.md
ph6-0072_doctrine_flame.md,2,HDR/99_MIGRATION_ARCHIVE/13_PHASE_RECOVERY_ARCHIVE/Phase_05_to_06/PH6-0072_Doctrine_Flame.md | HDR/03_BUILDING/Symbolic_Objects/PH6-0072_Doctrine_Flame.md
ph6-0073_legacy_transfer.md,2,HDR/99_MIGRATION_ARCHIVE/13_PHASE_RECOVERY_ARCHIVE/Phase_05_to_06/PH6-0073_Legacy_Transfer.md | HDR/12_LEGACY/Long_Term/PH6-0073_Legacy_Transfer.md
ph6-0074_institutional_memory_core.md,2,HDR/99_MIGRATION_ARCHIVE/13_PHASE_RECOVERY_ARCHIVE/Phase_05_to_06/PH6-0074_Institutional_Memory_Core.md | HDR/02_INSTITUTION/Departments/PH6-0074_Institutional_Memory_Core.md
ph6-0075_five_mission_artifacts.md,2,HDR/99_MIGRATION_ARCHIVE/13_PHASE_RECOVERY_ARCHIVE/Phase_05_to_06/PH6-0075_Five_Mission_Artifacts.md | HDR/05_OPERATIONS/Mission_Lifecycle/PH6-0075_Five_Mission_Artifacts.md
ph6-0076_memory_pyramid.md,2,HDR/99_MIGRATION_ARCHIVE/13_PHASE_RECOVERY_ARCHIVE/Phase_05_to_06/PH6-0076_Memory_Pyramid.md | HDR/08_ARCHIVES/Memory_Objects/PH6-0076_Memory_Pyramid.md
ph6-0077_campaign_books.md,2,HDR/99_MIGRATION_ARCHIVE/13_PHASE_RECOVERY_ARCHIVE/Phase_05_to_06/PH6-0077_Campaign_Books.md | HDR/05_OPERATIONS/Campaigns/PH6-0077_Campaign_Books.md
ph6-0078_memory_importance_rating.md,2,HDR/99_MIGRATION_ARCHIVE/13_PHASE_RECOVERY_ARCHIVE/Phase_05_to_06/PH6-0078_Memory_Importance_Rating.md | HDR/08_ARCHIVES/Memory_Objects/PH6-0078_Memory_Importance_Rating.md
ph6-0079_memory_graph.md,2,HDR/99_MIGRATION_ARCHIVE/13_PHASE_RECOVERY_ARCHIVE/Phase_05_to_06/PH6-0079_Memory_Graph.md | HDR/08_ARCHIVES/Memory_Objects/PH6-0079_Memory_Graph.md
ph6-0080_historical_events.md,2,HDR/99_MIGRATION_ARCHIVE/13_PHASE_RECOVERY_ARCHIVE/Phase_05_to_06/PH6-0080_Historical_Events.md | HDR/07_HQOS/Event_Bus/PH6-0080_Historical_Events.md
ph6-0081_idea_family_trees.md,2,HDR/99_MIGRATION_ARCHIVE/13_PHASE_RECOVERY_ARCHIVE/Phase_05_to_06/PH6-0081_Idea_Family_Trees.md | HDR/08_ARCHIVES/Memory_Objects/PH6-0081_Idea_Family_Trees.md
ph6-0082_saved_missions_ledger.md,2,HDR/99_MIGRATION_ARCHIVE/13_PHASE_RECOVERY_ARCHIVE/Phase_05_to_06/PH6-0082_Saved_Missions_Ledger.md | HDR/02_INSTITUTION/Departments/PH6-0082_Saved_Missions_Ledger.md
ph6-0083_hall_of_recovery.md,2,HDR/99_MIGRATION_ARCHIVE/13_PHASE_RECOVERY_ARCHIVE/Phase_05_to_06/PH6-0083_Hall_of_Recovery.md | HDR/03_BUILDING/Rooms/PH6-0083_Hall_of_Recovery.md
ph6-0084_historian_perspective_messages.md,2,HDR/99_MIGRATION_ARCHIVE/13_PHASE_RECOVERY_ARCHIVE/Phase_05_to_06/PH6-0084_Historian_Perspective_Messages.md | HDR/02_INSTITUTION/Departments/PH6-0084_Historian_Perspective_Messages.md
ph6-0085_living_museum.md,2,HDR/99_MIGRATION_ARCHIVE/13_PHASE_RECOVERY_ARCHIVE/Phase_05_to_06/PH6-0085_Living_Museum.md | HDR/08_ARCHIVES/Memory_Objects/PH6-0085_Living_Museum.md
ph6-0086_capsule_ceremony.md,2,HDR/99_MIGRATION_ARCHIVE/13_PHASE_RECOVERY_ARCHIVE/Phase_05_to_06/PH6-0086_Capsule_Ceremony.md | HDR/12_LEGACY/Long_Term/PH6-0086_Capsule_Ceremony.md
ph6-0087_institutional_memory_principle.md,2,HDR/99_MIGRATION_ARCHIVE/13_PHASE_RECOVERY_ARCHIVE/Phase_05_to_06/PH6-0087_Institutional_Memory_Principle.md | HDR/01_CONSTITUTION/Principles/PH6-0087_Institutional_Memory_Principle.md
ph6-0088_campaign_versioning.md,2,HDR/99_MIGRATION_ARCHIVE/13_PHASE_RECOVERY_ARCHIVE/Phase_05_to_06/PH6-0088_Campaign_Versioning.md | HDR/02_INSTITUTION/Departments/PH6-0088_Campaign_Versioning.md
ph6-0089_time_architecture.md,2,HDR/99_MIGRATION_ARCHIVE/13_PHASE_RECOVERY_ARCHIVE/Phase_05_to_06/PH6-0089_Time_Architecture.md | HDR/10_ENGINEERING/Architecture/PH6-0089_Time_Architecture.md
ph6-0090_three_clocks.md,2,HDR/99_MIGRATION_ARCHIVE/13_PHASE_RECOVERY_ARCHIVE/Phase_05_to_06/PH6-0090_Three_Clocks.md | HDR/09_INTERFACE/Screens/PH6-0090_Three_Clocks.md
ph6-0091_long_war_perspective.md,2,HDR/99_MIGRATION_ARCHIVE/13_PHASE_RECOVERY_ARCHIVE/Phase_05_to_06/PH6-0091_Long_War_Perspective.md | HDR/10_ENGINEERING/Architecture/PH6-0091_Long_War_Perspective.md
ph6-0092_operator_seasons.md,2,HDR/99_MIGRATION_ARCHIVE/13_PHASE_RECOVERY_ARCHIVE/Phase_05_to_06/PH6-0092_Operator_Seasons.md | HDR/04_OPERATOR/Behavioral_Systems/PH6-0092_Operator_Seasons.md
ph6-0093_strategic_patience.md,2,HDR/99_MIGRATION_ARCHIVE/13_PHASE_RECOVERY_ARCHIVE/Phase_05_to_06/PH6-0093_Strategic_Patience.md | HDR/10_ENGINEERING/Architecture/PH6-0093_Strategic_Patience.md
ph6-0094_campaign_room.md,2,HDR/99_MIGRATION_ARCHIVE/13_PHASE_RECOVERY_ARCHIVE/Phase_05_to_06/PH6-0094_Campaign_Room.md | HDR/03_BUILDING/Rooms/PH6-0094_Campaign_Room.md
ph6-0095_mission_drift_detection.md,2,HDR/99_MIGRATION_ARCHIVE/13_PHASE_RECOVERY_ARCHIVE/Phase_05_to_06/PH6-0095_Mission_Drift_Detection.md | HDR/04_OPERATOR/Behavioral_Systems/PH6-0095_Mission_Drift_Detection.md
ph6-0096_future_archive_shelves.md,2,HDR/99_MIGRATION_ARCHIVE/13_PHASE_RECOVERY_ARCHIVE/Phase_05_to_06/PH6-0096_Future_Archive_Shelves.md | HDR/03_BUILDING/Rooms/PH6-0096_Future_Archive_Shelves.md
ph6-0097_institutional_maturity_model.md,2,HDR/99_MIGRATION_ARCHIVE/13_PHASE_RECOVERY_ARCHIVE/Phase_05_to_06/PH6-0097_Institutional_Maturity_Model.md | HDR/02_INSTITUTION/Departments/PH6-0097_Institutional_Maturity_Model.md
ph6-0098_archives_terminology.md,2,HDR/99_MIGRATION_ARCHIVE/13_PHASE_RECOVERY_ARCHIVE/Phase_05_to_06/PH6-0098_Archives_Terminology.md | HDR/08_ARCHIVES/Memory_Objects/PH6-0098_Archives_Terminology.md
ph6-0099_memory_capital_principle.md,2,HDR/99_MIGRATION_ARCHIVE/13_PHASE_RECOVERY_ARCHIVE/Phase_05_to_06/PH6-0099_Memory_Capital_Principle.md | HDR/01_CONSTITUTION/Principles/PH6-0099_Memory_Capital_Principle.md
ph6-0100_headquarters_evolution_law.md,2,HDR/99_MIGRATION_ARCHIVE/13_PHASE_RECOVERY_ARCHIVE/Phase_05_to_06/PH6-0100_Headquarters_Evolution_Law.md | HDR/12_LEGACY/Evolution/PH6-0100_Headquarters_Evolution_Law.md
readme.md,5,README.md | HDR/00_PROJECT/README.md | HDR/02_INSTITUTION/README.md | HDR/13_PHASE_RECOVERY/README.md | HDR/99_MIGRATION_ARCHIVE/13_PHASE_RECOVERY_ARCHIVE/README.md
rec-0600_headquarters_manifesto.md,2,HDR/99_MIGRATION_ARCHIVE/13_PHASE_RECOVERY_ARCHIVE/Phase_06_to_07x/Constitution/REC-0600_Headquarters_Manifesto.md | HDR/01_CONSTITUTION/Principles/REC-0600_Headquarters_Manifesto.md
rec-0601_minimum_viable_institution.md,2,HDR/99_MIGRATION_ARCHIVE/13_PHASE_RECOVERY_ARCHIVE/Phase_06_to_07x/Engineering/REC-0601_Minimum_Viable_Institution.md | HDR/02_INSTITUTION/Departments/REC-0601_Minimum_Viable_Institution.md
rec-0602_command_chair_test.md,2,HDR/99_MIGRATION_ARCHIVE/13_PHASE_RECOVERY_ARCHIVE/Phase_06_to_07x/Constitution/REC-0602_Command_Chair_Test.md | HDR/01_CONSTITUTION/Principles/REC-0602_Command_Chair_Test.md
rec-0610_chain_of_command.md,2,HDR/99_MIGRATION_ARCHIVE/13_PHASE_RECOVERY_ARCHIVE/Phase_06_to_07x/Operator_Command/REC-0610_Chain_of_Command.md | HDR/04_OPERATOR/Behavioral_Systems/REC-0610_Chain_of_Command.md
rec-0611_acting_commander_states.md,2,HDR/99_MIGRATION_ARCHIVE/13_PHASE_RECOVERY_ARCHIVE/Phase_06_to_07x/Operator_Command/REC-0611_Acting_Commander_States.md | HDR/02_INSTITUTION/Departments/REC-0611_Acting_Commander_States.md
rec-0612_command_transfer_ceremony.md,2,HDR/99_MIGRATION_ARCHIVE/13_PHASE_RECOVERY_ARCHIVE/Phase_06_to_07x/Operator_Command/REC-0612_Command_Transfer_Ceremony.md | HDR/04_OPERATOR/Behavioral_Systems/REC-0612_Command_Transfer_Ceremony.md
rec-0613_emergency_succession.md,2,HDR/99_MIGRATION_ARCHIVE/13_PHASE_RECOVERY_ARCHIVE/Phase_06_to_07x/Operator_Command/REC-0613_Emergency_Succession.md | HDR/04_OPERATOR/Behavioral_Systems/REC-0613_Emergency_Succession.md
rec-0614_rules_of_engagement.md,2,HDR/99_MIGRATION_ARCHIVE/13_PHASE_RECOVERY_ARCHIVE/Phase_06_to_07x/Operator_Command/REC-0614_Rules_of_Engagement.md | HDR/04_OPERATOR/Behavioral_Systems/REC-0614_Rules_of_Engagement.md
rec-0615_authority_levels.md,2,HDR/99_MIGRATION_ARCHIVE/13_PHASE_RECOVERY_ARCHIVE/Phase_06_to_07x/Operator_Command/REC-0615_Authority_Levels.md | HDR/04_OPERATOR/Behavioral_Systems/REC-0615_Authority_Levels.md
rec-0616_command_ledger.md,2,HDR/99_MIGRATION_ARCHIVE/13_PHASE_RECOVERY_ARCHIVE/Phase_06_to_07x/Operator_Command/REC-0616_Command_Ledger.md | HDR/04_OPERATOR/Behavioral_Systems/REC-0616_Command_Ledger.md
rec-0617_operational_readiness_conditions.md,2,HDR/99_MIGRATION_ARCHIVE/13_PHASE_RECOVERY_ARCHIVE/Phase_06_to_07x/Operator_Command/REC-0617_Operational_Readiness_Conditions.md | HDR/04_OPERATOR/Behavioral_Systems/REC-0617_Operational_Readiness_Conditions.md
rec-0618_chair_never_lies_indicator.md,2,HDR/99_MIGRATION_ARCHIVE/13_PHASE_RECOVERY_ARCHIVE/Phase_06_to_07x/Operator_Command/REC-0618_Chair_Never_Lies_Indicator.md | HDR/03_BUILDING/Symbolic_Objects/REC-0618_Chair_Never_Lies_Indicator.md
rec-0619_last_resort_protocol.md,2,HDR/99_MIGRATION_ARCHIVE/13_PHASE_RECOVERY_ARCHIVE/Phase_06_to_07x/Operator_Command/REC-0619_Last_Resort_Protocol.md | HDR/04_OPERATOR/Behavioral_Systems/REC-0619_Last_Resort_Protocol.md
rec-0620_headquarters_exists_when_market_closed.md,2,HDR/99_MIGRATION_ARCHIVE/13_PHASE_RECOVERY_ARCHIVE/Phase_06_to_07x/Operations/REC-0620_Headquarters_Exists_When_Market_Closed.md | HDR/10_ENGINEERING/Architecture/REC-0620_Headquarters_Exists_When_Market_Closed.md
rec-0621_operations_calendar.md,2,HDR/99_MIGRATION_ARCHIVE/13_PHASE_RECOVERY_ARCHIVE/Phase_06_to_07x/Operations/REC-0621_Operations_Calendar.md | HDR/10_ENGINEERING/Architecture/REC-0621_Operations_Calendar.md
rec-0622_department_ambient_activity.md,2,HDR/99_MIGRATION_ARCHIVE/13_PHASE_RECOVERY_ARCHIVE/Phase_06_to_07x/Building/REC-0622_Department_Ambient_Activity.md | HDR/02_INSTITUTION/Departments/REC-0622_Department_Ambient_Activity.md
rec-0623_founder_locked_office.md,2,HDR/99_MIGRATION_ARCHIVE/13_PHASE_RECOVERY_ARCHIVE/Phase_06_to_07x/Legacy/REC-0623_Founder_Locked_Office.md | HDR/03_BUILDING/Rooms/REC-0623_Founder_Locked_Office.md
rec-0624_observation_protocol.md,2,HDR/99_MIGRATION_ARCHIVE/13_PHASE_RECOVERY_ARCHIVE/Phase_06_to_07x/Operations/REC-0624_Observation_Protocol.md | HDR/10_ENGINEERING/Architecture/REC-0624_Observation_Protocol.md
rec-0625_recognition_office_invisible_victories.md,2,HDR/99_MIGRATION_ARCHIVE/13_PHASE_RECOVERY_ARCHIVE/Phase_06_to_07x/Institution/REC-0625_Recognition_Office_Invisible_Victories.md | HDR/02_INSTITUTION/Departments/REC-0625_Recognition_Office_Invisible_Victories.md
rec-0626_doctrine_flame.md,2,HDR/99_MIGRATION_ARCHIVE/13_PHASE_RECOVERY_ARCHIVE/Phase_06_to_07x/Building/REC-0626_Doctrine_Flame.md | HDR/03_BUILDING/Symbolic_Objects/REC-0626_Doctrine_Flame.md
rec-0627_legacy_transfer.md,2,HDR/99_MIGRATION_ARCHIVE/13_PHASE_RECOVERY_ARCHIVE/Phase_06_to_07x/Legacy/REC-0627_Legacy_Transfer.md | HDR/12_LEGACY/Long_Term/REC-0627_Legacy_Transfer.md
rec-0628_exit_wall_inscription.md,2,HDR/99_MIGRATION_ARCHIVE/13_PHASE_RECOVERY_ARCHIVE/Phase_06_to_07x/Building/REC-0628_Exit_Wall_Inscription.md | HDR/03_BUILDING/Rooms/REC-0628_Exit_Wall_Inscription.md
rec-0630_institutional_memory_core.md,2,HDR/99_MIGRATION_ARCHIVE/13_PHASE_RECOVERY_ARCHIVE/Phase_06_to_07x/Archives_Time/REC-0630_Institutional_Memory_Core.md | HDR/02_INSTITUTION/Departments/REC-0630_Institutional_Memory_Core.md
rec-0631_five_mission_artifacts.md,2,HDR/99_MIGRATION_ARCHIVE/13_PHASE_RECOVERY_ARCHIVE/Phase_06_to_07x/Archives_Time/REC-0631_Five_Mission_Artifacts.md | HDR/05_OPERATIONS/Mission_Lifecycle/REC-0631_Five_Mission_Artifacts.md
rec-0632_memory_pyramid.md,2,HDR/99_MIGRATION_ARCHIVE/13_PHASE_RECOVERY_ARCHIVE/Phase_06_to_07x/Archives_Time/REC-0632_Memory_Pyramid.md | HDR/08_ARCHIVES/Memory_Objects/REC-0632_Memory_Pyramid.md
rec-0633_campaign_books.md,2,HDR/99_MIGRATION_ARCHIVE/13_PHASE_RECOVERY_ARCHIVE/Phase_06_to_07x/Archives_Time/REC-0633_Campaign_Books.md | HDR/05_OPERATIONS/Campaigns/REC-0633_Campaign_Books.md
rec-0634_memory_graph.md,2,HDR/99_MIGRATION_ARCHIVE/13_PHASE_RECOVERY_ARCHIVE/Phase_06_to_07x/Archives_Time/REC-0634_Memory_Graph.md | HDR/08_ARCHIVES/Memory_Objects/REC-0634_Memory_Graph.md
rec-0635_saved_missions_ledger.md,2,HDR/99_MIGRATION_ARCHIVE/13_PHASE_RECOVERY_ARCHIVE/Phase_06_to_07x/Archives_Time/REC-0635_Saved_Missions_Ledger.md | HDR/05_OPERATIONS/Mission_Lifecycle/REC-0635_Saved_Missions_Ledger.md
rec-0636_time_capsule_ceremony.md,2,HDR/99_MIGRATION_ARCHIVE/13_PHASE_RECOVERY_ARCHIVE/Phase_06_to_07x/Archives_Time/REC-0636_Time_Capsule_Ceremony.md | HDR/08_ARCHIVES/Legacy/REC-0636_Time_Capsule_Ceremony.md
rec-0637_memory_confidence.md,2,HDR/99_MIGRATION_ARCHIVE/13_PHASE_RECOVERY_ARCHIVE/Phase_06_to_07x/Archives_Time/REC-0637_Memory_Confidence.md | HDR/08_ARCHIVES/Memory_Objects/REC-0637_Memory_Confidence.md
rec-0640_time_architecture.md,2,HDR/99_MIGRATION_ARCHIVE/13_PHASE_RECOVERY_ARCHIVE/Phase_06_to_07x/Archives_Time/REC-0640_Time_Architecture.md | HDR/08_ARCHIVES/Memory_Objects/REC-0640_Time_Architecture.md
rec-0641_three_clocks.md,2,HDR/99_MIGRATION_ARCHIVE/13_PHASE_RECOVERY_ARCHIVE/Phase_06_to_07x/Archives_Time/REC-0641_Three_Clocks.md | HDR/08_ARCHIVES/Memory_Objects/REC-0641_Three_Clocks.md
rec-0642_career_status_campaign_interrupted_career_continues.md,2,HDR/99_MIGRATION_ARCHIVE/13_PHASE_RECOVERY_ARCHIVE/Phase_06_to_07x/Archives_Time/REC-0642_Career_Status_Campaign_Interrupted_Career_Continues.md | HDR/05_OPERATIONS/Campaigns/REC-0642_Career_Status_Campaign_Interrupted_Career_Continues.md
rec-0643_operator_seasons.md,2,HDR/99_MIGRATION_ARCHIVE/13_PHASE_RECOVERY_ARCHIVE/Phase_06_to_07x/Archives_Time/REC-0643_Operator_Seasons.md | HDR/04_OPERATOR/Behavioral_Systems/REC-0643_Operator_Seasons.md
rec-0644_strategic_patience.md,2,HDR/99_MIGRATION_ARCHIVE/13_PHASE_RECOVERY_ARCHIVE/Phase_06_to_07x/Archives_Time/REC-0644_Strategic_Patience.md | HDR/08_ARCHIVES/Memory_Objects/REC-0644_Strategic_Patience.md
rec-0645_future_archive_shelves.md,2,HDR/99_MIGRATION_ARCHIVE/13_PHASE_RECOVERY_ARCHIVE/Phase_06_to_07x/Archives_Time/REC-0645_Future_Archive_Shelves.md | HDR/08_ARCHIVES/Memory_Objects/REC-0645_Future_Archive_Shelves.md
rec-0646_institutional_maturity.md,2,HDR/99_MIGRATION_ARCHIVE/13_PHASE_RECOVERY_ARCHIVE/Phase_06_to_07x/Archives_Time/REC-0646_Institutional_Maturity.md | HDR/02_INSTITUTION/Departments/REC-0646_Institutional_Maturity.md
rec-0647_archives_naming_doctrine.md,2,HDR/99_MIGRATION_ARCHIVE/13_PHASE_RECOVERY_ARCHIVE/Phase_06_to_07x/Archives_Time/REC-0647_Archives_Naming_Doctrine.md | HDR/08_ARCHIVES/Doctrine/REC-0647_Archives_Naming_Doctrine.md
rec-0650_operational_cycle.md,2,HDR/99_MIGRATION_ARCHIVE/13_PHASE_RECOVERY_ARCHIVE/Phase_06_to_07x/Operations/REC-0650_Operational_Cycle.md | HDR/05_OPERATIONS/Mission_Lifecycle/REC-0650_Operational_Cycle.md
rec-0651_arrival_report.md,2,HDR/99_MIGRATION_ARCHIVE/13_PHASE_RECOVERY_ARCHIVE/Phase_06_to_07x/Operations/REC-0651_Arrival_Report.md | HDR/10_ENGINEERING/Architecture/REC-0651_Arrival_Report.md
rec-0652_operational_state_classification.md,2,HDR/99_MIGRATION_ARCHIVE/13_PHASE_RECOVERY_ARCHIVE/Phase_06_to_07x/Operations/REC-0652_Operational_State_Classification.md | HDR/10_ENGINEERING/Architecture/REC-0652_Operational_State_Classification.md
rec-0653_deployment_window.md,2,HDR/99_MIGRATION_ARCHIVE/13_PHASE_RECOVERY_ARCHIVE/Phase_06_to_07x/Operations/REC-0653_Deployment_Window.md | HDR/05_OPERATIONS/Authorization/REC-0653_Deployment_Window.md
rec-0654_ready_room_lockers.md,2,HDR/99_MIGRATION_ARCHIVE/13_PHASE_RECOVERY_ARCHIVE/Phase_06_to_07x/Building/REC-0654_Ready_Room_Lockers.md | HDR/03_BUILDING/Rooms/REC-0654_Ready_Room_Lockers.md
rec-0655_command_seal.md,2,HDR/99_MIGRATION_ARCHIVE/13_PHASE_RECOVERY_ARCHIVE/Phase_06_to_07x/Operations/REC-0655_Command_Seal.md | HDR/10_ENGINEERING/Architecture/REC-0655_Command_Seal.md
rec-0660_headquarters_culture.md,2,HDR/99_MIGRATION_ARCHIVE/13_PHASE_RECOVERY_ARCHIVE/Phase_06_to_07x/Constitution/REC-0660_Headquarters_Culture.md | HDR/01_CONSTITUTION/Culture/REC-0660_Headquarters_Culture.md
rec-0661_headquarters_covenant.md,2,HDR/99_MIGRATION_ARCHIVE/13_PHASE_RECOVERY_ARCHIVE/Phase_06_to_07x/Constitution/REC-0661_Headquarters_Covenant.md | HDR/01_CONSTITUTION/Culture/REC-0661_Headquarters_Covenant.md
rec-0662_four_pillars_truth_discipline_responsibility_improvement.md,2,HDR/99_MIGRATION_ARCHIVE/13_PHASE_RECOVERY_ARCHIVE/Phase_06_to_07x/Constitution/REC-0662_Four_Pillars_Truth_Discipline_Responsibility_Improvement.md | HDR/01_CONSTITUTION/Principles/REC-0662_Four_Pillars_Truth_Discipline_Responsibility_Improvement.md
rec-0670_presence_engine.md,2,HDR/99_MIGRATION_ARCHIVE/13_PHASE_RECOVERY_ARCHIVE/Phase_06_to_07x/Building/REC-0670_Presence_Engine.md | HDR/03_BUILDING/Rooms/REC-0670_Presence_Engine.md
rec-0671_transition_zone.md,2,HDR/99_MIGRATION_ARCHIVE/13_PHASE_RECOVERY_ARCHIVE/Phase_06_to_07x/Building/REC-0671_Transition_Zone.md | HDR/03_BUILDING/Rooms/REC-0671_Transition_Zone.md
rec-0672_command_light_alignment.md,2,HDR/99_MIGRATION_ARCHIVE/13_PHASE_RECOVERY_ARCHIVE/Phase_06_to_07x/Building/REC-0672_Command_Light_Alignment.md | HDR/03_BUILDING/Rooms/REC-0672_Command_Light_Alignment.md
rec-0673_shadow_protocol.md,2,HDR/99_MIGRATION_ARCHIVE/13_PHASE_RECOVERY_ARCHIVE/Phase_06_to_07x/Building/REC-0673_Shadow_Protocol.md | HDR/03_BUILDING/Environmental_Systems/REC-0673_Shadow_Protocol.md
rec-0674_dawn_protocol.md,2,HDR/99_MIGRATION_ARCHIVE/13_PHASE_RECOVERY_ARCHIVE/Phase_06_to_07x/Building/REC-0674_Dawn_Protocol.md | HDR/03_BUILDING/Rooms/REC-0674_Dawn_Protocol.md
rec-0675_night_protocol.md,2,HDR/99_MIGRATION_ARCHIVE/13_PHASE_RECOVERY_ARCHIVE/Phase_06_to_07x/Building/REC-0675_Night_Protocol.md | HDR/03_BUILDING/Rooms/REC-0675_Night_Protocol.md
rec-0680_trust_engine.md,2,HDR/99_MIGRATION_ARCHIVE/13_PHASE_RECOVERY_ARCHIVE/Phase_06_to_07x/Institution/REC-0680_Trust_Engine.md | HDR/02_INSTITUTION/Departments/REC-0680_Trust_Engine.md
rec-0681_recommendation_ledger.md,2,HDR/99_MIGRATION_ARCHIVE/13_PHASE_RECOVERY_ARCHIVE/Phase_06_to_07x/Institution/REC-0681_Recommendation_Ledger.md | HDR/02_INSTITUTION/Departments/REC-0681_Recommendation_Ledger.md
rec-0682_silence_budget.md,2,HDR/99_MIGRATION_ARCHIVE/13_PHASE_RECOVERY_ARCHIVE/Phase_06_to_07x/Institution/REC-0682_Silence_Budget.md | HDR/02_INSTITUTION/Departments/REC-0682_Silence_Budget.md
rec-0683_one_sentence_rule.md,2,HDR/99_MIGRATION_ARCHIVE/13_PHASE_RECOVERY_ARCHIVE/Phase_06_to_07x/Institution/REC-0683_One_Sentence_Rule.md | HDR/02_INSTITUTION/Departments/REC-0683_One_Sentence_Rule.md
rec-0684_graduation_test.md,2,HDR/99_MIGRATION_ARCHIVE/13_PHASE_RECOVERY_ARCHIVE/Phase_06_to_07x/Academy/REC-0684_Graduation_Test.md | HDR/10_ENGINEERING/Testing/REC-0684_Graduation_Test.md
rec-0690_stewardship_engine.md,2,HDR/99_MIGRATION_ARCHIVE/13_PHASE_RECOVERY_ARCHIVE/Phase_06_to_07x/Stewardship_Judgment/REC-0690_Stewardship_Engine.md | HDR/04_OPERATOR/Judgment/REC-0690_Stewardship_Engine.md
rec-0691_capital_under_protection_language.md,2,HDR/99_MIGRATION_ARCHIVE/13_PHASE_RECOVERY_ARCHIVE/Phase_06_to_07x/Stewardship_Judgment/REC-0691_Capital_Under_Protection_Language.md | HDR/04_OPERATOR/Judgment/REC-0691_Capital_Under_Protection_Language.md
rec-0692_stewards_desk.md,2,HDR/99_MIGRATION_ARCHIVE/13_PHASE_RECOVERY_ARCHIVE/Phase_06_to_07x/Stewardship_Judgment/REC-0692_Stewards_Desk.md | HDR/04_OPERATOR/Judgment/REC-0692_Stewards_Desk.md
rec-0693_vault_walk.md,2,HDR/99_MIGRATION_ARCHIVE/13_PHASE_RECOVERY_ARCHIVE/Phase_06_to_07x/Stewardship_Judgment/REC-0693_Vault_Walk.md | HDR/03_BUILDING/Rooms/REC-0693_Vault_Walk.md
rec-0694_custodian_oath.md,2,HDR/99_MIGRATION_ARCHIVE/13_PHASE_RECOVERY_ARCHIVE/Phase_06_to_07x/Stewardship_Judgment/REC-0694_Custodian_Oath.md | HDR/04_OPERATOR/Judgment/REC-0694_Custodian_Oath.md
rec-0695_capital_integrity.md,2,HDR/99_MIGRATION_ARCHIVE/13_PHASE_RECOVERY_ARCHIVE/Phase_06_to_07x/Stewardship_Judgment/REC-0695_Capital_Integrity.md | HDR/04_OPERATOR/Judgment/REC-0695_Capital_Integrity.md
rec-0696_success_burden.md,2,HDR/99_MIGRATION_ARCHIVE/13_PHASE_RECOVERY_ARCHIVE/Phase_06_to_07x/Stewardship_Judgment/REC-0696_Success_Burden.md | HDR/04_OPERATOR/Judgment/REC-0696_Success_Burden.md
rec-0700_judgment_engine.md,2,HDR/99_MIGRATION_ARCHIVE/13_PHASE_RECOVERY_ARCHIVE/Phase_06_to_07x/Stewardship_Judgment/REC-0700_Judgment_Engine.md | HDR/04_OPERATOR/Judgment/REC-0700_Judgment_Engine.md
rec-0701_judgment_reserve.md,2,HDR/99_MIGRATION_ARCHIVE/13_PHASE_RECOVERY_ARCHIVE/Phase_06_to_07x/Stewardship_Judgment/REC-0701_Judgment_Reserve.md | HDR/04_OPERATOR/Judgment/REC-0701_Judgment_Reserve.md
rec-0702_decision_fatigue_counter.md,2,HDR/99_MIGRATION_ARCHIVE/13_PHASE_RECOVERY_ARCHIVE/Phase_06_to_07x/Stewardship_Judgment/REC-0702_Decision_Fatigue_Counter.md | HDR/04_OPERATOR/Judgment/REC-0702_Decision_Fatigue_Counter.md
rec-0703_decision_precision.md,2,HDR/99_MIGRATION_ARCHIVE/13_PHASE_RECOVERY_ARCHIVE/Phase_06_to_07x/Stewardship_Judgment/REC-0703_Decision_Precision.md | HDR/04_OPERATOR/Judgment/REC-0703_Decision_Precision.md
rec-0704_mental_noise_detector.md,2,HDR/99_MIGRATION_ARCHIVE/13_PHASE_RECOVERY_ARCHIVE/Phase_06_to_07x/Stewardship_Judgment/REC-0704_Mental_Noise_Detector.md | HDR/04_OPERATOR/Judgment/REC-0704_Mental_Noise_Detector.md
rec-0705_noise_floor.md,2,HDR/99_MIGRATION_ARCHIVE/13_PHASE_RECOVERY_ARCHIVE/Phase_06_to_07x/Stewardship_Judgment/REC-0705_Noise_Floor.md | HDR/04_OPERATOR/Judgment/REC-0705_Noise_Floor.md
rec-0706_decision_latency_graph.md,2,HDR/99_MIGRATION_ARCHIVE/13_PHASE_RECOVERY_ARCHIVE/Phase_06_to_07x/Stewardship_Judgment/REC-0706_Decision_Latency_Graph.md | HDR/04_OPERATOR/Judgment/REC-0706_Decision_Latency_Graph.md
rec-0707_thinking_room_protocol.md,2,HDR/99_MIGRATION_ARCHIVE/13_PHASE_RECOVERY_ARCHIVE/Phase_06_to_07x/Stewardship_Judgment/REC-0707_Thinking_Room_Protocol.md | HDR/03_BUILDING/Rooms/REC-0707_Thinking_Room_Protocol.md
rec-0708_judgment_echoes.md,2,HDR/99_MIGRATION_ARCHIVE/13_PHASE_RECOVERY_ARCHIVE/Phase_06_to_07x/Stewardship_Judgment/REC-0708_Judgment_Echoes.md | HDR/04_OPERATOR/Judgment/REC-0708_Judgment_Echoes.md
rec-0709_hall_of_restraint.md,2,HDR/99_MIGRATION_ARCHIVE/13_PHASE_RECOVERY_ARCHIVE/Phase_06_to_07x/Stewardship_Judgment/REC-0709_Hall_of_Restraint.md | HDR/03_BUILDING/Rooms/REC-0709_Hall_of_Restraint.md
rec-0710_intelligence_network.md,2,HDR/99_MIGRATION_ARCHIVE/13_PHASE_RECOVERY_ARCHIVE/Phase_06_to_07x/Intelligence/REC-0710_Intelligence_Network.md | HDR/06_INTELLIGENCE/Behavior_Analysis/REC-0710_Intelligence_Network.md
rec-0711_department_bus_priority_levels.md,2,HDR/99_MIGRATION_ARCHIVE/13_PHASE_RECOVERY_ARCHIVE/Phase_06_to_07x/Intelligence/REC-0711_Department_Bus_Priority_Levels.md | HDR/02_INSTITUTION/Departments/REC-0711_Department_Bus_Priority_Levels.md
rec-0712_institutional_consensus.md,2,HDR/99_MIGRATION_ARCHIVE/13_PHASE_RECOVERY_ARCHIVE/Phase_06_to_07x/Intelligence/REC-0712_Institutional_Consensus.md | HDR/02_INSTITUTION/Departments/REC-0712_Institutional_Consensus.md
rec-0713_intelligence_cases.md,2,HDR/99_MIGRATION_ARCHIVE/13_PHASE_RECOVERY_ARCHIVE/Phase_06_to_07x/Intelligence/REC-0713_Intelligence_Cases.md | HDR/06_INTELLIGENCE/Behavior_Analysis/REC-0713_Intelligence_Cases.md
rec-0720_cognitive_architecture.md,2,HDR/99_MIGRATION_ARCHIVE/13_PHASE_RECOVERY_ARCHIVE/Phase_06_to_07x/Intelligence/REC-0720_Cognitive_Architecture.md | HDR/06_INTELLIGENCE/Behavior_Analysis/REC-0720_Cognitive_Architecture.md
rec-0721_council_chamber_deliberation.md,2,HDR/99_MIGRATION_ARCHIVE/13_PHASE_RECOVERY_ARCHIVE/Phase_06_to_07x/Intelligence/REC-0721_Council_Chamber_Deliberation.md | HDR/02_INSTITUTION/Council/REC-0721_Council_Chamber_Deliberation.md
rec-0722_operator_model_single_truth.md,2,HDR/99_MIGRATION_ARCHIVE/13_PHASE_RECOVERY_ARCHIVE/Phase_06_to_07x/Intelligence/REC-0722_Operator_Model_Single_Truth.md | HDR/04_OPERATOR/Behavioral_Systems/REC-0722_Operator_Model_Single_Truth.md
rec-0723_working_memory_and_long_memory.md,2,HDR/99_MIGRATION_ARCHIVE/13_PHASE_RECOVERY_ARCHIVE/Phase_06_to_07x/Intelligence/REC-0723_Working_Memory_and_Long_Memory.md | HDR/06_INTELLIGENCE/Behavior_Analysis/REC-0723_Working_Memory_and_Long_Memory.md
rec-0724_reflection_engine.md,2,HDR/99_MIGRATION_ARCHIVE/13_PHASE_RECOVERY_ARCHIVE/Phase_06_to_07x/Intelligence/REC-0724_Reflection_Engine.md | HDR/06_INTELLIGENCE/Behavior_Analysis/REC-0724_Reflection_Engine.md
rec-0725_curiosity_engine.md,2,HDR/99_MIGRATION_ARCHIVE/13_PHASE_RECOVERY_ARCHIVE/Phase_06_to_07x/Intelligence/REC-0725_Curiosity_Engine.md | HDR/06_INTELLIGENCE/Behavior_Analysis/REC-0725_Curiosity_Engine.md
rec-0730_hqos_kernel.md,2,HDR/99_MIGRATION_ARCHIVE/13_PHASE_RECOVERY_ARCHIVE/Phase_06_to_07x/HQOS/REC-0730_HQOS_Kernel.md | HDR/07_HQOS/Kernel/REC-0730_HQOS_Kernel.md
rec-0731_everything_is_an_event.md,2,HDR/99_MIGRATION_ARCHIVE/13_PHASE_RECOVERY_ARCHIVE/Phase_06_to_07x/HQOS/REC-0731_Everything_Is_An_Event.md | HDR/07_HQOS/Event_Bus/REC-0731_Everything_Is_An_Event.md
rec-0732_mission_kernel.md,2,HDR/99_MIGRATION_ARCHIVE/13_PHASE_RECOVERY_ARCHIVE/Phase_06_to_07x/HQOS/REC-0732_Mission_Kernel.md | HDR/05_OPERATIONS/Mission_Lifecycle/REC-0732_Mission_Kernel.md
rec-0733_department_event_bus.md,2,HDR/99_MIGRATION_ARCHIVE/13_PHASE_RECOVERY_ARCHIVE/Phase_06_to_07x/HQOS/REC-0733_Department_Event_Bus.md | HDR/02_INSTITUTION/Departments/REC-0733_Department_Event_Bus.md
rec-0734_hqos_heartbeat.md,2,HDR/99_MIGRATION_ARCHIVE/13_PHASE_RECOVERY_ARCHIVE/Phase_06_to_07x/HQOS/REC-0734_HQOS_Heartbeat.md | HDR/03_BUILDING/Environmental_Systems/REC-0734_HQOS_Heartbeat.md
rec-0735_night_operations_service.md,2,HDR/99_MIGRATION_ARCHIVE/13_PHASE_RECOVERY_ARCHIVE/Phase_06_to_07x/HQOS/REC-0735_Night_Operations_Service.md | HDR/07_HQOS/Background_Services/REC-0735_Night_Operations_Service.md
rec-0736_operational_anomaly_handling.md,2,HDR/99_MIGRATION_ARCHIVE/13_PHASE_RECOVERY_ARCHIVE/Phase_06_to_07x/HQOS/REC-0736_Operational_Anomaly_Handling.md | HDR/07_HQOS/Kernel/REC-0736_Operational_Anomaly_Handling.md
rec-0740_rhythm_engine.md,2,HDR/99_MIGRATION_ARCHIVE/13_PHASE_RECOVERY_ARCHIVE/Phase_06_to_07x/Operations/REC-0740_Rhythm_Engine.md | HDR/10_ENGINEERING/Architecture/REC-0740_Rhythm_Engine.md
rec-0741_monday_campaign_ceremony.md,2,HDR/99_MIGRATION_ARCHIVE/13_PHASE_RECOVERY_ARCHIVE/Phase_06_to_07x/Operations/REC-0741_Monday_Campaign_Ceremony.md | HDR/05_OPERATIONS/Campaigns/REC-0741_Monday_Campaign_Ceremony.md
rec-0742_monthly_council_review.md,2,HDR/99_MIGRATION_ARCHIVE/13_PHASE_RECOVERY_ARCHIVE/Phase_06_to_07x/Operations/REC-0742_Monthly_Council_Review.md | HDR/02_INSTITUTION/Council/REC-0742_Monthly_Council_Review.md
rec-0743_annual_stewardship_review.md,2,HDR/99_MIGRATION_ARCHIVE/13_PHASE_RECOVERY_ARCHIVE/Phase_06_to_07x/Operations/REC-0743_Annual_Stewardship_Review.md | HDR/04_OPERATOR/Stewardship/REC-0743_Annual_Stewardship_Review.md
rec-0750_rule_of_elegance.md,2,HDR/99_MIGRATION_ARCHIVE/13_PHASE_RECOVERY_ARCHIVE/Phase_06_to_07x/Constitution/REC-0750_Rule_of_Elegance.md | HDR/01_CONSTITUTION/Rule_Of_Elegance/REC-0750_Rule_of_Elegance.md
rec-0751_five_gates_feature_review.md,2,HDR/99_MIGRATION_ARCHIVE/13_PHASE_RECOVERY_ARCHIVE/Phase_06_to_07x/Constitution/REC-0751_Five_Gates_Feature_Review.md | HDR/01_CONSTITUTION/Rule_Of_Elegance/REC-0751_Five_Gates_Feature_Review.md
rec-0752_anti_feature_list.md,2,HDR/99_MIGRATION_ARCHIVE/13_PHASE_RECOVERY_ARCHIVE/Phase_06_to_07x/Constitution/REC-0752_Anti_Feature_List.md | HDR/01_CONSTITUTION/Rule_Of_Elegance/REC-0752_Anti_Feature_List.md
rec-0753_archive_of_removed_features.md,2,HDR/99_MIGRATION_ARCHIVE/13_PHASE_RECOVERY_ARCHIVE/Phase_06_to_07x/Legacy/REC-0753_Archive_of_Removed_Features.md | HDR/08_ARCHIVES/Legacy/REC-0753_Archive_of_Removed_Features.md
rec-0760_evolution_doctrine.md,2,HDR/99_MIGRATION_ARCHIVE/13_PHASE_RECOVERY_ARCHIVE/Phase_06_to_07x/Legacy/REC-0760_Evolution_Doctrine.md | HDR/08_ARCHIVES/Doctrine/REC-0760_Evolution_Doctrine.md
rec-0761_constitutional_amendments.md,2,HDR/99_MIGRATION_ARCHIVE/13_PHASE_RECOVERY_ARCHIVE/Phase_06_to_07x/Legacy/REC-0761_Constitutional_Amendments.md | HDR/01_CONSTITUTION/Principles/REC-0761_Constitutional_Amendments.md
rec-0762_foundational_cases.md,2,HDR/99_MIGRATION_ARCHIVE/13_PHASE_RECOVERY_ARCHIVE/Phase_06_to_07x/Legacy/REC-0762_Foundational_Cases.md | HDR/12_LEGACY/Long_Term/REC-0762_Foundational_Cases.md
rec-0763_wisdom_threshold.md,2,HDR/99_MIGRATION_ARCHIVE/13_PHASE_RECOVERY_ARCHIVE/Phase_06_to_07x/Legacy/REC-0763_Wisdom_Threshold.md | HDR/12_LEGACY/Long_Term/REC-0763_Wisdom_Threshold.md
rec-0770_hdr_repository_process.md,2,HDR/99_MIGRATION_ARCHIVE/13_PHASE_RECOVERY_ARCHIVE/Phase_06_to_07x/Engineering/REC-0770_HDR_Repository_Process.md | HDR/02_INSTITUTION/Departments/REC-0770_HDR_Repository_Process.md
rec-0771_recovery_to_normalization_workflow.md,2,HDR/99_MIGRATION_ARCHIVE/13_PHASE_RECOVERY_ARCHIVE/Phase_06_to_07x/Engineering/REC-0771_Recovery_To_Normalization_Workflow.md | HDR/02_INSTITUTION/Departments/REC-0771_Recovery_To_Normalization_Workflow.md
rec-0773_design_freeze_audit.md,2,HDR/99_MIGRATION_ARCHIVE/13_PHASE_RECOVERY_ARCHIVE/Phase_06_to_07x/Engineering/REC-0773_Design_Freeze_Audit.md | HDR/02_INSTITUTION/Departments/REC-0773_Design_Freeze_Audit.md
rec-0780_boot_sequence_identity_check.md,2,HDR/99_MIGRATION_ARCHIVE/13_PHASE_RECOVERY_ARCHIVE/Phase_06_to_07x/Interface/REC-0780_Boot_Sequence_Identity_Check.md | HDR/04_OPERATOR/Identity/REC-0780_Boot_Sequence_Identity_Check.md
rec-0781_shutdown_conclude_operations.md,2,HDR/99_MIGRATION_ARCHIVE/13_PHASE_RECOVERY_ARCHIVE/Phase_06_to_07x/Interface/REC-0781_Shutdown_Conclude_Operations.md | HDR/07_HQOS/Kernel/REC-0781_Shutdown_Conclude_Operations.md
rec-0782_security_checkpoint_login_replacement.md,2,HDR/99_MIGRATION_ARCHIVE/13_PHASE_RECOVERY_ARCHIVE/Phase_06_to_07x/Interface/REC-0782_Security_Checkpoint_Login_Replacement.md | HDR/09_INTERFACE/Screens/REC-0782_Security_Checkpoint_Login_Replacement.md
rec-0783_report_for_duty_command.md,2,HDR/99_MIGRATION_ARCHIVE/13_PHASE_RECOVERY_ARCHIVE/Phase_06_to_07x/Interface/REC-0783_Report_For_Duty_Command.md | HDR/09_INTERFACE/Screens/REC-0783_Report_For_Duty_Command.md
rec-0784_hydraulic_door_transition.md,2,HDR/99_MIGRATION_ARCHIVE/13_PHASE_RECOVERY_ARCHIVE/Phase_06_to_07x/Animation_Sound/REC-0784_Hydraulic_Door_Transition.md | HDR/03_BUILDING/Environmental_Systems/REC-0784_Hydraulic_Door_Transition.md
rec-0785_mechanical_archive_stamp.md,2,HDR/99_MIGRATION_ARCHIVE/13_PHASE_RECOVERY_ARCHIVE/Phase_06_to_07x/Animation_Sound/REC-0785_Mechanical_Archive_Stamp.md | HDR/08_ARCHIVES/Memory_Objects/REC-0785_Mechanical_Archive_Stamp.md
rec-0786_vault_lock_acoustic.md,2,HDR/99_MIGRATION_ARCHIVE/13_PHASE_RECOVERY_ARCHIVE/Phase_06_to_07x/Sound/REC-0786_Vault_Lock_Acoustic.md | HDR/03_BUILDING/Environmental_Systems/REC-0786_Vault_Lock_Acoustic.md
rec-0787_institutional_bell.md,2,HDR/99_MIGRATION_ARCHIVE/13_PHASE_RECOVERY_ARCHIVE/Phase_06_to_07x/Sound/REC-0787_Institutional_Bell.md | HDR/02_INSTITUTION/Departments/REC-0787_Institutional_Bell.md
rec-0788_radar_sweep_ambient.md,2,HDR/99_MIGRATION_ARCHIVE/13_PHASE_RECOVERY_ARCHIVE/Phase_06_to_07x/Sound_Motion/REC-0788_Radar_Sweep_Ambient.md | HDR/03_BUILDING/Environmental_Systems/REC-0788_Radar_Sweep_Ambient.md
rec-0789_building_breathing.md,2,HDR/99_MIGRATION_ARCHIVE/13_PHASE_RECOVERY_ARCHIVE/Phase_06_to_07x/Environmental/REC-0789_Building_Breathing.md | HDR/03_BUILDING/Environmental_Systems/REC-0789_Building_Breathing.md
rec-0790_operational_weather.md,2,HDR/99_MIGRATION_ARCHIVE/13_PHASE_RECOVERY_ARCHIVE/Phase_06_to_07x/Environmental/REC-0790_Operational_Weather.md | HDR/03_BUILDING/Environmental_Systems/REC-0790_Operational_Weather.md
rec-0791_seasonal_headquarters.md,2,HDR/99_MIGRATION_ARCHIVE/13_PHASE_RECOVERY_ARCHIVE/Phase_06_to_07x/Environmental/REC-0791_Seasonal_Headquarters.md | HDR/03_BUILDING/Environmental_Systems/REC-0791_Seasonal_Headquarters.md
rec-0792_campaign_flags_corridor.md,2,HDR/99_MIGRATION_ARCHIVE/13_PHASE_RECOVERY_ARCHIVE/Phase_06_to_07x/Building/REC-0792_Campaign_Flags_Corridor.md | HDR/03_BUILDING/Symbolic_Objects/REC-0792_Campaign_Flags_Corridor.md
rec-0793_twenty_year_wall.md,2,HDR/99_MIGRATION_ARCHIVE/13_PHASE_RECOVERY_ARCHIVE/Phase_06_to_07x/Legacy/REC-0793_Twenty_Year_Wall.md | HDR/12_LEGACY/Long_Term/REC-0793_Twenty_Year_Wall.md
rec-0794_founder_questions.md,2,HDR/99_MIGRATION_ARCHIVE/13_PHASE_RECOVERY_ARCHIVE/Phase_06_to_07x/Legacy/REC-0794_Founder_Questions.md | HDR/12_LEGACY/Founder/REC-0794_Founder_Questions.md
rec-0795_founders_journal.md,2,HDR/99_MIGRATION_ARCHIVE/13_PHASE_RECOVERY_ARCHIVE/Phase_06_to_07x/Legacy/REC-0795_Founders_Journal.md | HDR/12_LEGACY/Founder/REC-0795_Founders_Journal.md
rec-0796_engineering_oath.md,2,HDR/99_MIGRATION_ARCHIVE/13_PHASE_RECOVERY_ARCHIVE/Phase_06_to_07x/Engineering/REC-0796_Engineering_Oath.md | HDR/02_INSTITUTION/Departments/REC-0796_Engineering_Oath.md
rec-0797_pr_founder_review_template.md,2,HDR/99_MIGRATION_ARCHIVE/13_PHASE_RECOVERY_ARCHIVE/Phase_06_to_07x/Engineering/REC-0797_PR_Founder_Review_Template.md | HDR/02_INSTITUTION/Departments/REC-0797_PR_Founder_Review_Template.md
rec-0798_sqlite_archive_doctrine.md,2,HDR/99_MIGRATION_ARCHIVE/13_PHASE_RECOVERY_ARCHIVE/Phase_06_to_07x/Archives/REC-0798_SQLite_Archive_Doctrine.md | HDR/08_ARCHIVES/Doctrine/REC-0798_SQLite_Archive_Doctrine.md
rec-0799_broker_independence_principle.md,2,HDR/99_MIGRATION_ARCHIVE/13_PHASE_RECOVERY_ARCHIVE/Phase_06_to_07x/Engineering/REC-0799_Broker_Independence_Principle.md | HDR/01_CONSTITUTION/Principles/REC-0799_Broker_Independence_Principle.md
rec-0800_second_screen_philosophy.md,2,HDR/99_MIGRATION_ARCHIVE/13_PHASE_RECOVERY_ARCHIVE/Phase_06_to_07x/Interface/REC-0800_Second_Screen_Philosophy.md | HDR/09_INTERFACE/Screens/REC-0800_Second_Screen_Philosophy.md
rec-0801_tactical_overlay_future.md,2,HDR/99_MIGRATION_ARCHIVE/13_PHASE_RECOVERY_ARCHIVE/Phase_06_to_07x/Interface/REC-0801_Tactical_Overlay_Future.md | HDR/09_INTERFACE/Screens/REC-0801_Tactical_Overlay_Future.md
rec-0802_manual_mission_deploy_fallback.md,2,HDR/99_MIGRATION_ARCHIVE/13_PHASE_RECOVERY_ARCHIVE/Phase_06_to_07x/Operations/REC-0802_Manual_Mission_Deploy_Fallback.md | HDR/05_OPERATIONS/Mission_Lifecycle/REC-0802_Manual_Mission_Deploy_Fallback.md
rec-0803_simulation_without_broker.md,2,HDR/99_MIGRATION_ARCHIVE/13_PHASE_RECOVERY_ARCHIVE/Phase_06_to_07x/Academy/REC-0803_Simulation_Without_Broker.md | HDR/11_ACADEMY/Simulations/REC-0803_Simulation_Without_Broker.md
rec-0804_red_team_counterargument.md,2,HDR/99_MIGRATION_ARCHIVE/13_PHASE_RECOVERY_ARCHIVE/Phase_06_to_07x/Intelligence/REC-0804_Red_Team_Counterargument.md | HDR/06_INTELLIGENCE/Behavior_Analysis/REC-0804_Red_Team_Counterargument.md
rec-0805_blue_team_doctrine_qa.md,2,HDR/99_MIGRATION_ARCHIVE/13_PHASE_RECOVERY_ARCHIVE/Phase_06_to_07x/Intelligence/REC-0805_Blue_Team_Doctrine_QA.md | HDR/06_INTELLIGENCE/Behavior_Analysis/REC-0805_Blue_Team_Doctrine_QA.md
rec-0806_research_division_isolation.md,2,HDR/99_MIGRATION_ARCHIVE/13_PHASE_RECOVERY_ARCHIVE/Phase_06_to_07x/Academy/REC-0806_Research_Division_Isolation.md | HDR/11_ACADEMY/Training_Protocols/REC-0806_Research_Division_Isolation.md
rec-0807_doctrine_wars.md,2,HDR/99_MIGRATION_ARCHIVE/13_PHASE_RECOVERY_ARCHIVE/Phase_06_to_07x/Doctrine/REC-0807_Doctrine_Wars.md | HDR/08_ARCHIVES/Doctrine/REC-0807_Doctrine_Wars.md
rec-0808_myth_library.md,2,HDR/99_MIGRATION_ARCHIVE/13_PHASE_RECOVERY_ARCHIVE/Phase_06_to_07x/Doctrine/REC-0808_Myth_Library.md | HDR/08_ARCHIVES/Doctrine/REC-0808_Myth_Library.md
rec-0809_doctrine_cemetery.md,2,HDR/99_MIGRATION_ARCHIVE/13_PHASE_RECOVERY_ARCHIVE/Phase_06_to_07x/Doctrine/REC-0809_Doctrine_Cemetery.md | HDR/08_ARCHIVES/Doctrine/REC-0809_Doctrine_Cemetery.md
rec-0810_doctrine_printer.md,2,HDR/99_MIGRATION_ARCHIVE/13_PHASE_RECOVERY_ARCHIVE/Phase_06_to_07x/Environmental_Doctrine/REC-0810_Doctrine_Printer.md | HDR/03_BUILDING/Environmental_Systems/REC-0810_Doctrine_Printer.md
